--------------------------RAW---------------------
b = 2;def hi() {a = 2 * 2;a = 2 * 2;}hi();
--------------------------------------------------- 
---------NEW LINE---------
[ b , EQUALS , 2 ]
-------------------- 
---------NEW LINE---------
[ DEF , hi , ( , ) , { , a , EQUALS , 2 , MULT , 2 , ; , a , EQUALS , 2 , MULT , 2 , ; , } ]
-------------------- 
{ a EQUALS 2 MULT 2 ; a EQUALS 2 MULT 2 ; } SAVING in NAMES:3 
[HEADER] DEF hi
[Content][ { , a , EQUALS , 2 , MULT , 2 , ; , a , EQUALS , 2 , MULT , 2 , ; , } ]
 
---------NEW LINE---------
[ hi , ( , ) ]
-------------------- 
---------------------Complete Wordlist[BYTEFORMAT]------
[[1879048193, 1577058304, 2130706432], [67108864, 3], [1879048195, 1140850688, 1157627904]]
---------------------------------------------- 
-------METHODES----------
[NOT AWAILABLE YET]
----------------------------- 
-------Buffer----------
[2, 2, 2, 2, 2]
----------------------------- 
-------cBUFFER---------
[0, 98, 0, 104, 105, 0, 97, 0]
-------------------------- 
--------[EXEC CODE]:
[ b , EQUALS , 2 ]
-------------- 


--------------------------[NEW ITERATION]
[ b , EQUALS , 2 ] 

[DOING] OPERator at INDEX: 1 <<PRIORITY>> 2 

[TRYING SETTING] [ b ] WITH [ 2 ] 


--------------------------[NEW ITERATION]
[ b ] 

[DOING] OPERator at INDEX: -1 <<PRIORITY>> 100 
[ b ] 
1 [3] 
false 


--------------------------[NEW ITERATION]
[ 2 ] 

[DOING] OPERator at INDEX: -1 <<PRIORITY>> 100 
[ 2 ] 
0 [3] 
false 
[STORING] id 0 name [ b ] with TOKEN 1111111000000000000000000000000 ON 1 value [ 2 ] 

-------Buffer----------
[2, 2, 2, 2, 2]
----------------------------- 
-------cBUFFER---------
[0, 98, 0, 104, 105, 0, 97, 0]
-------------------------- 
[RETURN VALUE] [ 2 ] 
--------[EXEC CODE]:
[ DEF , [NOT AWAILABLE YET] ]
-------------- 


--------------------------[NEW ITERATION]
[ DEF , [NOT AWAILABLE YET] ] 
[NOT EXEC: 4[NOT AWAILABLE YET]:3] 
[RETURN VALUE] [  ] 
--------[EXEC CODE]:
[ hi , ( , ) ]
-------------- 


--------------------------[NEW ITERATION]
[ hi , ( , ) ] 

[DOING] OPERator at INDEX: -1 <<PRIORITY>> 100 
[ hi , ( , ) ] 
3 [3] 
true 
[EXECUTING  METHODE<<hi>>]
 
[ a , EQUALS , 2 , MULT , 2 , ; , a , EQUALS , 2 , MULT , 2 , ; ]---------NEW LINE---------
[ a , EQUALS , 2 , MULT , 2 ]
-------------------- 
---------NEW LINE---------
[ a , EQUALS , 2 , MULT , 2 ]
-------------------- 
--------[EXEC CODE]:
[ a , EQUALS , 2 , MULT , 2 ]
-------------- 


--------------------------[NEW ITERATION]
[ a , EQUALS , 2 , MULT , 2 ] 

[DOING] OPERator at INDEX: 1 <<PRIORITY>> 2 

[TRYING SETTING] [ a ] WITH [ 2 , MULT , 2 ] 


--------------------------[NEW ITERATION]
[ a ] 

[DOING] OPERator at INDEX: -1 <<PRIORITY>> 100 
[ a ] 
6 [3] 
false 


--------------------------[NEW ITERATION]
[ 2 , MULT , 2 ] 

[DOING] OPERator at INDEX: 1 <<PRIORITY>> 14 
 
[TRYING MULTIPLICATE] [ 2 ] WITH [ 2 ] 


--------------------------[NEW ITERATION]
[ 2 ] 

[DOING] OPERator at INDEX: -1 <<PRIORITY>> 100 
[ 2 ] 
1 [3] 
false 


--------------------------[NEW ITERATION]
[ 2 ] 

[DOING] OPERator at INDEX: -1 <<PRIORITY>> 100 
[ 2 ] 
2 [3] 
false 
[OPERATION Mult] 
4 
[STORING] id 5 name [ a ] with TOKEN 1111111000000000000000000000101 ON 6 value [ 4 ] 

-------Buffer----------
[2, 2, 2, 2, 2, 4]
----------------------------- 
-------cBUFFER---------
[0, 98, 0, 104, 105, 0, 97, 0]
-------------------------- 
[RETURN VALUE] [ 4 ] 
--------[EXEC CODE]:
[ a , EQUALS , 2 , MULT , 2 ]
-------------- 


--------------------------[NEW ITERATION]
[ a , EQUALS , 2 , MULT , 2 ] 

[DOING] OPERator at INDEX: 1 <<PRIORITY>> 2 

[TRYING SETTING] [ a ] WITH [ 2 , MULT , 2 ] 


--------------------------[NEW ITERATION]
[ a ] 

[DOING] OPERator at INDEX: -1 <<PRIORITY>> 100 
[ a ] 
6 [3] 
false 


--------------------------[NEW ITERATION]
[ 2 , MULT , 2 ] 

[DOING] OPERator at INDEX: 1 <<PRIORITY>> 14 
 
[TRYING MULTIPLICATE] [ 2 ] WITH [ 2 ] 


--------------------------[NEW ITERATION]
[ 2 ] 

[DOING] OPERator at INDEX: -1 <<PRIORITY>> 100 
[ 2 ] 
3 [3] 
true 
[EXECUTING  METHODE<<2>>]
 
[ a , EQUALS , 2 , MULT , 2 , ; , a , EQUALS , 2 , MULT , 2 , ; ]---------NEW LINE---------
[ a , EQUALS , 2 , MULT , 2 ]
-------------------- 
---------NEW LINE---------
[ a , EQUALS , 2 , MULT , 2 ]
-------------------- 
--------[EXEC CODE]:
[ a , EQUALS , 2 , MULT , 2 ]
-------------- 


--------------------------[NEW ITERATION]
[ a , EQUALS , 2 , MULT , 2 ] 

[DOING] OPERator at INDEX: 1 <<PRIORITY>> 2 

[TRYING SETTING] [ a ] WITH [ 2 , MULT , 2 ] 


--------------------------[NEW ITERATION]
[ a ] 

[DOING] OPERator at INDEX: -1 <<PRIORITY>> 100 
[ a ] 
6 [3] 
false 


--------------------------[NEW ITERATION]
[ 2 , MULT , 2 ] 

[DOING] OPERator at INDEX: 1 <<PRIORITY>> 14 
 
[TRYING MULTIPLICATE] [ 2 ] WITH [ 2 ] 


--------------------------[NEW ITERATION]
[ 2 ] 

[DOING] OPERator at INDEX: -1 <<PRIORITY>> 100 
[ 2 ] 
1 [3] 
false 


--------------------------[NEW ITERATION]
[ 2 ] 

[DOING] OPERator at INDEX: -1 <<PRIORITY>> 100 
[ 2 ] 
2 [3] 
false 
[OPERATION Mult] 
4 
[STORING] id 6 name [ a ] with TOKEN 1111111000000000000000000000110 ON 6 value [ 4 ] 

-------Buffer----------
[2, 2, 2, 2, 2, 4, 4]
----------------------------- 
-------cBUFFER---------
[0, 98, 0, 104, 105, 0, 97, 0]
-------------------------- 
[RETURN VALUE] [ 4 ] 
--------[EXEC CODE]:
[ a , EQUALS , 2 , MULT , 2 ]
-------------- 


--------------------------[NEW ITERATION]
[ a , EQUALS , 2 , MULT , 2 ] 

[DOING] OPERator at INDEX: 1 <<PRIORITY>> 2 

[TRYING SETTING] [ a ] WITH [ 2 , MULT , 2 ] 


--------------------------[NEW ITERATION]
[ a ] 

[DOING] OPERator at INDEX: -1 <<PRIORITY>> 100 
[ a ] 
6 [3] 
false 


--------------------------[NEW ITERATION]
[ 2 , MULT , 2 ] 

[DOING] OPERator at INDEX: 1 <<PRIORITY>> 14 
 
[TRYING MULTIPLICATE] [ 2 ] WITH [ 2 ] 


--------------------------[NEW ITERATION]
[ 2 ] 

[DOING] OPERator at INDEX: -1 <<PRIORITY>> 100 
[ 2 ] 
3 [3] 
true 
[EXECUTING  METHODE<<2>>]
 
[ a , EQUALS , 2 , MULT , 2 , ; , a , EQUALS , 2 , MULT , 2 , ; ]---------NEW LINE---------
[ a , EQUALS , 2 , MULT , 2 ]
-------------------- 
---------NEW LINE---------
[ a , EQUALS , 2 , MULT , 2 ]
-------------------- 
--------[EXEC CODE]:
[ a , EQUALS , 2 , MULT , 2 ]
-------------- 


--------------------------[NEW ITERATION]
[ a , EQUALS , 2 , MULT , 2 ] 

[DOING] OPERator at INDEX: 1 <<PRIORITY>> 2 

[TRYING SETTING] [ a ] WITH [ 2 , MULT , 2 ] 


--------------------------[NEW ITERATION]
[ a ] 

[DOING] OPERator at INDEX: -1 <<PRIORITY>> 100 
[ a ] 
6 [3] 
false 


--------------------------[NEW ITERATION]
[ 2 , MULT , 2 ] 

[DOING] OPERator at INDEX: 1 <<PRIORITY>> 14 
 
[TRYING MULTIPLICATE] [ 2 ] WITH [ 2 ] 


--------------------------[NEW ITERATION]
[ 2 ] 

[DOING] OPERator at INDEX: -1 <<PRIORITY>> 100 
[ 2 ] 
1 [3] 
false 


--------------------------[NEW ITERATION]
[ 2 ] 

[DOING] OPERator at INDEX: -1 <<PRIORITY>> 100 
[ 2 ] 
2 [3] 
false 
[OPERATION Mult] 
4 
[STORING] id 7 name [ a ] with TOKEN 1111111000000000000000000000111 ON 6 value [ 4 ] 

-------Buffer----------
[2, 2, 2, 2, 2, 4, 4, 4]
----------------------------- 
-------cBUFFER---------
[0, 98, 0, 104, 105, 0, 97, 0]
-------------------------- 
[RETURN VALUE] [ 4 ] 
--------[EXEC CODE]:
[ a , EQUALS , 2 , MULT , 2 ]
-------------- 


--------------------------[NEW ITERATION]
[ a , EQUALS , 2 , MULT , 2 ] 

[DOING] OPERator at INDEX: 1 <<PRIORITY>> 2 

[TRYING SETTING] [ a ] WITH [ 2 , MULT , 2 ] 


--------------------------[NEW ITERATION]
[ a ] 

[DOING] OPERator at INDEX: -1 <<PRIORITY>> 100 
[ a ] 
6 [3] 
false 


--------------------------[NEW ITERATION]
[ 2 , MULT , 2 ] 

[DOING] OPERator at INDEX: 1 <<PRIORITY>> 14 
 
[TRYING MULTIPLICATE] [ 2 ] WITH [ 2 ] 


--------------------------[NEW ITERATION]
[ 2 ] 

[DOING] OPERator at INDEX: -1 <<PRIORITY>> 100 
[ 2 ] 
3 [3] 
true 
[EXECUTING  METHODE<<2>>]
 
[ a , EQUALS , 2 , MULT , 2 , ; , a , EQUALS , 2 , MULT , 2 , ; ]---------NEW LINE---------
[ a , EQUALS , 2 , MULT , 2 ]
-------------------- 
---------NEW LINE---------
[ a , EQUALS , 2 , MULT , 2 ]
-------------------- 
--------[EXEC CODE]:
[ a , EQUALS , 2 , MULT , 2 ]
-------------- 


--------------------------[NEW ITERATION]
[ a , EQUALS , 2 , MULT , 2 ] 

[DOING] OPERator at INDEX: 1 <<PRIORITY>> 2 

[TRYING SETTING] [ a ] WITH [ 2 , MULT , 2 ] 


--------------------------[NEW ITERATION]
[ a ] 

[DOING] OPERator at INDEX: -1 <<PRIORITY>> 100 
[ a ] 
6 [3] 
false 


--------------------------[NEW ITERATION]
[ 2 , MULT , 2 ] 

[DOING] OPERator at INDEX: 1 <<PRIORITY>> 14 
 
[TRYING MULTIPLICATE] [ 2 ] WITH [ 2 ] 


--------------------------[NEW ITERATION]
[ 2 ] 

[DOING] OPERator at INDEX: -1 <<PRIORITY>> 100 
[ 2 ] 
1 [3] 
false 


--------------------------[NEW ITERATION]
[ 2 ] 

[DOING] OPERator at INDEX: -1 <<PRIORITY>> 100 
[ 2 ] 
2 [3] 
false 
[OPERATION Mult] 
4 
[STORING] id 8 name [ a ] with TOKEN 1111111000000000000000000001000 ON 6 value [ 4 ] 

-------Buffer----------
[2, 2, 2, 2, 2, 4, 4, 4, 4]
----------------------------- 
-------cBUFFER---------
[0, 98, 0, 104, 105, 0, 97, 0]
-------------------------- 
[RETURN VALUE] [ 4 ] 
--------[EXEC CODE]:
[ a , EQUALS , 2 , MULT , 2 ]
-------------- 


--------------------------[NEW ITERATION]
[ a , EQUALS , 2 , MULT , 2 ] 

[DOING] OPERator at INDEX: 1 <<PRIORITY>> 2 

[TRYING SETTING] [ a ] WITH [ 2 , MULT , 2 ] 


--------------------------[NEW ITERATION]
[ a ] 

[DOING] OPERator at INDEX: -1 <<PRIORITY>> 100 
[ a ] 
6 [3] 
false 


--------------------------[NEW ITERATION]
[ 2 , MULT , 2 ] 

[DOING] OPERator at INDEX: 1 <<PRIORITY>> 14 
 
[TRYING MULTIPLICATE] [ 2 ] WITH [ 2 ] 


--------------------------[NEW ITERATION]
[ 2 ] 

[DOING] OPERator at INDEX: -1 <<PRIORITY>> 100 
[ 2 ] 
3 [3] 
true 
[EXECUTING  METHODE<<2>>]
 
[ a , EQUALS , 2 , MULT , 2 , ; , a , EQUALS , 2 , MULT , 2 , ; ]---------NEW LINE---------
[ a , EQUALS , 2 , MULT , 2 ]
-------------------- 
---------NEW LINE---------
[ a , EQUALS , 2 , MULT , 2 ]
-------------------- 
--------[EXEC CODE]:
[ a , EQUALS , 2 , MULT , 2 ]
-------------- 


--------------------------[NEW ITERATION]
[ a , EQUALS , 2 , MULT , 2 ] 

[DOING] OPERator at INDEX: 1 <<PRIORITY>> 2 

[TRYING SETTING] [ a ] WITH [ 2 , MULT , 2 ] 


--------------------------[NEW ITERATION]
[ a ] 

[DOING] OPERator at INDEX: -1 <<PRIORITY>> 100 
[ a ] 
6 [3] 
false 


--------------------------[NEW ITERATION]
[ 2 , MULT , 2 ] 

[DOING] OPERator at INDEX: 1 <<PRIORITY>> 14 
 
[TRYING MULTIPLICATE] [ 2 ] WITH [ 2 ] 


--------------------------[NEW ITERATION]
[ 2 ] 

[DOING] OPERator at INDEX: -1 <<PRIORITY>> 100 
[ 2 ] 
1 [3] 
false 


--------------------------[NEW ITERATION]
[ 2 ] 

[DOING] OPERator at INDEX: -1 <<PRIORITY>> 100 
[ 2 ] 
2 [3] 
false 
[OPERATION Mult] 
4 
[STORING] id 9 name [ a ] with TOKEN 1111111000000000000000000001001 ON 6 value [ 4 ] 

-------Buffer----------
[2, 2, 2, 2, 2, 4, 4, 4, 4, 4]
----------------------------- 
-------cBUFFER---------
[0, 98, 0, 104, 105, 0, 97, 0]
-------------------------- 
[RETURN VALUE] [ 4 ] 
--------[EXEC CODE]:
[ a , EQUALS , 2 , MULT , 2 ]
-------------- 


--------------------------[NEW ITERATION]
[ a , EQUALS , 2 , MULT , 2 ] 

[DOING] OPERator at INDEX: 1 <<PRIORITY>> 2 

[TRYING SETTING] [ a ] WITH [ 2 , MULT , 2 ] 


--------------------------[NEW ITERATION]
[ a ] 

[DOING] OPERator at INDEX: -1 <<PRIORITY>> 100 
[ a ] 
6 [3] 
false 


--------------------------[NEW ITERATION]
[ 2 , MULT , 2 ] 

[DOING] OPERator at INDEX: 1 <<PRIORITY>> 14 
 
[TRYING MULTIPLICATE] [ 2 ] WITH [ 2 ] 


--------------------------[NEW ITERATION]
[ 2 ] 

[DOING] OPERator at INDEX: -1 <<PRIORITY>> 100 
[ 2 ] 
3 [3] 
true 
[EXECUTING  METHODE<<2>>]
 
[ a , EQUALS , 2 , MULT , 2 , ; , a , EQUALS , 2 , MULT , 2 , ; ]---------NEW LINE---------
[ a , EQUALS , 2 , MULT , 2 ]
-------------------- 
---------NEW LINE---------
[ a , EQUALS , 2 , MULT , 2 ]
-------------------- 
--------[EXEC CODE]:
[ a , EQUALS , 2 , MULT , 2 ]
-------------- 


--------------------------[NEW ITERATION]
[ a , EQUALS , 2 , MULT , 2 ] 

[DOING] OPERator at INDEX: 1 <<PRIORITY>> 2 

[TRYING SETTING] [ a ] WITH [ 2 , MULT , 2 ] 


--------------------------[NEW ITERATION]
[ a ] 

[DOING] OPERator at INDEX: -1 <<PRIORITY>> 100 
[ a ] 
6 [3] 
false 


--------------------------[NEW ITERATION]
[ 2 , MULT , 2 ] 

[DOING] OPERator at INDEX: 1 <<PRIORITY>> 14 
 
[TRYING MULTIPLICATE] [ 2 ] WITH [ 2 ] 


--------------------------[NEW ITERATION]
[ 2 ] 

[DOING] OPERator at INDEX: -1 <<PRIORITY>> 100 
[ 2 ] 
1 [3] 
false 


--------------------------[NEW ITERATION]
[ 2 ] 

[DOING] OPERator at INDEX: -1 <<PRIORITY>> 100 
[ 2 ] 
2 [3] 
false 
[OPERATION Mult] 
4 
[STORING] id 10 name [ a ] with TOKEN 1111111000000000000000000001010 ON 6 value [ 4 ] 

-------Buffer----------
[2, 2, 2, 2, 2, 4, 4, 4, 4, 4, 4]
----------------------------- 
-------cBUFFER---------
[0, 98, 0, 104, 105, 0, 97, 0]
-------------------------- 
[RETURN VALUE] [ 4 ] 
--------[EXEC CODE]:
[ a , EQUALS , 2 , MULT , 2 ]
-------------- 


--------------------------[NEW ITERATION]
[ a , EQUALS , 2 , MULT , 2 ] 

[DOING] OPERator at INDEX: 1 <<PRIORITY>> 2 

[TRYING SETTING] [ a ] WITH [ 2 , MULT , 2 ] 


--------------------------[NEW ITERATION]
[ a ] 

[DOING] OPERator at INDEX: -1 <<PRIORITY>> 100 
[ a ] 
6 [3] 
false 


--------------------------[NEW ITERATION]
[ 2 , MULT , 2 ] 

[DOING] OPERator at INDEX: 1 <<PRIORITY>> 14 
 
[TRYING MULTIPLICATE] [ 2 ] WITH [ 2 ] 


--------------------------[NEW ITERATION]
[ 2 ] 

[DOING] OPERator at INDEX: -1 <<PRIORITY>> 100 
[ 2 ] 
3 [3] 
true 
[EXECUTING  METHODE<<2>>]
 
[ a , EQUALS , 2 , MULT , 2 , ; , a , EQUALS , 2 , MULT , 2 , ; ]---------NEW LINE---------
[ a , EQUALS , 2 , MULT , 2 ]
-------------------- 
---------NEW LINE---------
[ a , EQUALS , 2 , MULT , 2 ]
-------------------- 
--------[EXEC CODE]:
[ a , EQUALS , 2 , MULT , 2 ]
-------------- 


--------------------------[NEW ITERATION]
[ a , EQUALS , 2 , MULT , 2 ] 

[DOING] OPERator at INDEX: 1 <<PRIORITY>> 2 

[TRYING SETTING] [ a ] WITH [ 2 , MULT , 2 ] 


--------------------------[NEW ITERATION]
[ a ] 

[DOING] OPERator at INDEX: -1 <<PRIORITY>> 100 
[ a ] 
6 [3] 
false 


--------------------------[NEW ITERATION]
[ 2 , MULT , 2 ] 

[DOING] OPERator at INDEX: 1 <<PRIORITY>> 14 
 
[TRYING MULTIPLICATE] [ 2 ] WITH [ 2 ] 


--------------------------[NEW ITERATION]
[ 2 ] 

[DOING] OPERator at INDEX: -1 <<PRIORITY>> 100 
[ 2 ] 
1 [3] 
false 


--------------------------[NEW ITERATION]
[ 2 ] 

[DOING] OPERator at INDEX: -1 <<PRIORITY>> 100 
[ 2 ] 
2 [3] 
false 
[OPERATION Mult] 
4 
[STORING] id 11 name [ a ] with TOKEN 1111111000000000000000000001011 ON 6 value [ 4 ] 

-------Buffer----------
[2, 2, 2, 2, 2, 4, 4, 4, 4, 4, 4, 4]
----------------------------- 
-------cBUFFER---------
[0, 98, 0, 104, 105, 0, 97, 0]
-------------------------- 
[RETURN VALUE] [ 4 ] 
--------[EXEC CODE]:
[ a , EQUALS , 2 , MULT , 2 ]
-------------- 


--------------------------[NEW ITERATION]
[ a , EQUALS , 2 , MULT , 2 ] 

[DOING] OPERator at INDEX: 1 <<PRIORITY>> 2 

[TRYING SETTING] [ a ] WITH [ 2 , MULT , 2 ] 


--------------------------[NEW ITERATION]
[ a ] 

[DOING] OPERator at INDEX: -1 <<PRIORITY>> 100 
[ a ] 
6 [3] 
false 


--------------------------[NEW ITERATION]
[ 2 , MULT , 2 ] 

[DOING] OPERator at INDEX: 1 <<PRIORITY>> 14 
 
[TRYING MULTIPLICATE] [ 2 ] WITH [ 2 ] 


--------------------------[NEW ITERATION]
[ 2 ] 

[DOING] OPERator at INDEX: -1 <<PRIORITY>> 100 
[ 2 ] 
3 [3] 
true 
[EXECUTING  METHODE<<2>>]
 
[ a , EQUALS , 2 , MULT , 2 , ; , a , EQUALS , 2 , MULT , 2 , ; ]---------NEW LINE---------
[ a , EQUALS , 2 , MULT , 2 ]
-------------------- 
---------NEW LINE---------
[ a , EQUALS , 2 , MULT , 2 ]
-------------------- 
--------[EXEC CODE]:
[ a , EQUALS , 2 , MULT , 2 ]
-------------- 


--------------------------[NEW ITERATION]
[ a , EQUALS , 2 , MULT , 2 ] 

[DOING] OPERator at INDEX: 1 <<PRIORITY>> 2 

[TRYING SETTING] [ a ] WITH [ 2 , MULT , 2 ] 


--------------------------[NEW ITERATION]
[ a ] 

[DOING] OPERator at INDEX: -1 <<PRIORITY>> 100 
[ a ] 
6 [3] 
false 


--------------------------[NEW ITERATION]
[ 2 , MULT , 2 ] 

[DOING] OPERator at INDEX: 1 <<PRIORITY>> 14 
 
[TRYING MULTIPLICATE] [ 2 ] WITH [ 2 ] 


--------------------------[NEW ITERATION]
[ 2 ] 

[DOING] OPERator at INDEX: -1 <<PRIORITY>> 100 
[ 2 ] 
1 [3] 
false 


--------------------------[NEW ITERATION]
[ 2 ] 

[DOING] OPERator at INDEX: -1 <<PRIORITY>> 100 
[ 2 ] 
2 [3] 
false 
[OPERATION Mult] 
4 
[STORING] id 12 name [ a ] with TOKEN 1111111000000000000000000001100 ON 6 value [ 4 ] 

-------Buffer----------
[2, 2, 2, 2, 2, 4, 4, 4, 4, 4, 4, 4, 4]
----------------------------- 
-------cBUFFER---------
[0, 98, 0, 104, 105, 0, 97, 0]
-------------------------- 
[RETURN VALUE] [ 4 ] 
--------[EXEC CODE]:
[ a , EQUALS , 2 , MULT , 2 ]
-------------- 


--------------------------[NEW ITERATION]
[ a , EQUALS , 2 , MULT , 2 ] 

[DOING] OPERator at INDEX: 1 <<PRIORITY>> 2 

[TRYING SETTING] [ a ] WITH [ 2 , MULT , 2 ] 


--------------------------[NEW ITERATION]
[ a ] 

[DOING] OPERator at INDEX: -1 <<PRIORITY>> 100 
[ a ] 
6 [3] 
false 


--------------------------[NEW ITERATION]
[ 2 , MULT , 2 ] 

[DOING] OPERator at INDEX: 1 <<PRIORITY>> 14 
 
[TRYING MULTIPLICATE] [ 2 ] WITH [ 2 ] 


--------------------------[NEW ITERATION]
[ 2 ] 

[DOING] OPERator at INDEX: -1 <<PRIORITY>> 100 
[ 2 ] 
3 [3] 
true 
[EXECUTING  METHODE<<2>>]
 
[ a , EQUALS , 2 , MULT , 2 , ; , a , EQUALS , 2 , MULT , 2 , ; ]---------NEW LINE---------
[ a , EQUALS , 2 , MULT , 2 ]
-------------------- 
---------NEW LINE---------
[ a , EQUALS , 2 , MULT , 2 ]
-------------------- 
--------[EXEC CODE]:
[ a , EQUALS , 2 , MULT , 2 ]
-------------- 


--------------------------[NEW ITERATION]
[ a , EQUALS , 2 , MULT , 2 ] 

[DOING] OPERator at INDEX: 1 <<PRIORITY>> 2 

[TRYING SETTING] [ a ] WITH [ 2 , MULT , 2 ] 


--------------------------[NEW ITERATION]
[ a ] 

[DOING] OPERator at INDEX: -1 <<PRIORITY>> 100 
[ a ] 
6 [3] 
false 


--------------------------[NEW ITERATION]
[ 2 , MULT , 2 ] 

[DOING] OPERator at INDEX: 1 <<PRIORITY>> 14 
 
[TRYING MULTIPLICATE] [ 2 ] WITH [ 2 ] 


--------------------------[NEW ITERATION]
[ 2 ] 

[DOING] OPERator at INDEX: -1 <<PRIORITY>> 100 
[ 2 ] 
1 [3] 
false 


--------------------------[NEW ITERATION]
[ 2 ] 

[DOING] OPERator at INDEX: -1 <<PRIORITY>> 100 
[ 2 ] 
2 [3] 
false 
[OPERATION Mult] 
4 
[STORING] id 13 name [ a ] with TOKEN 1111111000000000000000000001101 ON 6 value [ 4 ] 

-------Buffer----------
[2, 2, 2, 2, 2, 4, 4, 4, 4, 4, 4, 4, 4, 4]
----------------------------- 
-------cBUFFER---------
[0, 98, 0, 104, 105, 0, 97, 0]
-------------------------- 
[RETURN VALUE] [ 4 ] 
--------[EXEC CODE]:
[ a , EQUALS , 2 , MULT , 2 ]
-------------- 


--------------------------[NEW ITERATION]
[ a , EQUALS , 2 , MULT , 2 ] 

[DOING] OPERator at INDEX: 1 <<PRIORITY>> 2 

[TRYING SETTING] [ a ] WITH [ 2 , MULT , 2 ] 


--------------------------[NEW ITERATION]
[ a ] 

[DOING] OPERator at INDEX: -1 <<PRIORITY>> 100 
[ a ] 
6 [3] 
false 


--------------------------[NEW ITERATION]
[ 2 , MULT , 2 ] 

[DOING] OPERator at INDEX: 1 <<PRIORITY>> 14 
 
[TRYING MULTIPLICATE] [ 2 ] WITH [ 2 ] 


--------------------------[NEW ITERATION]
[ 2 ] 

[DOING] OPERator at INDEX: -1 <<PRIORITY>> 100 
[ 2 ] 
3 [3] 
true 
[EXECUTING  METHODE<<2>>]
 
[ a , EQUALS , 2 , MULT , 2 , ; , a , EQUALS , 2 , MULT , 2 , ; ]---------NEW LINE---------
[ a , EQUALS , 2 , MULT , 2 ]
-------------------- 
---------NEW LINE---------
[ a , EQUALS , 2 , MULT , 2 ]
-------------------- 
--------[EXEC CODE]:
[ a , EQUALS , 2 , MULT , 2 ]
-------------- 


--------------------------[NEW ITERATION]
[ a , EQUALS , 2 , MULT , 2 ] 

[DOING] OPERator at INDEX: 1 <<PRIORITY>> 2 

[TRYING SETTING] [ a ] WITH [ 2 , MULT , 2 ] 


--------------------------[NEW ITERATION]
[ a ] 

[DOING] OPERator at INDEX: -1 <<PRIORITY>> 100 
[ a ] 
6 [3] 
false 


--------------------------[NEW ITERATION]
[ 2 , MULT , 2 ] 

[DOING] OPERator at INDEX: 1 <<PRIORITY>> 14 
 
[TRYING MULTIPLICATE] [ 2 ] WITH [ 2 ] 


--------------------------[NEW ITERATION]
[ 2 ] 

[DOING] OPERator at INDEX: -1 <<PRIORITY>> 100 
[ 2 ] 
1 [3] 
false 


--------------------------[NEW ITERATION]
[ 2 ] 

[DOING] OPERator at INDEX: -1 <<PRIORITY>> 100 
[ 2 ] 
2 [3] 
false 
[OPERATION Mult] 
4 
[STORING] id 14 name [ a ] with TOKEN 1111111000000000000000000001110 ON 6 value [ 4 ] 

-------Buffer----------
[2, 2, 2, 2, 2, 4, 4, 4, 4, 4, 4, 4, 4, 4, 4]
----------------------------- 
-------cBUFFER---------
[0, 98, 0, 104, 105, 0, 97, 0]
-------------------------- 
[RETURN VALUE] [ 4 ] 
--------[EXEC CODE]:
[ a , EQUALS , 2 , MULT , 2 ]
-------------- 


--------------------------[NEW ITERATION]
[ a , EQUALS , 2 , MULT , 2 ] 

[DOING] OPERator at INDEX: 1 <<PRIORITY>> 2 

[TRYING SETTING] [ a ] WITH [ 2 , MULT , 2 ] 


--------------------------[NEW ITERATION]
[ a ] 

[DOING] OPERator at INDEX: -1 <<PRIORITY>> 100 
[ a ] 
6 [3] 
false 


--------------------------[NEW ITERATION]
[ 2 , MULT , 2 ] 

[DOING] OPERator at INDEX: 1 <<PRIORITY>> 14 
 
[TRYING MULTIPLICATE] [ 2 ] WITH [ 2 ] 


--------------------------[NEW ITERATION]
[ 2 ] 

[DOING] OPERator at INDEX: -1 <<PRIORITY>> 100 
[ 2 ] 
3 [3] 
true 
[EXECUTING  METHODE<<2>>]
 
[ a , EQUALS , 2 , MULT , 2 , ; , a , EQUALS , 2 , MULT , 2 , ; ]---------NEW LINE---------
[ a , EQUALS , 2 , MULT , 2 ]
-------------------- 
---------NEW LINE---------
[ a , EQUALS , 2 , MULT , 2 ]
-------------------- 
--------[EXEC CODE]:
[ a , EQUALS , 2 , MULT , 2 ]
-------------- 


--------------------------[NEW ITERATION]
[ a , EQUALS , 2 , MULT , 2 ] 

[DOING] OPERator at INDEX: 1 <<PRIORITY>> 2 

[TRYING SETTING] [ a ] WITH [ 2 , MULT , 2 ] 


--------------------------[NEW ITERATION]
[ a ] 

[DOING] OPERator at INDEX: -1 <<PRIORITY>> 100 
[ a ] 
6 [3] 
false 


--------------------------[NEW ITERATION]
[ 2 , MULT , 2 ] 

[DOING] OPERator at INDEX: 1 <<PRIORITY>> 14 
 
[TRYING MULTIPLICATE] [ 2 ] WITH [ 2 ] 


--------------------------[NEW ITERATION]
[ 2 ] 

[DOING] OPERator at INDEX: -1 <<PRIORITY>> 100 
[ 2 ] 
1 [3] 
false 


--------------------------[NEW ITERATION]
[ 2 ] 

[DOING] OPERator at INDEX: -1 <<PRIORITY>> 100 
[ 2 ] 
2 [3] 
false 
[OPERATION Mult] 
4 
[STORING] id 15 name [ a ] with TOKEN 1111111000000000000000000001111 ON 6 value [ 4 ] 

-------Buffer----------
[2, 2, 2, 2, 2, 4, 4, 4, 4, 4, 4, 4, 4, 4, 4, 4]
----------------------------- 
-------cBUFFER---------
[0, 98, 0, 104, 105, 0, 97, 0]
-------------------------- 
[RETURN VALUE] [ 4 ] 
--------[EXEC CODE]:
[ a , EQUALS , 2 , MULT , 2 ]
-------------- 


--------------------------[NEW ITERATION]
[ a , EQUALS , 2 , MULT , 2 ] 

[DOING] OPERator at INDEX: 1 <<PRIORITY>> 2 

[TRYING SETTING] [ a ] WITH [ 2 , MULT , 2 ] 


--------------------------[NEW ITERATION]
[ a ] 

[DOING] OPERator at INDEX: -1 <<PRIORITY>> 100 
[ a ] 
6 [3] 
false 


--------------------------[NEW ITERATION]
[ 2 , MULT , 2 ] 

[DOING] OPERator at INDEX: 1 <<PRIORITY>> 14 
 
[TRYING MULTIPLICATE] [ 2 ] WITH [ 2 ] 


--------------------------[NEW ITERATION]
[ 2 ] 

[DOING] OPERator at INDEX: -1 <<PRIORITY>> 100 
[ 2 ] 
3 [3] 
true 
[EXECUTING  METHODE<<2>>]
 
[ a , EQUALS , 2 , MULT , 2 , ; , a , EQUALS , 2 , MULT , 2 , ; ]---------NEW LINE---------
[ a , EQUALS , 2 , MULT , 2 ]
-------------------- 
---------NEW LINE---------
[ a , EQUALS , 2 , MULT , 2 ]
-------------------- 
--------[EXEC CODE]:
[ a , EQUALS , 2 , MULT , 2 ]
-------------- 


--------------------------[NEW ITERATION]
[ a , EQUALS , 2 , MULT , 2 ] 

[DOING] OPERator at INDEX: 1 <<PRIORITY>> 2 

[TRYING SETTING] [ a ] WITH [ 2 , MULT , 2 ] 


--------------------------[NEW ITERATION]
[ a ] 

[DOING] OPERator at INDEX: -1 <<PRIORITY>> 100 
[ a ] 
6 [3] 
false 


--------------------------[NEW ITERATION]
[ 2 , MULT , 2 ] 

[DOING] OPERator at INDEX: 1 <<PRIORITY>> 14 
 
[TRYING MULTIPLICATE] [ 2 ] WITH [ 2 ] 


--------------------------[NEW ITERATION]
[ 2 ] 

[DOING] OPERator at INDEX: -1 <<PRIORITY>> 100 
[ 2 ] 
1 [3] 
false 


--------------------------[NEW ITERATION]
[ 2 ] 

[DOING] OPERator at INDEX: -1 <<PRIORITY>> 100 
[ 2 ] 
2 [3] 
false 
[OPERATION Mult] 
4 
[STORING] id 16 name [ a ] with TOKEN 1111111000000000000000000010000 ON 6 value [ 4 ] 

-------Buffer----------
[2, 2, 2, 2, 2, 4, 4, 4, 4, 4, 4, 4, 4, 4, 4, 4, 4]
----------------------------- 
-------cBUFFER---------
[0, 98, 0, 104, 105, 0, 97, 0]
-------------------------- 
[RETURN VALUE] [ 4 ] 
--------[EXEC CODE]:
[ a , EQUALS , 2 , MULT , 2 ]
-------------- 


--------------------------[NEW ITERATION]
[ a , EQUALS , 2 , MULT , 2 ] 

[DOING] OPERator at INDEX: 1 <<PRIORITY>> 2 

[TRYING SETTING] [ a ] WITH [ 2 , MULT , 2 ] 


--------------------------[NEW ITERATION]
[ a ] 

[DOING] OPERator at INDEX: -1 <<PRIORITY>> 100 
[ a ] 
6 [3] 
false 


--------------------------[NEW ITERATION]
[ 2 , MULT , 2 ] 

[DOING] OPERator at INDEX: 1 <<PRIORITY>> 14 
 
[TRYING MULTIPLICATE] [ 2 ] WITH [ 2 ] 


--------------------------[NEW ITERATION]
[ 2 ] 

[DOING] OPERator at INDEX: -1 <<PRIORITY>> 100 
[ 2 ] 
3 [3] 
true 
[EXECUTING  METHODE<<2>>]
 
[ a , EQUALS , 2 , MULT , 2 , ; , a , EQUALS , 2 , MULT , 2 , ; ]---------NEW LINE---------
[ a , EQUALS , 2 , MULT , 2 ]
-------------------- 
---------NEW LINE---------
[ a , EQUALS , 2 , MULT , 2 ]
-------------------- 
--------[EXEC CODE]:
[ a , EQUALS , 2 , MULT , 2 ]
-------------- 


--------------------------[NEW ITERATION]
[ a , EQUALS , 2 , MULT , 2 ] 

[DOING] OPERator at INDEX: 1 <<PRIORITY>> 2 

[TRYING SETTING] [ a ] WITH [ 2 , MULT , 2 ] 


--------------------------[NEW ITERATION]
[ a ] 

[DOING] OPERator at INDEX: -1 <<PRIORITY>> 100 
[ a ] 
6 [3] 
false 


--------------------------[NEW ITERATION]
[ 2 , MULT , 2 ] 

[DOING] OPERator at INDEX: 1 <<PRIORITY>> 14 
 
[TRYING MULTIPLICATE] [ 2 ] WITH [ 2 ] 


--------------------------[NEW ITERATION]
[ 2 ] 

[DOING] OPERator at INDEX: -1 <<PRIORITY>> 100 
[ 2 ] 
1 [3] 
false 


--------------------------[NEW ITERATION]
[ 2 ] 

[DOING] OPERator at INDEX: -1 <<PRIORITY>> 100 
[ 2 ] 
2 [3] 
false 
[OPERATION Mult] 
4 
[STORING] id 17 name [ a ] with TOKEN 1111111000000000000000000010001 ON 6 value [ 4 ] 

-------Buffer----------
[2, 2, 2, 2, 2, 4, 4, 4, 4, 4, 4, 4, 4, 4, 4, 4, 4, 4]
----------------------------- 
-------cBUFFER---------
[0, 98, 0, 104, 105, 0, 97, 0]
-------------------------- 
[RETURN VALUE] [ 4 ] 
--------[EXEC CODE]:
[ a , EQUALS , 2 , MULT , 2 ]
-------------- 


--------------------------[NEW ITERATION]
[ a , EQUALS , 2 , MULT , 2 ] 

[DOING] OPERator at INDEX: 1 <<PRIORITY>> 2 

[TRYING SETTING] [ a ] WITH [ 2 , MULT , 2 ] 


--------------------------[NEW ITERATION]
[ a ] 

[DOING] OPERator at INDEX: -1 <<PRIORITY>> 100 
[ a ] 
6 [3] 
false 


--------------------------[NEW ITERATION]
[ 2 , MULT , 2 ] 

[DOING] OPERator at INDEX: 1 <<PRIORITY>> 14 
 
[TRYING MULTIPLICATE] [ 2 ] WITH [ 2 ] 


--------------------------[NEW ITERATION]
[ 2 ] 

[DOING] OPERator at INDEX: -1 <<PRIORITY>> 100 
[ 2 ] 
3 [3] 
true 
[EXECUTING  METHODE<<2>>]
 
[ a , EQUALS , 2 , MULT , 2 , ; , a , EQUALS , 2 , MULT , 2 , ; ]---------NEW LINE---------
[ a , EQUALS , 2 , MULT , 2 ]
-------------------- 
---------NEW LINE---------
[ a , EQUALS , 2 , MULT , 2 ]
-------------------- 
--------[EXEC CODE]:
[ a , EQUALS , 2 , MULT , 2 ]
-------------- 


--------------------------[NEW ITERATION]
[ a , EQUALS , 2 , MULT , 2 ] 

[DOING] OPERator at INDEX: 1 <<PRIORITY>> 2 

[TRYING SETTING] [ a ] WITH [ 2 , MULT , 2 ] 


--------------------------[NEW ITERATION]
[ a ] 

[DOING] OPERator at INDEX: -1 <<PRIORITY>> 100 
[ a ] 
6 [3] 
false 


--------------------------[NEW ITERATION]
[ 2 , MULT , 2 ] 

[DOING] OPERator at INDEX: 1 <<PRIORITY>> 14 
 
[TRYING MULTIPLICATE] [ 2 ] WITH [ 2 ] 


--------------------------[NEW ITERATION]
[ 2 ] 

[DOING] OPERator at INDEX: -1 <<PRIORITY>> 100 
[ 2 ] 
1 [3] 
false 


--------------------------[NEW ITERATION]
[ 2 ] 

[DOING] OPERator at INDEX: -1 <<PRIORITY>> 100 
[ 2 ] 
2 [3] 
false 
[OPERATION Mult] 
4 
[STORING] id 18 name [ a ] with TOKEN 1111111000000000000000000010010 ON 6 value [ 4 ] 

-------Buffer----------
[2, 2, 2, 2, 2, 4, 4, 4, 4, 4, 4, 4, 4, 4, 4, 4, 4, 4, 4]
----------------------------- 
-------cBUFFER---------
[0, 98, 0, 104, 105, 0, 97, 0]
-------------------------- 
[RETURN VALUE] [ 4 ] 
--------[EXEC CODE]:
[ a , EQUALS , 2 , MULT , 2 ]
-------------- 


--------------------------[NEW ITERATION]
[ a , EQUALS , 2 , MULT , 2 ] 

[DOING] OPERator at INDEX: 1 <<PRIORITY>> 2 

[TRYING SETTING] [ a ] WITH [ 2 , MULT , 2 ] 


--------------------------[NEW ITERATION]
[ a ] 

[DOING] OPERator at INDEX: -1 <<PRIORITY>> 100 
[ a ] 
6 [3] 
false 


--------------------------[NEW ITERATION]
[ 2 , MULT , 2 ] 

[DOING] OPERator at INDEX: 1 <<PRIORITY>> 14 
 
[TRYING MULTIPLICATE] [ 2 ] WITH [ 2 ] 


--------------------------[NEW ITERATION]
[ 2 ] 

[DOING] OPERator at INDEX: -1 <<PRIORITY>> 100 
[ 2 ] 
3 [3] 
true 
[EXECUTING  METHODE<<2>>]
 
[ a , EQUALS , 2 , MULT , 2 , ; , a , EQUALS , 2 , MULT , 2 , ; ]---------NEW LINE---------
[ a , EQUALS , 2 , MULT , 2 ]
-------------------- 
---------NEW LINE---------
[ a , EQUALS , 2 , MULT , 2 ]
-------------------- 
--------[EXEC CODE]:
[ a , EQUALS , 2 , MULT , 2 ]
-------------- 


--------------------------[NEW ITERATION]
[ a , EQUALS , 2 , MULT , 2 ] 

[DOING] OPERator at INDEX: 1 <<PRIORITY>> 2 

[TRYING SETTING] [ a ] WITH [ 2 , MULT , 2 ] 


--------------------------[NEW ITERATION]
[ a ] 

[DOING] OPERator at INDEX: -1 <<PRIORITY>> 100 
[ a ] 
6 [3] 
false 


--------------------------[NEW ITERATION]
[ 2 , MULT , 2 ] 

[DOING] OPERator at INDEX: 1 <<PRIORITY>> 14 
 
[TRYING MULTIPLICATE] [ 2 ] WITH [ 2 ] 


--------------------------[NEW ITERATION]
[ 2 ] 

[DOING] OPERator at INDEX: -1 <<PRIORITY>> 100 
[ 2 ] 
1 [3] 
false 


--------------------------[NEW ITERATION]
[ 2 ] 

[DOING] OPERator at INDEX: -1 <<PRIORITY>> 100 
[ 2 ] 
2 [3] 
false 
[OPERATION Mult] 
4 
[STORING] id 19 name [ a ] with TOKEN 1111111000000000000000000010011 ON 6 value [ 4 ] 

-------Buffer----------
[2, 2, 2, 2, 2, 4, 4, 4, 4, 4, 4, 4, 4, 4, 4, 4, 4, 4, 4, 4]
----------------------------- 
-------cBUFFER---------
[0, 98, 0, 104, 105, 0, 97, 0]
-------------------------- 
[RETURN VALUE] [ 4 ] 
--------[EXEC CODE]:
[ a , EQUALS , 2 , MULT , 2 ]
-------------- 


--------------------------[NEW ITERATION]
[ a , EQUALS , 2 , MULT , 2 ] 

[DOING] OPERator at INDEX: 1 <<PRIORITY>> 2 

[TRYING SETTING] [ a ] WITH [ 2 , MULT , 2 ] 


--------------------------[NEW ITERATION]
[ a ] 

[DOING] OPERator at INDEX: -1 <<PRIORITY>> 100 
[ a ] 
6 [3] 
false 


--------------------------[NEW ITERATION]
[ 2 , MULT , 2 ] 

[DOING] OPERator at INDEX: 1 <<PRIORITY>> 14 
 
[TRYING MULTIPLICATE] [ 2 ] WITH [ 2 ] 


--------------------------[NEW ITERATION]
[ 2 ] 

[DOING] OPERator at INDEX: -1 <<PRIORITY>> 100 
[ 2 ] 
3 [3] 
true 
[EXECUTING  METHODE<<2>>]
 
[ a , EQUALS , 2 , MULT , 2 , ; , a , EQUALS , 2 , MULT , 2 , ; ]---------NEW LINE---------
[ a , EQUALS , 2 , MULT , 2 ]
-------------------- 
---------NEW LINE---------
[ a , EQUALS , 2 , MULT , 2 ]
-------------------- 
--------[EXEC CODE]:
[ a , EQUALS , 2 , MULT , 2 ]
-------------- 


--------------------------[NEW ITERATION]
[ a , EQUALS , 2 , MULT , 2 ] 

[DOING] OPERator at INDEX: 1 <<PRIORITY>> 2 

[TRYING SETTING] [ a ] WITH [ 2 , MULT , 2 ] 


--------------------------[NEW ITERATION]
[ a ] 

[DOING] OPERator at INDEX: -1 <<PRIORITY>> 100 
[ a ] 
6 [3] 
false 


--------------------------[NEW ITERATION]
[ 2 , MULT , 2 ] 

[DOING] OPERator at INDEX: 1 <<PRIORITY>> 14 
 
[TRYING MULTIPLICATE] [ 2 ] WITH [ 2 ] 


--------------------------[NEW ITERATION]
[ 2 ] 

[DOING] OPERator at INDEX: -1 <<PRIORITY>> 100 
[ 2 ] 
1 [3] 
false 


--------------------------[NEW ITERATION]
[ 2 ] 

[DOING] OPERator at INDEX: -1 <<PRIORITY>> 100 
[ 2 ] 
2 [3] 
false 
[OPERATION Mult] 
4 
[STORING] id 20 name [ a ] with TOKEN 1111111000000000000000000010100 ON 6 value [ 4 ] 

-------Buffer----------
[2, 2, 2, 2, 2, 4, 4, 4, 4, 4, 4, 4, 4, 4, 4, 4, 4, 4, 4, 4, 4]
----------------------------- 
-------cBUFFER---------
[0, 98, 0, 104, 105, 0, 97, 0]
-------------------------- 
[RETURN VALUE] [ 4 ] 
--------[EXEC CODE]:
[ a , EQUALS , 2 , MULT , 2 ]
-------------- 


--------------------------[NEW ITERATION]
[ a , EQUALS , 2 , MULT , 2 ] 

[DOING] OPERator at INDEX: 1 <<PRIORITY>> 2 

[TRYING SETTING] [ a ] WITH [ 2 , MULT , 2 ] 


--------------------------[NEW ITERATION]
[ a ] 

[DOING] OPERator at INDEX: -1 <<PRIORITY>> 100 
[ a ] 
6 [3] 
false 


--------------------------[NEW ITERATION]
[ 2 , MULT , 2 ] 

[DOING] OPERator at INDEX: 1 <<PRIORITY>> 14 
 
[TRYING MULTIPLICATE] [ 2 ] WITH [ 2 ] 


--------------------------[NEW ITERATION]
[ 2 ] 

[DOING] OPERator at INDEX: -1 <<PRIORITY>> 100 
[ 2 ] 
3 [3] 
true 
[EXECUTING  METHODE<<2>>]
 
[ a , EQUALS , 2 , MULT , 2 , ; , a , EQUALS , 2 , MULT , 2 , ; ]---------NEW LINE---------
[ a , EQUALS , 2 , MULT , 2 ]
-------------------- 
---------NEW LINE---------
[ a , EQUALS , 2 , MULT , 2 ]
-------------------- 
--------[EXEC CODE]:
[ a , EQUALS , 2 , MULT , 2 ]
-------------- 


--------------------------[NEW ITERATION]
[ a , EQUALS , 2 , MULT , 2 ] 

[DOING] OPERator at INDEX: 1 <<PRIORITY>> 2 

[TRYING SETTING] [ a ] WITH [ 2 , MULT , 2 ] 


--------------------------[NEW ITERATION]
[ a ] 

[DOING] OPERator at INDEX: -1 <<PRIORITY>> 100 
[ a ] 
6 [3] 
false 


--------------------------[NEW ITERATION]
[ 2 , MULT , 2 ] 

[DOING] OPERator at INDEX: 1 <<PRIORITY>> 14 
 
[TRYING MULTIPLICATE] [ 2 ] WITH [ 2 ] 


--------------------------[NEW ITERATION]
[ 2 ] 

[DOING] OPERator at INDEX: -1 <<PRIORITY>> 100 
[ 2 ] 
1 [3] 
false 


--------------------------[NEW ITERATION]
[ 2 ] 

[DOING] OPERator at INDEX: -1 <<PRIORITY>> 100 
[ 2 ] 
2 [3] 
false 
[OPERATION Mult] 
4 
[STORING] id 21 name [ a ] with TOKEN 1111111000000000000000000010101 ON 6 value [ 4 ] 

-------Buffer----------
[2, 2, 2, 2, 2, 4, 4, 4, 4, 4, 4, 4, 4, 4, 4, 4, 4, 4, 4, 4, 4, 4]
----------------------------- 
-------cBUFFER---------
[0, 98, 0, 104, 105, 0, 97, 0]
-------------------------- 
[RETURN VALUE] [ 4 ] 
--------[EXEC CODE]:
[ a , EQUALS , 2 , MULT , 2 ]
-------------- 


--------------------------[NEW ITERATION]
[ a , EQUALS , 2 , MULT , 2 ] 

[DOING] OPERator at INDEX: 1 <<PRIORITY>> 2 

[TRYING SETTING] [ a ] WITH [ 2 , MULT , 2 ] 


--------------------------[NEW ITERATION]
[ a ] 

[DOING] OPERator at INDEX: -1 <<PRIORITY>> 100 
[ a ] 
6 [3] 
false 


--------------------------[NEW ITERATION]
[ 2 , MULT , 2 ] 

[DOING] OPERator at INDEX: 1 <<PRIORITY>> 14 
 
[TRYING MULTIPLICATE] [ 2 ] WITH [ 2 ] 


--------------------------[NEW ITERATION]
[ 2 ] 

[DOING] OPERator at INDEX: -1 <<PRIORITY>> 100 
[ 2 ] 
3 [3] 
true 
[EXECUTING  METHODE<<2>>]
 
[ a , EQUALS , 2 , MULT , 2 , ; , a , EQUALS , 2 , MULT , 2 , ; ]---------NEW LINE---------
[ a , EQUALS , 2 , MULT , 2 ]
-------------------- 
---------NEW LINE---------
[ a , EQUALS , 2 , MULT , 2 ]
-------------------- 
--------[EXEC CODE]:
[ a , EQUALS , 2 , MULT , 2 ]
-------------- 


--------------------------[NEW ITERATION]
[ a , EQUALS , 2 , MULT , 2 ] 

[DOING] OPERator at INDEX: 1 <<PRIORITY>> 2 

[TRYING SETTING] [ a ] WITH [ 2 , MULT , 2 ] 


--------------------------[NEW ITERATION]
[ a ] 

[DOING] OPERator at INDEX: -1 <<PRIORITY>> 100 
[ a ] 
6 [3] 
false 


--------------------------[NEW ITERATION]
[ 2 , MULT , 2 ] 

[DOING] OPERator at INDEX: 1 <<PRIORITY>> 14 
 
[TRYING MULTIPLICATE] [ 2 ] WITH [ 2 ] 


--------------------------[NEW ITERATION]
[ 2 ] 

[DOING] OPERator at INDEX: -1 <<PRIORITY>> 100 
[ 2 ] 
1 [3] 
false 


--------------------------[NEW ITERATION]
[ 2 ] 

[DOING] OPERator at INDEX: -1 <<PRIORITY>> 100 
[ 2 ] 
2 [3] 
false 
[OPERATION Mult] 
4 
[STORING] id 22 name [ a ] with TOKEN 1111111000000000000000000010110 ON 6 value [ 4 ] 

-------Buffer----------
[2, 2, 2, 2, 2, 4, 4, 4, 4, 4, 4, 4, 4, 4, 4, 4, 4, 4, 4, 4, 4, 4, 4]
----------------------------- 
-------cBUFFER---------
[0, 98, 0, 104, 105, 0, 97, 0]
-------------------------- 
[RETURN VALUE] [ 4 ] 
--------[EXEC CODE]:
[ a , EQUALS , 2 , MULT , 2 ]
-------------- 


--------------------------[NEW ITERATION]
[ a , EQUALS , 2 , MULT , 2 ] 

[DOING] OPERator at INDEX: 1 <<PRIORITY>> 2 

[TRYING SETTING] [ a ] WITH [ 2 , MULT , 2 ] 


--------------------------[NEW ITERATION]
[ a ] 

[DOING] OPERator at INDEX: -1 <<PRIORITY>> 100 
[ a ] 
6 [3] 
false 


--------------------------[NEW ITERATION]
[ 2 , MULT , 2 ] 

[DOING] OPERator at INDEX: 1 <<PRIORITY>> 14 
 
[TRYING MULTIPLICATE] [ 2 ] WITH [ 2 ] 


--------------------------[NEW ITERATION]
[ 2 ] 

[DOING] OPERator at INDEX: -1 <<PRIORITY>> 100 
[ 2 ] 
3 [3] 
true 
[EXECUTING  METHODE<<2>>]
 
[ a , EQUALS , 2 , MULT , 2 , ; , a , EQUALS , 2 , MULT , 2 , ; ]---------NEW LINE---------
[ a , EQUALS , 2 , MULT , 2 ]
-------------------- 
---------NEW LINE---------
[ a , EQUALS , 2 , MULT , 2 ]
-------------------- 
--------[EXEC CODE]:
[ a , EQUALS , 2 , MULT , 2 ]
-------------- 


--------------------------[NEW ITERATION]
[ a , EQUALS , 2 , MULT , 2 ] 

[DOING] OPERator at INDEX: 1 <<PRIORITY>> 2 

[TRYING SETTING] [ a ] WITH [ 2 , MULT , 2 ] 


--------------------------[NEW ITERATION]
[ a ] 

[DOING] OPERator at INDEX: -1 <<PRIORITY>> 100 
[ a ] 
6 [3] 
false 


--------------------------[NEW ITERATION]
[ 2 , MULT , 2 ] 

[DOING] OPERator at INDEX: 1 <<PRIORITY>> 14 
 
[TRYING MULTIPLICATE] [ 2 ] WITH [ 2 ] 


--------------------------[NEW ITERATION]
[ 2 ] 

[DOING] OPERator at INDEX: -1 <<PRIORITY>> 100 
[ 2 ] 
1 [3] 
false 


--------------------------[NEW ITERATION]
[ 2 ] 

[DOING] OPERator at INDEX: -1 <<PRIORITY>> 100 
[ 2 ] 
2 [3] 
false 
[OPERATION Mult] 
4 
[STORING] id 23 name [ a ] with TOKEN 1111111000000000000000000010111 ON 6 value [ 4 ] 

-------Buffer----------
[2, 2, 2, 2, 2, 4, 4, 4, 4, 4, 4, 4, 4, 4, 4, 4, 4, 4, 4, 4, 4, 4, 4, 4]
----------------------------- 
-------cBUFFER---------
[0, 98, 0, 104, 105, 0, 97, 0]
-------------------------- 
[RETURN VALUE] [ 4 ] 
--------[EXEC CODE]:
[ a , EQUALS , 2 , MULT , 2 ]
-------------- 


--------------------------[NEW ITERATION]
[ a , EQUALS , 2 , MULT , 2 ] 

[DOING] OPERator at INDEX: 1 <<PRIORITY>> 2 

[TRYING SETTING] [ a ] WITH [ 2 , MULT , 2 ] 


--------------------------[NEW ITERATION]
[ a ] 

[DOING] OPERator at INDEX: -1 <<PRIORITY>> 100 
[ a ] 
6 [3] 
false 


--------------------------[NEW ITERATION]
[ 2 , MULT , 2 ] 

[DOING] OPERator at INDEX: 1 <<PRIORITY>> 14 
 
[TRYING MULTIPLICATE] [ 2 ] WITH [ 2 ] 


--------------------------[NEW ITERATION]
[ 2 ] 

[DOING] OPERator at INDEX: -1 <<PRIORITY>> 100 
[ 2 ] 
3 [3] 
true 
[EXECUTING  METHODE<<2>>]
 
[ a , EQUALS , 2 , MULT , 2 , ; , a , EQUALS , 2 , MULT , 2 , ; ]---------NEW LINE---------
[ a , EQUALS , 2 , MULT , 2 ]
-------------------- 
---------NEW LINE---------
[ a , EQUALS , 2 , MULT , 2 ]
-------------------- 
--------[EXEC CODE]:
[ a , EQUALS , 2 , MULT , 2 ]
-------------- 


--------------------------[NEW ITERATION]
[ a , EQUALS , 2 , MULT , 2 ] 

[DOING] OPERator at INDEX: 1 <<PRIORITY>> 2 

[TRYING SETTING] [ a ] WITH [ 2 , MULT , 2 ] 


--------------------------[NEW ITERATION]
[ a ] 

[DOING] OPERator at INDEX: -1 <<PRIORITY>> 100 
[ a ] 
6 [3] 
false 


--------------------------[NEW ITERATION]
[ 2 , MULT , 2 ] 

[DOING] OPERator at INDEX: 1 <<PRIORITY>> 14 
 
[TRYING MULTIPLICATE] [ 2 ] WITH [ 2 ] 


--------------------------[NEW ITERATION]
[ 2 ] 

[DOING] OPERator at INDEX: -1 <<PRIORITY>> 100 
[ 2 ] 
1 [3] 
false 


--------------------------[NEW ITERATION]
[ 2 ] 

[DOING] OPERator at INDEX: -1 <<PRIORITY>> 100 
[ 2 ] 
2 [3] 
false 
[OPERATION Mult] 
4 
[STORING] id 24 name [ a ] with TOKEN 1111111000000000000000000011000 ON 6 value [ 4 ] 

-------Buffer----------
[2, 2, 2, 2, 2, 4, 4, 4, 4, 4, 4, 4, 4, 4, 4, 4, 4, 4, 4, 4, 4, 4, 4, 4, 4]
----------------------------- 
-------cBUFFER---------
[0, 98, 0, 104, 105, 0, 97, 0]
-------------------------- 
[RETURN VALUE] [ 4 ] 
--------[EXEC CODE]:
[ a , EQUALS , 2 , MULT , 2 ]
-------------- 


--------------------------[NEW ITERATION]
[ a , EQUALS , 2 , MULT , 2 ] 

[DOING] OPERator at INDEX: 1 <<PRIORITY>> 2 

[TRYING SETTING] [ a ] WITH [ 2 , MULT , 2 ] 


--------------------------[NEW ITERATION]
[ a ] 

[DOING] OPERator at INDEX: -1 <<PRIORITY>> 100 
[ a ] 
6 [3] 
false 


--------------------------[NEW ITERATION]
[ 2 , MULT , 2 ] 

[DOING] OPERator at INDEX: 1 <<PRIORITY>> 14 
 
[TRYING MULTIPLICATE] [ 2 ] WITH [ 2 ] 


--------------------------[NEW ITERATION]
[ 2 ] 

[DOING] OPERator at INDEX: -1 <<PRIORITY>> 100 
[ 2 ] 
3 [3] 
true 
[EXECUTING  METHODE<<2>>]
 
[ a , EQUALS , 2 , MULT , 2 , ; , a , EQUALS , 2 , MULT , 2 , ; ]---------NEW LINE---------
[ a , EQUALS , 2 , MULT , 2 ]
-------------------- 
---------NEW LINE---------
[ a , EQUALS , 2 , MULT , 2 ]
-------------------- 
--------[EXEC CODE]:
[ a , EQUALS , 2 , MULT , 2 ]
-------------- 


--------------------------[NEW ITERATION]
[ a , EQUALS , 2 , MULT , 2 ] 

[DOING] OPERator at INDEX: 1 <<PRIORITY>> 2 

[TRYING SETTING] [ a ] WITH [ 2 , MULT , 2 ] 


--------------------------[NEW ITERATION]
[ a ] 

[DOING] OPERator at INDEX: -1 <<PRIORITY>> 100 
[ a ] 
6 [3] 
false 


--------------------------[NEW ITERATION]
[ 2 , MULT , 2 ] 

[DOING] OPERator at INDEX: 1 <<PRIORITY>> 14 
 
[TRYING MULTIPLICATE] [ 2 ] WITH [ 2 ] 


--------------------------[NEW ITERATION]
[ 2 ] 

[DOING] OPERator at INDEX: -1 <<PRIORITY>> 100 
[ 2 ] 
1 [3] 
false 


--------------------------[NEW ITERATION]
[ 2 ] 

[DOING] OPERator at INDEX: -1 <<PRIORITY>> 100 
[ 2 ] 
2 [3] 
false 
[OPERATION Mult] 
4 
[STORING] id 25 name [ a ] with TOKEN 1111111000000000000000000011001 ON 6 value [ 4 ] 

-------Buffer----------
[2, 2, 2, 2, 2, 4, 4, 4, 4, 4, 4, 4, 4, 4, 4, 4, 4, 4, 4, 4, 4, 4, 4, 4, 4, 4]
----------------------------- 
-------cBUFFER---------
[0, 98, 0, 104, 105, 0, 97, 0]
-------------------------- 
[RETURN VALUE] [ 4 ] 
--------[EXEC CODE]:
[ a , EQUALS , 2 , MULT , 2 ]
-------------- 


--------------------------[NEW ITERATION]
[ a , EQUALS , 2 , MULT , 2 ] 

[DOING] OPERator at INDEX: 1 <<PRIORITY>> 2 

[TRYING SETTING] [ a ] WITH [ 2 , MULT , 2 ] 


--------------------------[NEW ITERATION]
[ a ] 

[DOING] OPERator at INDEX: -1 <<PRIORITY>> 100 
[ a ] 
6 [3] 
false 


--------------------------[NEW ITERATION]
[ 2 , MULT , 2 ] 

[DOING] OPERator at INDEX: 1 <<PRIORITY>> 14 
 
[TRYING MULTIPLICATE] [ 2 ] WITH [ 2 ] 


--------------------------[NEW ITERATION]
[ 2 ] 

[DOING] OPERator at INDEX: -1 <<PRIORITY>> 100 
[ 2 ] 
3 [3] 
true 
[EXECUTING  METHODE<<2>>]
 
[ a , EQUALS , 2 , MULT , 2 , ; , a , EQUALS , 2 , MULT , 2 , ; ]---------NEW LINE---------
[ a , EQUALS , 2 , MULT , 2 ]
-------------------- 
---------NEW LINE---------
[ a , EQUALS , 2 , MULT , 2 ]
-------------------- 
--------[EXEC CODE]:
[ a , EQUALS , 2 , MULT , 2 ]
-------------- 


--------------------------[NEW ITERATION]
[ a , EQUALS , 2 , MULT , 2 ] 

[DOING] OPERator at INDEX: 1 <<PRIORITY>> 2 

[TRYING SETTING] [ a ] WITH [ 2 , MULT , 2 ] 


--------------------------[NEW ITERATION]
[ a ] 

[DOING] OPERator at INDEX: -1 <<PRIORITY>> 100 
[ a ] 
6 [3] 
false 


--------------------------[NEW ITERATION]
[ 2 , MULT , 2 ] 

[DOING] OPERator at INDEX: 1 <<PRIORITY>> 14 
 
[TRYING MULTIPLICATE] [ 2 ] WITH [ 2 ] 


--------------------------[NEW ITERATION]
[ 2 ] 

[DOING] OPERator at INDEX: -1 <<PRIORITY>> 100 
[ 2 ] 
1 [3] 
false 


--------------------------[NEW ITERATION]
[ 2 ] 

[DOING] OPERator at INDEX: -1 <<PRIORITY>> 100 
[ 2 ] 
2 [3] 
false 
[OPERATION Mult] 
4 
[STORING] id 26 name [ a ] with TOKEN 1111111000000000000000000011010 ON 6 value [ 4 ] 

-------Buffer----------
[2, 2, 2, 2, 2, 4, 4, 4, 4, 4, 4, 4, 4, 4, 4, 4, 4, 4, 4, 4, 4, 4, 4, 4, 4, 4, 4]
----------------------------- 
-------cBUFFER---------
[0, 98, 0, 104, 105, 0, 97, 0]
-------------------------- 
[RETURN VALUE] [ 4 ] 
--------[EXEC CODE]:
[ a , EQUALS , 2 , MULT , 2 ]
-------------- 


--------------------------[NEW ITERATION]
[ a , EQUALS , 2 , MULT , 2 ] 

[DOING] OPERator at INDEX: 1 <<PRIORITY>> 2 

[TRYING SETTING] [ a ] WITH [ 2 , MULT , 2 ] 


--------------------------[NEW ITERATION]
[ a ] 

[DOING] OPERator at INDEX: -1 <<PRIORITY>> 100 
[ a ] 
6 [3] 
false 


--------------------------[NEW ITERATION]
[ 2 , MULT , 2 ] 

[DOING] OPERator at INDEX: 1 <<PRIORITY>> 14 
 
[TRYING MULTIPLICATE] [ 2 ] WITH [ 2 ] 


--------------------------[NEW ITERATION]
[ 2 ] 

[DOING] OPERator at INDEX: -1 <<PRIORITY>> 100 
[ 2 ] 
3 [3] 
true 
[EXECUTING  METHODE<<2>>]
 
[ a , EQUALS , 2 , MULT , 2 , ; , a , EQUALS , 2 , MULT , 2 , ; ]---------NEW LINE---------
[ a , EQUALS , 2 , MULT , 2 ]
-------------------- 
---------NEW LINE---------
[ a , EQUALS , 2 , MULT , 2 ]
-------------------- 
--------[EXEC CODE]:
[ a , EQUALS , 2 , MULT , 2 ]
-------------- 


--------------------------[NEW ITERATION]
[ a , EQUALS , 2 , MULT , 2 ] 

[DOING] OPERator at INDEX: 1 <<PRIORITY>> 2 

[TRYING SETTING] [ a ] WITH [ 2 , MULT , 2 ] 


--------------------------[NEW ITERATION]
[ a ] 

[DOING] OPERator at INDEX: -1 <<PRIORITY>> 100 
[ a ] 
6 [3] 
false 


--------------------------[NEW ITERATION]
[ 2 , MULT , 2 ] 

[DOING] OPERator at INDEX: 1 <<PRIORITY>> 14 
 
[TRYING MULTIPLICATE] [ 2 ] WITH [ 2 ] 


--------------------------[NEW ITERATION]
[ 2 ] 

[DOING] OPERator at INDEX: -1 <<PRIORITY>> 100 
[ 2 ] 
1 [3] 
false 


--------------------------[NEW ITERATION]
[ 2 ] 

[DOING] OPERator at INDEX: -1 <<PRIORITY>> 100 
[ 2 ] 
2 [3] 
false 
[OPERATION Mult] 
4 
[STORING] id 27 name [ a ] with TOKEN 1111111000000000000000000011011 ON 6 value [ 4 ] 

-------Buffer----------
[2, 2, 2, 2, 2, 4, 4, 4, 4, 4, 4, 4, 4, 4, 4, 4, 4, 4, 4, 4, 4, 4, 4, 4, 4, 4, 4, 4]
----------------------------- 
-------cBUFFER---------
[0, 98, 0, 104, 105, 0, 97, 0]
-------------------------- 
[RETURN VALUE] [ 4 ] 
--------[EXEC CODE]:
[ a , EQUALS , 2 , MULT , 2 ]
-------------- 


--------------------------[NEW ITERATION]
[ a , EQUALS , 2 , MULT , 2 ] 

[DOING] OPERator at INDEX: 1 <<PRIORITY>> 2 

[TRYING SETTING] [ a ] WITH [ 2 , MULT , 2 ] 


--------------------------[NEW ITERATION]
[ a ] 

[DOING] OPERator at INDEX: -1 <<PRIORITY>> 100 
[ a ] 
6 [3] 
false 


--------------------------[NEW ITERATION]
[ 2 , MULT , 2 ] 

[DOING] OPERator at INDEX: 1 <<PRIORITY>> 14 
 
[TRYING MULTIPLICATE] [ 2 ] WITH [ 2 ] 


--------------------------[NEW ITERATION]
[ 2 ] 

[DOING] OPERator at INDEX: -1 <<PRIORITY>> 100 
[ 2 ] 
3 [3] 
true 
[EXECUTING  METHODE<<2>>]
 
[ a , EQUALS , 2 , MULT , 2 , ; , a , EQUALS , 2 , MULT , 2 , ; ]---------NEW LINE---------
[ a , EQUALS , 2 , MULT , 2 ]
-------------------- 
---------NEW LINE---------
[ a , EQUALS , 2 , MULT , 2 ]
-------------------- 
--------[EXEC CODE]:
[ a , EQUALS , 2 , MULT , 2 ]
-------------- 


--------------------------[NEW ITERATION]
[ a , EQUALS , 2 , MULT , 2 ] 

[DOING] OPERator at INDEX: 1 <<PRIORITY>> 2 

[TRYING SETTING] [ a ] WITH [ 2 , MULT , 2 ] 


--------------------------[NEW ITERATION]
[ a ] 

[DOING] OPERator at INDEX: -1 <<PRIORITY>> 100 
[ a ] 
6 [3] 
false 


--------------------------[NEW ITERATION]
[ 2 , MULT , 2 ] 

[DOING] OPERator at INDEX: 1 <<PRIORITY>> 14 
 
[TRYING MULTIPLICATE] [ 2 ] WITH [ 2 ] 


--------------------------[NEW ITERATION]
[ 2 ] 

[DOING] OPERator at INDEX: -1 <<PRIORITY>> 100 
[ 2 ] 
1 [3] 
false 


--------------------------[NEW ITERATION]
[ 2 ] 

[DOING] OPERator at INDEX: -1 <<PRIORITY>> 100 
[ 2 ] 
2 [3] 
false 
[OPERATION Mult] 
4 
[STORING] id 28 name [ a ] with TOKEN 1111111000000000000000000011100 ON 6 value [ 4 ] 

-------Buffer----------
[2, 2, 2, 2, 2, 4, 4, 4, 4, 4, 4, 4, 4, 4, 4, 4, 4, 4, 4, 4, 4, 4, 4, 4, 4, 4, 4, 4, 4]
----------------------------- 
-------cBUFFER---------
[0, 98, 0, 104, 105, 0, 97, 0]
-------------------------- 
[RETURN VALUE] [ 4 ] 
--------[EXEC CODE]:
[ a , EQUALS , 2 , MULT , 2 ]
-------------- 


--------------------------[NEW ITERATION]
[ a , EQUALS , 2 , MULT , 2 ] 

[DOING] OPERator at INDEX: 1 <<PRIORITY>> 2 

[TRYING SETTING] [ a ] WITH [ 2 , MULT , 2 ] 


--------------------------[NEW ITERATION]
[ a ] 

[DOING] OPERator at INDEX: -1 <<PRIORITY>> 100 
[ a ] 
6 [3] 
false 


--------------------------[NEW ITERATION]
[ 2 , MULT , 2 ] 

[DOING] OPERator at INDEX: 1 <<PRIORITY>> 14 
 
[TRYING MULTIPLICATE] [ 2 ] WITH [ 2 ] 


--------------------------[NEW ITERATION]
[ 2 ] 

[DOING] OPERator at INDEX: -1 <<PRIORITY>> 100 
[ 2 ] 
3 [3] 
true 
[EXECUTING  METHODE<<2>>]
 
[ a , EQUALS , 2 , MULT , 2 , ; , a , EQUALS , 2 , MULT , 2 , ; ]---------NEW LINE---------
[ a , EQUALS , 2 , MULT , 2 ]
-------------------- 
---------NEW LINE---------
[ a , EQUALS , 2 , MULT , 2 ]
-------------------- 
--------[EXEC CODE]:
[ a , EQUALS , 2 , MULT , 2 ]
-------------- 


--------------------------[NEW ITERATION]
[ a , EQUALS , 2 , MULT , 2 ] 

[DOING] OPERator at INDEX: 1 <<PRIORITY>> 2 

[TRYING SETTING] [ a ] WITH [ 2 , MULT , 2 ] 


--------------------------[NEW ITERATION]
[ a ] 

[DOING] OPERator at INDEX: -1 <<PRIORITY>> 100 
[ a ] 
6 [3] 
false 


--------------------------[NEW ITERATION]
[ 2 , MULT , 2 ] 

[DOING] OPERator at INDEX: 1 <<PRIORITY>> 14 
 
[TRYING MULTIPLICATE] [ 2 ] WITH [ 2 ] 


--------------------------[NEW ITERATION]
[ 2 ] 

[DOING] OPERator at INDEX: -1 <<PRIORITY>> 100 
[ 2 ] 
1 [3] 
false 


--------------------------[NEW ITERATION]
[ 2 ] 

[DOING] OPERator at INDEX: -1 <<PRIORITY>> 100 
[ 2 ] 
2 [3] 
false 
[OPERATION Mult] 
4 
[STORING] id 29 name [ a ] with TOKEN 1111111000000000000000000011101 ON 6 value [ 4 ] 

-------Buffer----------
[2, 2, 2, 2, 2, 4, 4, 4, 4, 4, 4, 4, 4, 4, 4, 4, 4, 4, 4, 4, 4, 4, 4, 4, 4, 4, 4, 4, 4, 4]
----------------------------- 
-------cBUFFER---------
[0, 98, 0, 104, 105, 0, 97, 0]
-------------------------- 
[RETURN VALUE] [ 4 ] 
--------[EXEC CODE]:
[ a , EQUALS , 2 , MULT , 2 ]
-------------- 


--------------------------[NEW ITERATION]
[ a , EQUALS , 2 , MULT , 2 ] 

[DOING] OPERator at INDEX: 1 <<PRIORITY>> 2 

[TRYING SETTING] [ a ] WITH [ 2 , MULT , 2 ] 


--------------------------[NEW ITERATION]
[ a ] 

[DOING] OPERator at INDEX: -1 <<PRIORITY>> 100 
[ a ] 
6 [3] 
false 


--------------------------[NEW ITERATION]
[ 2 , MULT , 2 ] 

[DOING] OPERator at INDEX: 1 <<PRIORITY>> 14 
 
[TRYING MULTIPLICATE] [ 2 ] WITH [ 2 ] 


--------------------------[NEW ITERATION]
[ 2 ] 

[DOING] OPERator at INDEX: -1 <<PRIORITY>> 100 
[ 2 ] 
3 [3] 
true 
[EXECUTING  METHODE<<2>>]
 
[ a , EQUALS , 2 , MULT , 2 , ; , a , EQUALS , 2 , MULT , 2 , ; ]---------NEW LINE---------
[ a , EQUALS , 2 , MULT , 2 ]
-------------------- 
---------NEW LINE---------
[ a , EQUALS , 2 , MULT , 2 ]
-------------------- 
--------[EXEC CODE]:
[ a , EQUALS , 2 , MULT , 2 ]
-------------- 


--------------------------[NEW ITERATION]
[ a , EQUALS , 2 , MULT , 2 ] 

[DOING] OPERator at INDEX: 1 <<PRIORITY>> 2 

[TRYING SETTING] [ a ] WITH [ 2 , MULT , 2 ] 


--------------------------[NEW ITERATION]
[ a ] 

[DOING] OPERator at INDEX: -1 <<PRIORITY>> 100 
[ a ] 
6 [3] 
false 


--------------------------[NEW ITERATION]
[ 2 , MULT , 2 ] 

[DOING] OPERator at INDEX: 1 <<PRIORITY>> 14 
 
[TRYING MULTIPLICATE] [ 2 ] WITH [ 2 ] 


--------------------------[NEW ITERATION]
[ 2 ] 

[DOING] OPERator at INDEX: -1 <<PRIORITY>> 100 
[ 2 ] 
1 [3] 
false 


--------------------------[NEW ITERATION]
[ 2 ] 

[DOING] OPERator at INDEX: -1 <<PRIORITY>> 100 
[ 2 ] 
2 [3] 
false 
[OPERATION Mult] 
4 
[STORING] id 30 name [ a ] with TOKEN 1111111000000000000000000011110 ON 6 value [ 4 ] 

-------Buffer----------
[2, 2, 2, 2, 2, 4, 4, 4, 4, 4, 4, 4, 4, 4, 4, 4, 4, 4, 4, 4, 4, 4, 4, 4, 4, 4, 4, 4, 4, 4, 4]
----------------------------- 
-------cBUFFER---------
[0, 98, 0, 104, 105, 0, 97, 0]
-------------------------- 
[RETURN VALUE] [ 4 ] 
--------[EXEC CODE]:
[ a , EQUALS , 2 , MULT , 2 ]
-------------- 


--------------------------[NEW ITERATION]
[ a , EQUALS , 2 , MULT , 2 ] 

[DOING] OPERator at INDEX: 1 <<PRIORITY>> 2 

[TRYING SETTING] [ a ] WITH [ 2 , MULT , 2 ] 


--------------------------[NEW ITERATION]
[ a ] 

[DOING] OPERator at INDEX: -1 <<PRIORITY>> 100 
[ a ] 
6 [3] 
false 


--------------------------[NEW ITERATION]
[ 2 , MULT , 2 ] 

[DOING] OPERator at INDEX: 1 <<PRIORITY>> 14 
 
[TRYING MULTIPLICATE] [ 2 ] WITH [ 2 ] 


--------------------------[NEW ITERATION]
[ 2 ] 

[DOING] OPERator at INDEX: -1 <<PRIORITY>> 100 
[ 2 ] 
3 [3] 
true 
[EXECUTING  METHODE<<2>>]
 
[ a , EQUALS , 2 , MULT , 2 , ; , a , EQUALS , 2 , MULT , 2 , ; ]---------NEW LINE---------
[ a , EQUALS , 2 , MULT , 2 ]
-------------------- 
---------NEW LINE---------
[ a , EQUALS , 2 , MULT , 2 ]
-------------------- 
--------[EXEC CODE]:
[ a , EQUALS , 2 , MULT , 2 ]
-------------- 


--------------------------[NEW ITERATION]
[ a , EQUALS , 2 , MULT , 2 ] 

[DOING] OPERator at INDEX: 1 <<PRIORITY>> 2 

[TRYING SETTING] [ a ] WITH [ 2 , MULT , 2 ] 


--------------------------[NEW ITERATION]
[ a ] 

[DOING] OPERator at INDEX: -1 <<PRIORITY>> 100 
[ a ] 
6 [3] 
false 


--------------------------[NEW ITERATION]
[ 2 , MULT , 2 ] 

[DOING] OPERator at INDEX: 1 <<PRIORITY>> 14 
 
[TRYING MULTIPLICATE] [ 2 ] WITH [ 2 ] 


--------------------------[NEW ITERATION]
[ 2 ] 

[DOING] OPERator at INDEX: -1 <<PRIORITY>> 100 
[ 2 ] 
1 [3] 
false 


--------------------------[NEW ITERATION]
[ 2 ] 

[DOING] OPERator at INDEX: -1 <<PRIORITY>> 100 
[ 2 ] 
2 [3] 
false 
[OPERATION Mult] 
4 
[STORING] id 31 name [ a ] with TOKEN 1111111000000000000000000011111 ON 6 value [ 4 ] 

-------Buffer----------
[2, 2, 2, 2, 2, 4, 4, 4, 4, 4, 4, 4, 4, 4, 4, 4, 4, 4, 4, 4, 4, 4, 4, 4, 4, 4, 4, 4, 4, 4, 4, 4]
----------------------------- 
-------cBUFFER---------
[0, 98, 0, 104, 105, 0, 97, 0]
-------------------------- 
[RETURN VALUE] [ 4 ] 
--------[EXEC CODE]:
[ a , EQUALS , 2 , MULT , 2 ]
-------------- 


--------------------------[NEW ITERATION]
[ a , EQUALS , 2 , MULT , 2 ] 

[DOING] OPERator at INDEX: 1 <<PRIORITY>> 2 

[TRYING SETTING] [ a ] WITH [ 2 , MULT , 2 ] 


--------------------------[NEW ITERATION]
[ a ] 

[DOING] OPERator at INDEX: -1 <<PRIORITY>> 100 
[ a ] 
6 [3] 
false 


--------------------------[NEW ITERATION]
[ 2 , MULT , 2 ] 

[DOING] OPERator at INDEX: 1 <<PRIORITY>> 14 
 
[TRYING MULTIPLICATE] [ 2 ] WITH [ 2 ] 


--------------------------[NEW ITERATION]
[ 2 ] 

[DOING] OPERator at INDEX: -1 <<PRIORITY>> 100 
[ 2 ] 
3 [3] 
true 
[EXECUTING  METHODE<<2>>]
 
[ a , EQUALS , 2 , MULT , 2 , ; , a , EQUALS , 2 , MULT , 2 , ; ]---------NEW LINE---------
[ a , EQUALS , 2 , MULT , 2 ]
-------------------- 
---------NEW LINE---------
[ a , EQUALS , 2 , MULT , 2 ]
-------------------- 
--------[EXEC CODE]:
[ a , EQUALS , 2 , MULT , 2 ]
-------------- 


--------------------------[NEW ITERATION]
[ a , EQUALS , 2 , MULT , 2 ] 

[DOING] OPERator at INDEX: 1 <<PRIORITY>> 2 

[TRYING SETTING] [ a ] WITH [ 2 , MULT , 2 ] 


--------------------------[NEW ITERATION]
[ a ] 

[DOING] OPERator at INDEX: -1 <<PRIORITY>> 100 
[ a ] 
6 [3] 
false 


--------------------------[NEW ITERATION]
[ 2 , MULT , 2 ] 

[DOING] OPERator at INDEX: 1 <<PRIORITY>> 14 
 
[TRYING MULTIPLICATE] [ 2 ] WITH [ 2 ] 


--------------------------[NEW ITERATION]
[ 2 ] 

[DOING] OPERator at INDEX: -1 <<PRIORITY>> 100 
[ 2 ] 
1 [3] 
false 


--------------------------[NEW ITERATION]
[ 2 ] 

[DOING] OPERator at INDEX: -1 <<PRIORITY>> 100 
[ 2 ] 
2 [3] 
false 
[OPERATION Mult] 
4 
[STORING] id 32 name [ a ] with TOKEN 1111111000000000000000000100000 ON 6 value [ 4 ] 

-------Buffer----------
[2, 2, 2, 2, 2, 4, 4, 4, 4, 4, 4, 4, 4, 4, 4, 4, 4, 4, 4, 4, 4, 4, 4, 4, 4, 4, 4, 4, 4, 4, 4, 4, 4]
----------------------------- 
-------cBUFFER---------
[0, 98, 0, 104, 105, 0, 97, 0]
-------------------------- 
[RETURN VALUE] [ 4 ] 
--------[EXEC CODE]:
[ a , EQUALS , 2 , MULT , 2 ]
-------------- 


--------------------------[NEW ITERATION]
[ a , EQUALS , 2 , MULT , 2 ] 

[DOING] OPERator at INDEX: 1 <<PRIORITY>> 2 

[TRYING SETTING] [ a ] WITH [ 2 , MULT , 2 ] 


--------------------------[NEW ITERATION]
[ a ] 

[DOING] OPERator at INDEX: -1 <<PRIORITY>> 100 
[ a ] 
6 [3] 
false 


--------------------------[NEW ITERATION]
[ 2 , MULT , 2 ] 

[DOING] OPERator at INDEX: 1 <<PRIORITY>> 14 
 
[TRYING MULTIPLICATE] [ 2 ] WITH [ 2 ] 


--------------------------[NEW ITERATION]
[ 2 ] 

[DOING] OPERator at INDEX: -1 <<PRIORITY>> 100 
[ 2 ] 
3 [3] 
true 
[EXECUTING  METHODE<<2>>]
 
[ a , EQUALS , 2 , MULT , 2 , ; , a , EQUALS , 2 , MULT , 2 , ; ]---------NEW LINE---------
[ a , EQUALS , 2 , MULT , 2 ]
-------------------- 
---------NEW LINE---------
[ a , EQUALS , 2 , MULT , 2 ]
-------------------- 
--------[EXEC CODE]:
[ a , EQUALS , 2 , MULT , 2 ]
-------------- 


--------------------------[NEW ITERATION]
[ a , EQUALS , 2 , MULT , 2 ] 

[DOING] OPERator at INDEX: 1 <<PRIORITY>> 2 

[TRYING SETTING] [ a ] WITH [ 2 , MULT , 2 ] 


--------------------------[NEW ITERATION]
[ a ] 

[DOING] OPERator at INDEX: -1 <<PRIORITY>> 100 
[ a ] 
6 [3] 
false 


--------------------------[NEW ITERATION]
[ 2 , MULT , 2 ] 

[DOING] OPERator at INDEX: 1 <<PRIORITY>> 14 
 
[TRYING MULTIPLICATE] [ 2 ] WITH [ 2 ] 


--------------------------[NEW ITERATION]
[ 2 ] 

[DOING] OPERator at INDEX: -1 <<PRIORITY>> 100 
[ 2 ] 
1 [3] 
false 


--------------------------[NEW ITERATION]
[ 2 ] 

[DOING] OPERator at INDEX: -1 <<PRIORITY>> 100 
[ 2 ] 
2 [3] 
false 
[OPERATION Mult] 
4 
[STORING] id 33 name [ a ] with TOKEN 1111111000000000000000000100001 ON 6 value [ 4 ] 

-------Buffer----------
[2, 2, 2, 2, 2, 4, 4, 4, 4, 4, 4, 4, 4, 4, 4, 4, 4, 4, 4, 4, 4, 4, 4, 4, 4, 4, 4, 4, 4, 4, 4, 4, 4, 4]
----------------------------- 
-------cBUFFER---------
[0, 98, 0, 104, 105, 0, 97, 0]
-------------------------- 
[RETURN VALUE] [ 4 ] 
--------[EXEC CODE]:
[ a , EQUALS , 2 , MULT , 2 ]
-------------- 


--------------------------[NEW ITERATION]
[ a , EQUALS , 2 , MULT , 2 ] 

[DOING] OPERator at INDEX: 1 <<PRIORITY>> 2 

[TRYING SETTING] [ a ] WITH [ 2 , MULT , 2 ] 


--------------------------[NEW ITERATION]
[ a ] 

[DOING] OPERator at INDEX: -1 <<PRIORITY>> 100 
[ a ] 
6 [3] 
false 


--------------------------[NEW ITERATION]
[ 2 , MULT , 2 ] 

[DOING] OPERator at INDEX: 1 <<PRIORITY>> 14 
 
[TRYING MULTIPLICATE] [ 2 ] WITH [ 2 ] 


--------------------------[NEW ITERATION]
[ 2 ] 

[DOING] OPERator at INDEX: -1 <<PRIORITY>> 100 
[ 2 ] 
3 [3] 
true 
[EXECUTING  METHODE<<2>>]
 
[ a , EQUALS , 2 , MULT , 2 , ; , a , EQUALS , 2 , MULT , 2 , ; ]---------NEW LINE---------
[ a , EQUALS , 2 , MULT , 2 ]
-------------------- 
---------NEW LINE---------
[ a , EQUALS , 2 , MULT , 2 ]
-------------------- 
--------[EXEC CODE]:
[ a , EQUALS , 2 , MULT , 2 ]
-------------- 


--------------------------[NEW ITERATION]
[ a , EQUALS , 2 , MULT , 2 ] 

[DOING] OPERator at INDEX: 1 <<PRIORITY>> 2 

[TRYING SETTING] [ a ] WITH [ 2 , MULT , 2 ] 


--------------------------[NEW ITERATION]
[ a ] 

[DOING] OPERator at INDEX: -1 <<PRIORITY>> 100 
[ a ] 
6 [3] 
false 


--------------------------[NEW ITERATION]
[ 2 , MULT , 2 ] 

[DOING] OPERator at INDEX: 1 <<PRIORITY>> 14 
 
[TRYING MULTIPLICATE] [ 2 ] WITH [ 2 ] 


--------------------------[NEW ITERATION]
[ 2 ] 

[DOING] OPERator at INDEX: -1 <<PRIORITY>> 100 
[ 2 ] 
1 [3] 
false 


--------------------------[NEW ITERATION]
[ 2 ] 

[DOING] OPERator at INDEX: -1 <<PRIORITY>> 100 
[ 2 ] 
2 [3] 
false 
[OPERATION Mult] 
4 
[STORING] id 34 name [ a ] with TOKEN 1111111000000000000000000100010 ON 6 value [ 4 ] 

-------Buffer----------
[2, 2, 2, 2, 2, 4, 4, 4, 4, 4, 4, 4, 4, 4, 4, 4, 4, 4, 4, 4, 4, 4, 4, 4, 4, 4, 4, 4, 4, 4, 4, 4, 4, 4, 4]
----------------------------- 
-------cBUFFER---------
[0, 98, 0, 104, 105, 0, 97, 0]
-------------------------- 
[RETURN VALUE] [ 4 ] 
--------[EXEC CODE]:
[ a , EQUALS , 2 , MULT , 2 ]
-------------- 


--------------------------[NEW ITERATION]
[ a , EQUALS , 2 , MULT , 2 ] 

[DOING] OPERator at INDEX: 1 <<PRIORITY>> 2 

[TRYING SETTING] [ a ] WITH [ 2 , MULT , 2 ] 


--------------------------[NEW ITERATION]
[ a ] 

[DOING] OPERator at INDEX: -1 <<PRIORITY>> 100 
[ a ] 
6 [3] 
false 


--------------------------[NEW ITERATION]
[ 2 , MULT , 2 ] 

[DOING] OPERator at INDEX: 1 <<PRIORITY>> 14 
 
[TRYING MULTIPLICATE] [ 2 ] WITH [ 2 ] 


--------------------------[NEW ITERATION]
[ 2 ] 

[DOING] OPERator at INDEX: -1 <<PRIORITY>> 100 
[ 2 ] 
3 [3] 
true 
[EXECUTING  METHODE<<2>>]
 
[ a , EQUALS , 2 , MULT , 2 , ; , a , EQUALS , 2 , MULT , 2 , ; ]---------NEW LINE---------
[ a , EQUALS , 2 , MULT , 2 ]
-------------------- 
---------NEW LINE---------
[ a , EQUALS , 2 , MULT , 2 ]
-------------------- 
--------[EXEC CODE]:
[ a , EQUALS , 2 , MULT , 2 ]
-------------- 


--------------------------[NEW ITERATION]
[ a , EQUALS , 2 , MULT , 2 ] 

[DOING] OPERator at INDEX: 1 <<PRIORITY>> 2 

[TRYING SETTING] [ a ] WITH [ 2 , MULT , 2 ] 


--------------------------[NEW ITERATION]
[ a ] 

[DOING] OPERator at INDEX: -1 <<PRIORITY>> 100 
[ a ] 
6 [3] 
false 


--------------------------[NEW ITERATION]
[ 2 , MULT , 2 ] 

[DOING] OPERator at INDEX: 1 <<PRIORITY>> 14 
 
[TRYING MULTIPLICATE] [ 2 ] WITH [ 2 ] 


--------------------------[NEW ITERATION]
[ 2 ] 

[DOING] OPERator at INDEX: -1 <<PRIORITY>> 100 
[ 2 ] 
1 [3] 
false 


--------------------------[NEW ITERATION]
[ 2 ] 

[DOING] OPERator at INDEX: -1 <<PRIORITY>> 100 
[ 2 ] 
2 [3] 
false 
[OPERATION Mult] 
4 
[STORING] id 35 name [ a ] with TOKEN 1111111000000000000000000100011 ON 6 value [ 4 ] 

-------Buffer----------
[2, 2, 2, 2, 2, 4, 4, 4, 4, 4, 4, 4, 4, 4, 4, 4, 4, 4, 4, 4, 4, 4, 4, 4, 4, 4, 4, 4, 4, 4, 4, 4, 4, 4, 4, 4]
----------------------------- 
-------cBUFFER---------
[0, 98, 0, 104, 105, 0, 97, 0]
-------------------------- 
[RETURN VALUE] [ 4 ] 
--------[EXEC CODE]:
[ a , EQUALS , 2 , MULT , 2 ]
-------------- 


--------------------------[NEW ITERATION]
[ a , EQUALS , 2 , MULT , 2 ] 

[DOING] OPERator at INDEX: 1 <<PRIORITY>> 2 

[TRYING SETTING] [ a ] WITH [ 2 , MULT , 2 ] 


--------------------------[NEW ITERATION]
[ a ] 

[DOING] OPERator at INDEX: -1 <<PRIORITY>> 100 
[ a ] 
6 [3] 
false 


--------------------------[NEW ITERATION]
[ 2 , MULT , 2 ] 

[DOING] OPERator at INDEX: 1 <<PRIORITY>> 14 
 
[TRYING MULTIPLICATE] [ 2 ] WITH [ 2 ] 


--------------------------[NEW ITERATION]
[ 2 ] 

[DOING] OPERator at INDEX: -1 <<PRIORITY>> 100 
[ 2 ] 
3 [3] 
true 
[EXECUTING  METHODE<<2>>]
 
[ a , EQUALS , 2 , MULT , 2 , ; , a , EQUALS , 2 , MULT , 2 , ; ]---------NEW LINE---------
[ a , EQUALS , 2 , MULT , 2 ]
-------------------- 
---------NEW LINE---------
[ a , EQUALS , 2 , MULT , 2 ]
-------------------- 
--------[EXEC CODE]:
[ a , EQUALS , 2 , MULT , 2 ]
-------------- 


--------------------------[NEW ITERATION]
[ a , EQUALS , 2 , MULT , 2 ] 

[DOING] OPERator at INDEX: 1 <<PRIORITY>> 2 

[TRYING SETTING] [ a ] WITH [ 2 , MULT , 2 ] 


--------------------------[NEW ITERATION]
[ a ] 

[DOING] OPERator at INDEX: -1 <<PRIORITY>> 100 
[ a ] 
6 [3] 
false 


--------------------------[NEW ITERATION]
[ 2 , MULT , 2 ] 

[DOING] OPERator at INDEX: 1 <<PRIORITY>> 14 
 
[TRYING MULTIPLICATE] [ 2 ] WITH [ 2 ] 


--------------------------[NEW ITERATION]
[ 2 ] 

[DOING] OPERator at INDEX: -1 <<PRIORITY>> 100 
[ 2 ] 
1 [3] 
false 


--------------------------[NEW ITERATION]
[ 2 ] 

[DOING] OPERator at INDEX: -1 <<PRIORITY>> 100 
[ 2 ] 
2 [3] 
false 
[OPERATION Mult] 
4 
[STORING] id 36 name [ a ] with TOKEN 1111111000000000000000000100100 ON 6 value [ 4 ] 

-------Buffer----------
[2, 2, 2, 2, 2, 4, 4, 4, 4, 4, 4, 4, 4, 4, 4, 4, 4, 4, 4, 4, 4, 4, 4, 4, 4, 4, 4, 4, 4, 4, 4, 4, 4, 4, 4, 4, 4]
----------------------------- 
-------cBUFFER---------
[0, 98, 0, 104, 105, 0, 97, 0]
-------------------------- 
[RETURN VALUE] [ 4 ] 
--------[EXEC CODE]:
[ a , EQUALS , 2 , MULT , 2 ]
-------------- 


--------------------------[NEW ITERATION]
[ a , EQUALS , 2 , MULT , 2 ] 

[DOING] OPERator at INDEX: 1 <<PRIORITY>> 2 

[TRYING SETTING] [ a ] WITH [ 2 , MULT , 2 ] 


--------------------------[NEW ITERATION]
[ a ] 

[DOING] OPERator at INDEX: -1 <<PRIORITY>> 100 
[ a ] 
6 [3] 
false 


--------------------------[NEW ITERATION]
[ 2 , MULT , 2 ] 

[DOING] OPERator at INDEX: 1 <<PRIORITY>> 14 
 
[TRYING MULTIPLICATE] [ 2 ] WITH [ 2 ] 


--------------------------[NEW ITERATION]
[ 2 ] 

[DOING] OPERator at INDEX: -1 <<PRIORITY>> 100 
[ 2 ] 
3 [3] 
true 
[EXECUTING  METHODE<<2>>]
 
[ a , EQUALS , 2 , MULT , 2 , ; , a , EQUALS , 2 , MULT , 2 , ; ]---------NEW LINE---------
[ a , EQUALS , 2 , MULT , 2 ]
-------------------- 
---------NEW LINE---------
[ a , EQUALS , 2 , MULT , 2 ]
-------------------- 
--------[EXEC CODE]:
[ a , EQUALS , 2 , MULT , 2 ]
-------------- 


--------------------------[NEW ITERATION]
[ a , EQUALS , 2 , MULT , 2 ] 

[DOING] OPERator at INDEX: 1 <<PRIORITY>> 2 

[TRYING SETTING] [ a ] WITH [ 2 , MULT , 2 ] 


--------------------------[NEW ITERATION]
[ a ] 

[DOING] OPERator at INDEX: -1 <<PRIORITY>> 100 
[ a ] 
6 [3] 
false 


--------------------------[NEW ITERATION]
[ 2 , MULT , 2 ] 

[DOING] OPERator at INDEX: 1 <<PRIORITY>> 14 
 
[TRYING MULTIPLICATE] [ 2 ] WITH [ 2 ] 


--------------------------[NEW ITERATION]
[ 2 ] 

[DOING] OPERator at INDEX: -1 <<PRIORITY>> 100 
[ 2 ] 
1 [3] 
false 


--------------------------[NEW ITERATION]
[ 2 ] 

[DOING] OPERator at INDEX: -1 <<PRIORITY>> 100 
[ 2 ] 
2 [3] 
false 
[OPERATION Mult] 
4 
[STORING] id 37 name [ a ] with TOKEN 1111111000000000000000000100101 ON 6 value [ 4 ] 

-------Buffer----------
[2, 2, 2, 2, 2, 4, 4, 4, 4, 4, 4, 4, 4, 4, 4, 4, 4, 4, 4, 4, 4, 4, 4, 4, 4, 4, 4, 4, 4, 4, 4, 4, 4, 4, 4, 4, 4, 4]
----------------------------- 
-------cBUFFER---------
[0, 98, 0, 104, 105, 0, 97, 0]
-------------------------- 
[RETURN VALUE] [ 4 ] 
--------[EXEC CODE]:
[ a , EQUALS , 2 , MULT , 2 ]
-------------- 


--------------------------[NEW ITERATION]
[ a , EQUALS , 2 , MULT , 2 ] 

[DOING] OPERator at INDEX: 1 <<PRIORITY>> 2 

[TRYING SETTING] [ a ] WITH [ 2 , MULT , 2 ] 


--------------------------[NEW ITERATION]
[ a ] 

[DOING] OPERator at INDEX: -1 <<PRIORITY>> 100 
[ a ] 
6 [3] 
false 


--------------------------[NEW ITERATION]
[ 2 , MULT , 2 ] 

[DOING] OPERator at INDEX: 1 <<PRIORITY>> 14 
 
[TRYING MULTIPLICATE] [ 2 ] WITH [ 2 ] 


--------------------------[NEW ITERATION]
[ 2 ] 

[DOING] OPERator at INDEX: -1 <<PRIORITY>> 100 
[ 2 ] 
3 [3] 
true 
[EXECUTING  METHODE<<2>>]
 
[ a , EQUALS , 2 , MULT , 2 , ; , a , EQUALS , 2 , MULT , 2 , ; ]---------NEW LINE---------
[ a , EQUALS , 2 , MULT , 2 ]
-------------------- 
---------NEW LINE---------
[ a , EQUALS , 2 , MULT , 2 ]
-------------------- 
--------[EXEC CODE]:
[ a , EQUALS , 2 , MULT , 2 ]
-------------- 


--------------------------[NEW ITERATION]
[ a , EQUALS , 2 , MULT , 2 ] 

[DOING] OPERator at INDEX: 1 <<PRIORITY>> 2 

[TRYING SETTING] [ a ] WITH [ 2 , MULT , 2 ] 


--------------------------[NEW ITERATION]
[ a ] 

[DOING] OPERator at INDEX: -1 <<PRIORITY>> 100 
[ a ] 
6 [3] 
false 


--------------------------[NEW ITERATION]
[ 2 , MULT , 2 ] 

[DOING] OPERator at INDEX: 1 <<PRIORITY>> 14 
 
[TRYING MULTIPLICATE] [ 2 ] WITH [ 2 ] 


--------------------------[NEW ITERATION]
[ 2 ] 

[DOING] OPERator at INDEX: -1 <<PRIORITY>> 100 
[ 2 ] 
1 [3] 
false 


--------------------------[NEW ITERATION]
[ 2 ] 

[DOING] OPERator at INDEX: -1 <<PRIORITY>> 100 
[ 2 ] 
2 [3] 
false 
[OPERATION Mult] 
4 
[STORING] id 38 name [ a ] with TOKEN 1111111000000000000000000100110 ON 6 value [ 4 ] 

-------Buffer----------
[2, 2, 2, 2, 2, 4, 4, 4, 4, 4, 4, 4, 4, 4, 4, 4, 4, 4, 4, 4, 4, 4, 4, 4, 4, 4, 4, 4, 4, 4, 4, 4, 4, 4, 4, 4, 4, 4, 4]
----------------------------- 
-------cBUFFER---------
[0, 98, 0, 104, 105, 0, 97, 0]
-------------------------- 
[RETURN VALUE] [ 4 ] 
--------[EXEC CODE]:
[ a , EQUALS , 2 , MULT , 2 ]
-------------- 


--------------------------[NEW ITERATION]
[ a , EQUALS , 2 , MULT , 2 ] 

[DOING] OPERator at INDEX: 1 <<PRIORITY>> 2 

[TRYING SETTING] [ a ] WITH [ 2 , MULT , 2 ] 


--------------------------[NEW ITERATION]
[ a ] 

[DOING] OPERator at INDEX: -1 <<PRIORITY>> 100 
[ a ] 
6 [3] 
false 


--------------------------[NEW ITERATION]
[ 2 , MULT , 2 ] 

[DOING] OPERator at INDEX: 1 <<PRIORITY>> 14 
 
[TRYING MULTIPLICATE] [ 2 ] WITH [ 2 ] 


--------------------------[NEW ITERATION]
[ 2 ] 

[DOING] OPERator at INDEX: -1 <<PRIORITY>> 100 
[ 2 ] 
3 [3] 
true 
[EXECUTING  METHODE<<2>>]
 
[ a , EQUALS , 2 , MULT , 2 , ; , a , EQUALS , 2 , MULT , 2 , ; ]---------NEW LINE---------
[ a , EQUALS , 2 , MULT , 2 ]
-------------------- 
---------NEW LINE---------
[ a , EQUALS , 2 , MULT , 2 ]
-------------------- 
--------[EXEC CODE]:
[ a , EQUALS , 2 , MULT , 2 ]
-------------- 


--------------------------[NEW ITERATION]
[ a , EQUALS , 2 , MULT , 2 ] 

[DOING] OPERator at INDEX: 1 <<PRIORITY>> 2 

[TRYING SETTING] [ a ] WITH [ 2 , MULT , 2 ] 


--------------------------[NEW ITERATION]
[ a ] 

[DOING] OPERator at INDEX: -1 <<PRIORITY>> 100 
[ a ] 
6 [3] 
false 


--------------------------[NEW ITERATION]
[ 2 , MULT , 2 ] 

[DOING] OPERator at INDEX: 1 <<PRIORITY>> 14 
 
[TRYING MULTIPLICATE] [ 2 ] WITH [ 2 ] 


--------------------------[NEW ITERATION]
[ 2 ] 

[DOING] OPERator at INDEX: -1 <<PRIORITY>> 100 
[ 2 ] 
1 [3] 
false 


--------------------------[NEW ITERATION]
[ 2 ] 

[DOING] OPERator at INDEX: -1 <<PRIORITY>> 100 
[ 2 ] 
2 [3] 
false 
[OPERATION Mult] 
4 
[STORING] id 39 name [ a ] with TOKEN 1111111000000000000000000100111 ON 6 value [ 4 ] 

-------Buffer----------
[2, 2, 2, 2, 2, 4, 4, 4, 4, 4, 4, 4, 4, 4, 4, 4, 4, 4, 4, 4, 4, 4, 4, 4, 4, 4, 4, 4, 4, 4, 4, 4, 4, 4, 4, 4, 4, 4, 4, 4]
----------------------------- 
-------cBUFFER---------
[0, 98, 0, 104, 105, 0, 97, 0]
-------------------------- 
[RETURN VALUE] [ 4 ] 
--------[EXEC CODE]:
[ a , EQUALS , 2 , MULT , 2 ]
-------------- 


--------------------------[NEW ITERATION]
[ a , EQUALS , 2 , MULT , 2 ] 

[DOING] OPERator at INDEX: 1 <<PRIORITY>> 2 

[TRYING SETTING] [ a ] WITH [ 2 , MULT , 2 ] 


--------------------------[NEW ITERATION]
[ a ] 

[DOING] OPERator at INDEX: -1 <<PRIORITY>> 100 
[ a ] 
6 [3] 
false 


--------------------------[NEW ITERATION]
[ 2 , MULT , 2 ] 

[DOING] OPERator at INDEX: 1 <<PRIORITY>> 14 
 
[TRYING MULTIPLICATE] [ 2 ] WITH [ 2 ] 


--------------------------[NEW ITERATION]
[ 2 ] 

[DOING] OPERator at INDEX: -1 <<PRIORITY>> 100 
[ 2 ] 
3 [3] 
true 
[EXECUTING  METHODE<<2>>]
 
[ a , EQUALS , 2 , MULT , 2 , ; , a , EQUALS , 2 , MULT , 2 , ; ]---------NEW LINE---------
[ a , EQUALS , 2 , MULT , 2 ]
-------------------- 
---------NEW LINE---------
[ a , EQUALS , 2 , MULT , 2 ]
-------------------- 
--------[EXEC CODE]:
[ a , EQUALS , 2 , MULT , 2 ]
-------------- 


--------------------------[NEW ITERATION]
[ a , EQUALS , 2 , MULT , 2 ] 

[DOING] OPERator at INDEX: 1 <<PRIORITY>> 2 

[TRYING SETTING] [ a ] WITH [ 2 , MULT , 2 ] 


--------------------------[NEW ITERATION]
[ a ] 

[DOING] OPERator at INDEX: -1 <<PRIORITY>> 100 
[ a ] 
6 [3] 
false 


--------------------------[NEW ITERATION]
[ 2 , MULT , 2 ] 

[DOING] OPERator at INDEX: 1 <<PRIORITY>> 14 
 
[TRYING MULTIPLICATE] [ 2 ] WITH [ 2 ] 


--------------------------[NEW ITERATION]
[ 2 ] 

[DOING] OPERator at INDEX: -1 <<PRIORITY>> 100 
[ 2 ] 
1 [3] 
false 


--------------------------[NEW ITERATION]
[ 2 ] 

[DOING] OPERator at INDEX: -1 <<PRIORITY>> 100 
[ 2 ] 
2 [3] 
false 
[OPERATION Mult] 
4 
[STORING] id 40 name [ a ] with TOKEN 1111111000000000000000000101000 ON 6 value [ 4 ] 

-------Buffer----------
[2, 2, 2, 2, 2, 4, 4, 4, 4, 4, 4, 4, 4, 4, 4, 4, 4, 4, 4, 4, 4, 4, 4, 4, 4, 4, 4, 4, 4, 4, 4, 4, 4, 4, 4, 4, 4, 4, 4, 4, 4]
----------------------------- 
-------cBUFFER---------
[0, 98, 0, 104, 105, 0, 97, 0]
-------------------------- 
[RETURN VALUE] [ 4 ] 
--------[EXEC CODE]:
[ a , EQUALS , 2 , MULT , 2 ]
-------------- 


--------------------------[NEW ITERATION]
[ a , EQUALS , 2 , MULT , 2 ] 

[DOING] OPERator at INDEX: 1 <<PRIORITY>> 2 

[TRYING SETTING] [ a ] WITH [ 2 , MULT , 2 ] 


--------------------------[NEW ITERATION]
[ a ] 

[DOING] OPERator at INDEX: -1 <<PRIORITY>> 100 
[ a ] 
6 [3] 
false 


--------------------------[NEW ITERATION]
[ 2 , MULT , 2 ] 

[DOING] OPERator at INDEX: 1 <<PRIORITY>> 14 
 
[TRYING MULTIPLICATE] [ 2 ] WITH [ 2 ] 


--------------------------[NEW ITERATION]
[ 2 ] 

[DOING] OPERator at INDEX: -1 <<PRIORITY>> 100 
[ 2 ] 
3 [3] 
true 
[EXECUTING  METHODE<<2>>]
 
[ a , EQUALS , 2 , MULT , 2 , ; , a , EQUALS , 2 , MULT , 2 , ; ]---------NEW LINE---------
[ a , EQUALS , 2 , MULT , 2 ]
-------------------- 
---------NEW LINE---------
[ a , EQUALS , 2 , MULT , 2 ]
-------------------- 
--------[EXEC CODE]:
[ a , EQUALS , 2 , MULT , 2 ]
-------------- 


--------------------------[NEW ITERATION]
[ a , EQUALS , 2 , MULT , 2 ] 

[DOING] OPERator at INDEX: 1 <<PRIORITY>> 2 

[TRYING SETTING] [ a ] WITH [ 2 , MULT , 2 ] 


--------------------------[NEW ITERATION]
[ a ] 

[DOING] OPERator at INDEX: -1 <<PRIORITY>> 100 
[ a ] 
6 [3] 
false 


--------------------------[NEW ITERATION]
[ 2 , MULT , 2 ] 

[DOING] OPERator at INDEX: 1 <<PRIORITY>> 14 
 
[TRYING MULTIPLICATE] [ 2 ] WITH [ 2 ] 


--------------------------[NEW ITERATION]
[ 2 ] 

[DOING] OPERator at INDEX: -1 <<PRIORITY>> 100 
[ 2 ] 
1 [3] 
false 


--------------------------[NEW ITERATION]
[ 2 ] 

[DOING] OPERator at INDEX: -1 <<PRIORITY>> 100 
[ 2 ] 
2 [3] 
false 
[OPERATION Mult] 
4 
[STORING] id 41 name [ a ] with TOKEN 1111111000000000000000000101001 ON 6 value [ 4 ] 

-------Buffer----------
[2, 2, 2, 2, 2, 4, 4, 4, 4, 4, 4, 4, 4, 4, 4, 4, 4, 4, 4, 4, 4, 4, 4, 4, 4, 4, 4, 4, 4, 4, 4, 4, 4, 4, 4, 4, 4, 4, 4, 4, 4, 4]
----------------------------- 
-------cBUFFER---------
[0, 98, 0, 104, 105, 0, 97, 0]
-------------------------- 
[RETURN VALUE] [ 4 ] 
--------[EXEC CODE]:
[ a , EQUALS , 2 , MULT , 2 ]
-------------- 


--------------------------[NEW ITERATION]
[ a , EQUALS , 2 , MULT , 2 ] 

[DOING] OPERator at INDEX: 1 <<PRIORITY>> 2 

[TRYING SETTING] [ a ] WITH [ 2 , MULT , 2 ] 


--------------------------[NEW ITERATION]
[ a ] 

[DOING] OPERator at INDEX: -1 <<PRIORITY>> 100 
[ a ] 
6 [3] 
false 


--------------------------[NEW ITERATION]
[ 2 , MULT , 2 ] 

[DOING] OPERator at INDEX: 1 <<PRIORITY>> 14 
 
[TRYING MULTIPLICATE] [ 2 ] WITH [ 2 ] 


--------------------------[NEW ITERATION]
[ 2 ] 

[DOING] OPERator at INDEX: -1 <<PRIORITY>> 100 
[ 2 ] 
3 [3] 
true 
[EXECUTING  METHODE<<2>>]
 
[ a , EQUALS , 2 , MULT , 2 , ; , a , EQUALS , 2 , MULT , 2 , ; ]---------NEW LINE---------
[ a , EQUALS , 2 , MULT , 2 ]
-------------------- 
---------NEW LINE---------
[ a , EQUALS , 2 , MULT , 2 ]
-------------------- 
--------[EXEC CODE]:
[ a , EQUALS , 2 , MULT , 2 ]
-------------- 


--------------------------[NEW ITERATION]
[ a , EQUALS , 2 , MULT , 2 ] 

[DOING] OPERator at INDEX: 1 <<PRIORITY>> 2 

[TRYING SETTING] [ a ] WITH [ 2 , MULT , 2 ] 


--------------------------[NEW ITERATION]
[ a ] 

[DOING] OPERator at INDEX: -1 <<PRIORITY>> 100 
[ a ] 
6 [3] 
false 


--------------------------[NEW ITERATION]
[ 2 , MULT , 2 ] 

[DOING] OPERator at INDEX: 1 <<PRIORITY>> 14 
 
[TRYING MULTIPLICATE] [ 2 ] WITH [ 2 ] 


--------------------------[NEW ITERATION]
[ 2 ] 

[DOING] OPERator at INDEX: -1 <<PRIORITY>> 100 
[ 2 ] 
1 [3] 
false 


--------------------------[NEW ITERATION]
[ 2 ] 

[DOING] OPERator at INDEX: -1 <<PRIORITY>> 100 
[ 2 ] 
2 [3] 
false 
[OPERATION Mult] 
4 
[STORING] id 42 name [ a ] with TOKEN 1111111000000000000000000101010 ON 6 value [ 4 ] 

-------Buffer----------
[2, 2, 2, 2, 2, 4, 4, 4, 4, 4, 4, 4, 4, 4, 4, 4, 4, 4, 4, 4, 4, 4, 4, 4, 4, 4, 4, 4, 4, 4, 4, 4, 4, 4, 4, 4, 4, 4, 4, 4, 4, 4, 4]
----------------------------- 
-------cBUFFER---------
[0, 98, 0, 104, 105, 0, 97, 0]
-------------------------- 
[RETURN VALUE] [ 4 ] 
--------[EXEC CODE]:
[ a , EQUALS , 2 , MULT , 2 ]
-------------- 


--------------------------[NEW ITERATION]
[ a , EQUALS , 2 , MULT , 2 ] 

[DOING] OPERator at INDEX: 1 <<PRIORITY>> 2 

[TRYING SETTING] [ a ] WITH [ 2 , MULT , 2 ] 


--------------------------[NEW ITERATION]
[ a ] 

[DOING] OPERator at INDEX: -1 <<PRIORITY>> 100 
[ a ] 
6 [3] 
false 


--------------------------[NEW ITERATION]
[ 2 , MULT , 2 ] 

[DOING] OPERator at INDEX: 1 <<PRIORITY>> 14 
 
[TRYING MULTIPLICATE] [ 2 ] WITH [ 2 ] 


--------------------------[NEW ITERATION]
[ 2 ] 

[DOING] OPERator at INDEX: -1 <<PRIORITY>> 100 
[ 2 ] 
3 [3] 
true 
[EXECUTING  METHODE<<2>>]
 
[ a , EQUALS , 2 , MULT , 2 , ; , a , EQUALS , 2 , MULT , 2 , ; ]---------NEW LINE---------
[ a , EQUALS , 2 , MULT , 2 ]
-------------------- 
---------NEW LINE---------
[ a , EQUALS , 2 , MULT , 2 ]
-------------------- 
--------[EXEC CODE]:
[ a , EQUALS , 2 , MULT , 2 ]
-------------- 


--------------------------[NEW ITERATION]
[ a , EQUALS , 2 , MULT , 2 ] 

[DOING] OPERator at INDEX: 1 <<PRIORITY>> 2 

[TRYING SETTING] [ a ] WITH [ 2 , MULT , 2 ] 


--------------------------[NEW ITERATION]
[ a ] 

[DOING] OPERator at INDEX: -1 <<PRIORITY>> 100 
[ a ] 
6 [3] 
false 


--------------------------[NEW ITERATION]
[ 2 , MULT , 2 ] 

[DOING] OPERator at INDEX: 1 <<PRIORITY>> 14 
 
[TRYING MULTIPLICATE] [ 2 ] WITH [ 2 ] 


--------------------------[NEW ITERATION]
[ 2 ] 

[DOING] OPERator at INDEX: -1 <<PRIORITY>> 100 
[ 2 ] 
1 [3] 
false 


--------------------------[NEW ITERATION]
[ 2 ] 

[DOING] OPERator at INDEX: -1 <<PRIORITY>> 100 
[ 2 ] 
2 [3] 
false 
[OPERATION Mult] 
4 
[STORING] id 43 name [ a ] with TOKEN 1111111000000000000000000101011 ON 6 value [ 4 ] 

-------Buffer----------
[2, 2, 2, 2, 2, 4, 4, 4, 4, 4, 4, 4, 4, 4, 4, 4, 4, 4, 4, 4, 4, 4, 4, 4, 4, 4, 4, 4, 4, 4, 4, 4, 4, 4, 4, 4, 4, 4, 4, 4, 4, 4, 4, 4]
----------------------------- 
-------cBUFFER---------
[0, 98, 0, 104, 105, 0, 97, 0]
-------------------------- 
[RETURN VALUE] [ 4 ] 
--------[EXEC CODE]:
[ a , EQUALS , 2 , MULT , 2 ]
-------------- 


--------------------------[NEW ITERATION]
[ a , EQUALS , 2 , MULT , 2 ] 

[DOING] OPERator at INDEX: 1 <<PRIORITY>> 2 

[TRYING SETTING] [ a ] WITH [ 2 , MULT , 2 ] 


--------------------------[NEW ITERATION]
[ a ] 

[DOING] OPERator at INDEX: -1 <<PRIORITY>> 100 
[ a ] 
6 [3] 
false 


--------------------------[NEW ITERATION]
[ 2 , MULT , 2 ] 

[DOING] OPERator at INDEX: 1 <<PRIORITY>> 14 
 
[TRYING MULTIPLICATE] [ 2 ] WITH [ 2 ] 


--------------------------[NEW ITERATION]
[ 2 ] 

[DOING] OPERator at INDEX: -1 <<PRIORITY>> 100 
[ 2 ] 
3 [3] 
true 
[EXECUTING  METHODE<<2>>]
 
[ a , EQUALS , 2 , MULT , 2 , ; , a , EQUALS , 2 , MULT , 2 , ; ]---------NEW LINE---------
[ a , EQUALS , 2 , MULT , 2 ]
-------------------- 
---------NEW LINE---------
[ a , EQUALS , 2 , MULT , 2 ]
-------------------- 
--------[EXEC CODE]:
[ a , EQUALS , 2 , MULT , 2 ]
-------------- 


--------------------------[NEW ITERATION]
[ a , EQUALS , 2 , MULT , 2 ] 

[DOING] OPERator at INDEX: 1 <<PRIORITY>> 2 

[TRYING SETTING] [ a ] WITH [ 2 , MULT , 2 ] 


--------------------------[NEW ITERATION]
[ a ] 

[DOING] OPERator at INDEX: -1 <<PRIORITY>> 100 
[ a ] 
6 [3] 
false 


--------------------------[NEW ITERATION]
[ 2 , MULT , 2 ] 

[DOING] OPERator at INDEX: 1 <<PRIORITY>> 14 
 
[TRYING MULTIPLICATE] [ 2 ] WITH [ 2 ] 


--------------------------[NEW ITERATION]
[ 2 ] 

[DOING] OPERator at INDEX: -1 <<PRIORITY>> 100 
[ 2 ] 
1 [3] 
false 


--------------------------[NEW ITERATION]
[ 2 ] 

[DOING] OPERator at INDEX: -1 <<PRIORITY>> 100 
[ 2 ] 
2 [3] 
false 
[OPERATION Mult] 
4 
[STORING] id 44 name [ a ] with TOKEN 1111111000000000000000000101100 ON 6 value [ 4 ] 

-------Buffer----------
[2, 2, 2, 2, 2, 4, 4, 4, 4, 4, 4, 4, 4, 4, 4, 4, 4, 4, 4, 4, 4, 4, 4, 4, 4, 4, 4, 4, 4, 4, 4, 4, 4, 4, 4, 4, 4, 4, 4, 4, 4, 4, 4, 4, 4]
----------------------------- 
-------cBUFFER---------
[0, 98, 0, 104, 105, 0, 97, 0]
-------------------------- 
[RETURN VALUE] [ 4 ] 
--------[EXEC CODE]:
[ a , EQUALS , 2 , MULT , 2 ]
-------------- 


--------------------------[NEW ITERATION]
[ a , EQUALS , 2 , MULT , 2 ] 

[DOING] OPERator at INDEX: 1 <<PRIORITY>> 2 

[TRYING SETTING] [ a ] WITH [ 2 , MULT , 2 ] 


--------------------------[NEW ITERATION]
[ a ] 

[DOING] OPERator at INDEX: -1 <<PRIORITY>> 100 
[ a ] 
6 [3] 
false 


--------------------------[NEW ITERATION]
[ 2 , MULT , 2 ] 

[DOING] OPERator at INDEX: 1 <<PRIORITY>> 14 
 
[TRYING MULTIPLICATE] [ 2 ] WITH [ 2 ] 


--------------------------[NEW ITERATION]
[ 2 ] 

[DOING] OPERator at INDEX: -1 <<PRIORITY>> 100 
[ 2 ] 
3 [3] 
true 
[EXECUTING  METHODE<<2>>]
 
[ a , EQUALS , 2 , MULT , 2 , ; , a , EQUALS , 2 , MULT , 2 , ; ]---------NEW LINE---------
[ a , EQUALS , 2 , MULT , 2 ]
-------------------- 
---------NEW LINE---------
[ a , EQUALS , 2 , MULT , 2 ]
-------------------- 
--------[EXEC CODE]:
[ a , EQUALS , 2 , MULT , 2 ]
-------------- 


--------------------------[NEW ITERATION]
[ a , EQUALS , 2 , MULT , 2 ] 

[DOING] OPERator at INDEX: 1 <<PRIORITY>> 2 

[TRYING SETTING] [ a ] WITH [ 2 , MULT , 2 ] 


--------------------------[NEW ITERATION]
[ a ] 

[DOING] OPERator at INDEX: -1 <<PRIORITY>> 100 
[ a ] 
6 [3] 
false 


--------------------------[NEW ITERATION]
[ 2 , MULT , 2 ] 

[DOING] OPERator at INDEX: 1 <<PRIORITY>> 14 
 
[TRYING MULTIPLICATE] [ 2 ] WITH [ 2 ] 


--------------------------[NEW ITERATION]
[ 2 ] 

[DOING] OPERator at INDEX: -1 <<PRIORITY>> 100 
[ 2 ] 
1 [3] 
false 


--------------------------[NEW ITERATION]
[ 2 ] 

[DOING] OPERator at INDEX: -1 <<PRIORITY>> 100 
[ 2 ] 
2 [3] 
false 
[OPERATION Mult] 
4 
[STORING] id 45 name [ a ] with TOKEN 1111111000000000000000000101101 ON 6 value [ 4 ] 

-------Buffer----------
[2, 2, 2, 2, 2, 4, 4, 4, 4, 4, 4, 4, 4, 4, 4, 4, 4, 4, 4, 4, 4, 4, 4, 4, 4, 4, 4, 4, 4, 4, 4, 4, 4, 4, 4, 4, 4, 4, 4, 4, 4, 4, 4, 4, 4, 4]
----------------------------- 
-------cBUFFER---------
[0, 98, 0, 104, 105, 0, 97, 0]
-------------------------- 
[RETURN VALUE] [ 4 ] 
--------[EXEC CODE]:
[ a , EQUALS , 2 , MULT , 2 ]
-------------- 


--------------------------[NEW ITERATION]
[ a , EQUALS , 2 , MULT , 2 ] 

[DOING] OPERator at INDEX: 1 <<PRIORITY>> 2 

[TRYING SETTING] [ a ] WITH [ 2 , MULT , 2 ] 


--------------------------[NEW ITERATION]
[ a ] 

[DOING] OPERator at INDEX: -1 <<PRIORITY>> 100 
[ a ] 
6 [3] 
false 


--------------------------[NEW ITERATION]
[ 2 , MULT , 2 ] 

[DOING] OPERator at INDEX: 1 <<PRIORITY>> 14 
 
[TRYING MULTIPLICATE] [ 2 ] WITH [ 2 ] 


--------------------------[NEW ITERATION]
[ 2 ] 

[DOING] OPERator at INDEX: -1 <<PRIORITY>> 100 
[ 2 ] 
3 [3] 
true 
[EXECUTING  METHODE<<2>>]
 
[ a , EQUALS , 2 , MULT , 2 , ; , a , EQUALS , 2 , MULT , 2 , ; ]---------NEW LINE---------
[ a , EQUALS , 2 , MULT , 2 ]
-------------------- 
---------NEW LINE---------
[ a , EQUALS , 2 , MULT , 2 ]
-------------------- 
--------[EXEC CODE]:
[ a , EQUALS , 2 , MULT , 2 ]
-------------- 


--------------------------[NEW ITERATION]
[ a , EQUALS , 2 , MULT , 2 ] 

[DOING] OPERator at INDEX: 1 <<PRIORITY>> 2 

[TRYING SETTING] [ a ] WITH [ 2 , MULT , 2 ] 


--------------------------[NEW ITERATION]
[ a ] 

[DOING] OPERator at INDEX: -1 <<PRIORITY>> 100 
[ a ] 
6 [3] 
false 


--------------------------[NEW ITERATION]
[ 2 , MULT , 2 ] 

[DOING] OPERator at INDEX: 1 <<PRIORITY>> 14 
 
[TRYING MULTIPLICATE] [ 2 ] WITH [ 2 ] 


--------------------------[NEW ITERATION]
[ 2 ] 

[DOING] OPERator at INDEX: -1 <<PRIORITY>> 100 
[ 2 ] 
1 [3] 
false 


--------------------------[NEW ITERATION]
[ 2 ] 

[DOING] OPERator at INDEX: -1 <<PRIORITY>> 100 
[ 2 ] 
2 [3] 
false 
[OPERATION Mult] 
4 
[STORING] id 46 name [ a ] with TOKEN 1111111000000000000000000101110 ON 6 value [ 4 ] 

-------Buffer----------
[2, 2, 2, 2, 2, 4, 4, 4, 4, 4, 4, 4, 4, 4, 4, 4, 4, 4, 4, 4, 4, 4, 4, 4, 4, 4, 4, 4, 4, 4, 4, 4, 4, 4, 4, 4, 4, 4, 4, 4, 4, 4, 4, 4, 4, 4, 4]
----------------------------- 
-------cBUFFER---------
[0, 98, 0, 104, 105, 0, 97, 0]
-------------------------- 
[RETURN VALUE] [ 4 ] 
--------[EXEC CODE]:
[ a , EQUALS , 2 , MULT , 2 ]
-------------- 


--------------------------[NEW ITERATION]
[ a , EQUALS , 2 , MULT , 2 ] 

[DOING] OPERator at INDEX: 1 <<PRIORITY>> 2 

[TRYING SETTING] [ a ] WITH [ 2 , MULT , 2 ] 


--------------------------[NEW ITERATION]
[ a ] 

[DOING] OPERator at INDEX: -1 <<PRIORITY>> 100 
[ a ] 
6 [3] 
false 


--------------------------[NEW ITERATION]
[ 2 , MULT , 2 ] 

[DOING] OPERator at INDEX: 1 <<PRIORITY>> 14 
 
[TRYING MULTIPLICATE] [ 2 ] WITH [ 2 ] 


--------------------------[NEW ITERATION]
[ 2 ] 

[DOING] OPERator at INDEX: -1 <<PRIORITY>> 100 
[ 2 ] 
3 [3] 
true 
[EXECUTING  METHODE<<2>>]
 
[ a , EQUALS , 2 , MULT , 2 , ; , a , EQUALS , 2 , MULT , 2 , ; ]---------NEW LINE---------
[ a , EQUALS , 2 , MULT , 2 ]
-------------------- 
---------NEW LINE---------
[ a , EQUALS , 2 , MULT , 2 ]
-------------------- 
--------[EXEC CODE]:
[ a , EQUALS , 2 , MULT , 2 ]
-------------- 


--------------------------[NEW ITERATION]
[ a , EQUALS , 2 , MULT , 2 ] 

[DOING] OPERator at INDEX: 1 <<PRIORITY>> 2 

[TRYING SETTING] [ a ] WITH [ 2 , MULT , 2 ] 


--------------------------[NEW ITERATION]
[ a ] 

[DOING] OPERator at INDEX: -1 <<PRIORITY>> 100 
[ a ] 
6 [3] 
false 


--------------------------[NEW ITERATION]
[ 2 , MULT , 2 ] 

[DOING] OPERator at INDEX: 1 <<PRIORITY>> 14 
 
[TRYING MULTIPLICATE] [ 2 ] WITH [ 2 ] 


--------------------------[NEW ITERATION]
[ 2 ] 

[DOING] OPERator at INDEX: -1 <<PRIORITY>> 100 
[ 2 ] 
1 [3] 
false 


--------------------------[NEW ITERATION]
[ 2 ] 

[DOING] OPERator at INDEX: -1 <<PRIORITY>> 100 
[ 2 ] 
2 [3] 
false 
[OPERATION Mult] 
4 
[STORING] id 47 name [ a ] with TOKEN 1111111000000000000000000101111 ON 6 value [ 4 ] 

-------Buffer----------
[2, 2, 2, 2, 2, 4, 4, 4, 4, 4, 4, 4, 4, 4, 4, 4, 4, 4, 4, 4, 4, 4, 4, 4, 4, 4, 4, 4, 4, 4, 4, 4, 4, 4, 4, 4, 4, 4, 4, 4, 4, 4, 4, 4, 4, 4, 4, 4]
----------------------------- 
-------cBUFFER---------
[0, 98, 0, 104, 105, 0, 97, 0]
-------------------------- 
[RETURN VALUE] [ 4 ] 
--------[EXEC CODE]:
[ a , EQUALS , 2 , MULT , 2 ]
-------------- 


--------------------------[NEW ITERATION]
[ a , EQUALS , 2 , MULT , 2 ] 

[DOING] OPERator at INDEX: 1 <<PRIORITY>> 2 

[TRYING SETTING] [ a ] WITH [ 2 , MULT , 2 ] 


--------------------------[NEW ITERATION]
[ a ] 

[DOING] OPERator at INDEX: -1 <<PRIORITY>> 100 
[ a ] 
6 [3] 
false 


--------------------------[NEW ITERATION]
[ 2 , MULT , 2 ] 

[DOING] OPERator at INDEX: 1 <<PRIORITY>> 14 
 
[TRYING MULTIPLICATE] [ 2 ] WITH [ 2 ] 


--------------------------[NEW ITERATION]
[ 2 ] 

[DOING] OPERator at INDEX: -1 <<PRIORITY>> 100 
[ 2 ] 
3 [3] 
true 
[EXECUTING  METHODE<<2>>]
 
[ a , EQUALS , 2 , MULT , 2 , ; , a , EQUALS , 2 , MULT , 2 , ; ]---------NEW LINE---------
[ a , EQUALS , 2 , MULT , 2 ]
-------------------- 
---------NEW LINE---------
[ a , EQUALS , 2 , MULT , 2 ]
-------------------- 
--------[EXEC CODE]:
[ a , EQUALS , 2 , MULT , 2 ]
-------------- 


--------------------------[NEW ITERATION]
[ a , EQUALS , 2 , MULT , 2 ] 

[DOING] OPERator at INDEX: 1 <<PRIORITY>> 2 

[TRYING SETTING] [ a ] WITH [ 2 , MULT , 2 ] 


--------------------------[NEW ITERATION]
[ a ] 

[DOING] OPERator at INDEX: -1 <<PRIORITY>> 100 
[ a ] 
6 [3] 
false 


--------------------------[NEW ITERATION]
[ 2 , MULT , 2 ] 

[DOING] OPERator at INDEX: 1 <<PRIORITY>> 14 
 
[TRYING MULTIPLICATE] [ 2 ] WITH [ 2 ] 


--------------------------[NEW ITERATION]
[ 2 ] 

[DOING] OPERator at INDEX: -1 <<PRIORITY>> 100 
[ 2 ] 
1 [3] 
false 


--------------------------[NEW ITERATION]
[ 2 ] 

[DOING] OPERator at INDEX: -1 <<PRIORITY>> 100 
[ 2 ] 
2 [3] 
false 
[OPERATION Mult] 
4 
[STORING] id 48 name [ a ] with TOKEN 1111111000000000000000000110000 ON 6 value [ 4 ] 

-------Buffer----------
[2, 2, 2, 2, 2, 4, 4, 4, 4, 4, 4, 4, 4, 4, 4, 4, 4, 4, 4, 4, 4, 4, 4, 4, 4, 4, 4, 4, 4, 4, 4, 4, 4, 4, 4, 4, 4, 4, 4, 4, 4, 4, 4, 4, 4, 4, 4, 4, 4]
----------------------------- 
-------cBUFFER---------
[0, 98, 0, 104, 105, 0, 97, 0]
-------------------------- 
[RETURN VALUE] [ 4 ] 
--------[EXEC CODE]:
[ a , EQUALS , 2 , MULT , 2 ]
-------------- 


--------------------------[NEW ITERATION]
[ a , EQUALS , 2 , MULT , 2 ] 

[DOING] OPERator at INDEX: 1 <<PRIORITY>> 2 

[TRYING SETTING] [ a ] WITH [ 2 , MULT , 2 ] 


--------------------------[NEW ITERATION]
[ a ] 

[DOING] OPERator at INDEX: -1 <<PRIORITY>> 100 
[ a ] 
6 [3] 
false 


--------------------------[NEW ITERATION]
[ 2 , MULT , 2 ] 

[DOING] OPERator at INDEX: 1 <<PRIORITY>> 14 
 
[TRYING MULTIPLICATE] [ 2 ] WITH [ 2 ] 


--------------------------[NEW ITERATION]
[ 2 ] 

[DOING] OPERator at INDEX: -1 <<PRIORITY>> 100 
[ 2 ] 
3 [3] 
true 
[EXECUTING  METHODE<<2>>]
 
[ a , EQUALS , 2 , MULT , 2 , ; , a , EQUALS , 2 , MULT , 2 , ; ]---------NEW LINE---------
[ a , EQUALS , 2 , MULT , 2 ]
-------------------- 
---------NEW LINE---------
[ a , EQUALS , 2 , MULT , 2 ]
-------------------- 
--------[EXEC CODE]:
[ a , EQUALS , 2 , MULT , 2 ]
-------------- 


--------------------------[NEW ITERATION]
[ a , EQUALS , 2 , MULT , 2 ] 

[DOING] OPERator at INDEX: 1 <<PRIORITY>> 2 

[TRYING SETTING] [ a ] WITH [ 2 , MULT , 2 ] 


--------------------------[NEW ITERATION]
[ a ] 

[DOING] OPERator at INDEX: -1 <<PRIORITY>> 100 
[ a ] 
6 [3] 
false 


--------------------------[NEW ITERATION]
[ 2 , MULT , 2 ] 

[DOING] OPERator at INDEX: 1 <<PRIORITY>> 14 
 
[TRYING MULTIPLICATE] [ 2 ] WITH [ 2 ] 


--------------------------[NEW ITERATION]
[ 2 ] 

[DOING] OPERator at INDEX: -1 <<PRIORITY>> 100 
[ 2 ] 
1 [3] 
false 


--------------------------[NEW ITERATION]
[ 2 ] 

[DOING] OPERator at INDEX: -1 <<PRIORITY>> 100 
[ 2 ] 
2 [3] 
false 
[OPERATION Mult] 
4 
[STORING] id 49 name [ a ] with TOKEN 1111111000000000000000000110001 ON 6 value [ 4 ] 

-------Buffer----------
[2, 2, 2, 2, 2, 4, 4, 4, 4, 4, 4, 4, 4, 4, 4, 4, 4, 4, 4, 4, 4, 4, 4, 4, 4, 4, 4, 4, 4, 4, 4, 4, 4, 4, 4, 4, 4, 4, 4, 4, 4, 4, 4, 4, 4, 4, 4, 4, 4, 4]
----------------------------- 
-------cBUFFER---------
[0, 98, 0, 104, 105, 0, 97, 0]
-------------------------- 
[RETURN VALUE] [ 4 ] 
--------[EXEC CODE]:
[ a , EQUALS , 2 , MULT , 2 ]
-------------- 


--------------------------[NEW ITERATION]
[ a , EQUALS , 2 , MULT , 2 ] 

[DOING] OPERator at INDEX: 1 <<PRIORITY>> 2 

[TRYING SETTING] [ a ] WITH [ 2 , MULT , 2 ] 


--------------------------[NEW ITERATION]
[ a ] 

[DOING] OPERator at INDEX: -1 <<PRIORITY>> 100 
[ a ] 
6 [3] 
false 


--------------------------[NEW ITERATION]
[ 2 , MULT , 2 ] 

[DOING] OPERator at INDEX: 1 <<PRIORITY>> 14 
 
[TRYING MULTIPLICATE] [ 2 ] WITH [ 2 ] 


--------------------------[NEW ITERATION]
[ 2 ] 

[DOING] OPERator at INDEX: -1 <<PRIORITY>> 100 
[ 2 ] 
3 [3] 
true 
[EXECUTING  METHODE<<2>>]
 
[ a , EQUALS , 2 , MULT , 2 , ; , a , EQUALS , 2 , MULT , 2 , ; ]---------NEW LINE---------
[ a , EQUALS , 2 , MULT , 2 ]
-------------------- 
---------NEW LINE---------
[ a , EQUALS , 2 , MULT , 2 ]
-------------------- 
--------[EXEC CODE]:
[ a , EQUALS , 2 , MULT , 2 ]
-------------- 


--------------------------[NEW ITERATION]
[ a , EQUALS , 2 , MULT , 2 ] 

[DOING] OPERator at INDEX: 1 <<PRIORITY>> 2 

[TRYING SETTING] [ a ] WITH [ 2 , MULT , 2 ] 


--------------------------[NEW ITERATION]
[ a ] 

[DOING] OPERator at INDEX: -1 <<PRIORITY>> 100 
[ a ] 
6 [3] 
false 


--------------------------[NEW ITERATION]
[ 2 , MULT , 2 ] 

[DOING] OPERator at INDEX: 1 <<PRIORITY>> 14 
 
[TRYING MULTIPLICATE] [ 2 ] WITH [ 2 ] 


--------------------------[NEW ITERATION]
[ 2 ] 

[DOING] OPERator at INDEX: -1 <<PRIORITY>> 100 
[ 2 ] 
1 [3] 
false 


--------------------------[NEW ITERATION]
[ 2 ] 

[DOING] OPERator at INDEX: -1 <<PRIORITY>> 100 
[ 2 ] 
2 [3] 
false 
[OPERATION Mult] 
4 
[STORING] id 50 name [ a ] with TOKEN 1111111000000000000000000110010 ON 6 value [ 4 ] 

-------Buffer----------
[2, 2, 2, 2, 2, 4, 4, 4, 4, 4, 4, 4, 4, 4, 4, 4, 4, 4, 4, 4, 4, 4, 4, 4, 4, 4, 4, 4, 4, 4, 4, 4, 4, 4, 4, 4, 4, 4, 4, 4, 4, 4, 4, 4, 4, 4, 4, 4, 4, 4, 4]
----------------------------- 
-------cBUFFER---------
[0, 98, 0, 104, 105, 0, 97, 0]
-------------------------- 
[RETURN VALUE] [ 4 ] 
--------[EXEC CODE]:
[ a , EQUALS , 2 , MULT , 2 ]
-------------- 


--------------------------[NEW ITERATION]
[ a , EQUALS , 2 , MULT , 2 ] 

[DOING] OPERator at INDEX: 1 <<PRIORITY>> 2 

[TRYING SETTING] [ a ] WITH [ 2 , MULT , 2 ] 


--------------------------[NEW ITERATION]
[ a ] 

[DOING] OPERator at INDEX: -1 <<PRIORITY>> 100 
[ a ] 
6 [3] 
false 


--------------------------[NEW ITERATION]
[ 2 , MULT , 2 ] 

[DOING] OPERator at INDEX: 1 <<PRIORITY>> 14 
 
[TRYING MULTIPLICATE] [ 2 ] WITH [ 2 ] 


--------------------------[NEW ITERATION]
[ 2 ] 

[DOING] OPERator at INDEX: -1 <<PRIORITY>> 100 
[ 2 ] 
3 [3] 
true 
[EXECUTING  METHODE<<2>>]
 
[ a , EQUALS , 2 , MULT , 2 , ; , a , EQUALS , 2 , MULT , 2 , ; ]---------NEW LINE---------
[ a , EQUALS , 2 , MULT , 2 ]
-------------------- 
---------NEW LINE---------
[ a , EQUALS , 2 , MULT , 2 ]
-------------------- 
--------[EXEC CODE]:
[ a , EQUALS , 2 , MULT , 2 ]
-------------- 


--------------------------[NEW ITERATION]
[ a , EQUALS , 2 , MULT , 2 ] 

[DOING] OPERator at INDEX: 1 <<PRIORITY>> 2 

[TRYING SETTING] [ a ] WITH [ 2 , MULT , 2 ] 


--------------------------[NEW ITERATION]
[ a ] 

[DOING] OPERator at INDEX: -1 <<PRIORITY>> 100 
[ a ] 
6 [3] 
false 


--------------------------[NEW ITERATION]
[ 2 , MULT , 2 ] 

[DOING] OPERator at INDEX: 1 <<PRIORITY>> 14 
 
[TRYING MULTIPLICATE] [ 2 ] WITH [ 2 ] 


--------------------------[NEW ITERATION]
[ 2 ] 

[DOING] OPERator at INDEX: -1 <<PRIORITY>> 100 
[ 2 ] 
1 [3] 
false 


--------------------------[NEW ITERATION]
[ 2 ] 

[DOING] OPERator at INDEX: -1 <<PRIORITY>> 100 
[ 2 ] 
2 [3] 
false 
[OPERATION Mult] 
4 
[STORING] id 51 name [ a ] with TOKEN 1111111000000000000000000110011 ON 6 value [ 4 ] 

-------Buffer----------
[2, 2, 2, 2, 2, 4, 4, 4, 4, 4, 4, 4, 4, 4, 4, 4, 4, 4, 4, 4, 4, 4, 4, 4, 4, 4, 4, 4, 4, 4, 4, 4, 4, 4, 4, 4, 4, 4, 4, 4, 4, 4, 4, 4, 4, 4, 4, 4, 4, 4, 4, 4]
----------------------------- 
-------cBUFFER---------
[0, 98, 0, 104, 105, 0, 97, 0]
-------------------------- 
[RETURN VALUE] [ 4 ] 
--------[EXEC CODE]:
[ a , EQUALS , 2 , MULT , 2 ]
-------------- 


--------------------------[NEW ITERATION]
[ a , EQUALS , 2 , MULT , 2 ] 

[DOING] OPERator at INDEX: 1 <<PRIORITY>> 2 

[TRYING SETTING] [ a ] WITH [ 2 , MULT , 2 ] 


--------------------------[NEW ITERATION]
[ a ] 

[DOING] OPERator at INDEX: -1 <<PRIORITY>> 100 
[ a ] 
6 [3] 
false 


--------------------------[NEW ITERATION]
[ 2 , MULT , 2 ] 

[DOING] OPERator at INDEX: 1 <<PRIORITY>> 14 
 
[TRYING MULTIPLICATE] [ 2 ] WITH [ 2 ] 


--------------------------[NEW ITERATION]
[ 2 ] 

[DOING] OPERator at INDEX: -1 <<PRIORITY>> 100 
[ 2 ] 
3 [3] 
true 
[EXECUTING  METHODE<<2>>]
 
[ a , EQUALS , 2 , MULT , 2 , ; , a , EQUALS , 2 , MULT , 2 , ; ]---------NEW LINE---------
[ a , EQUALS , 2 , MULT , 2 ]
-------------------- 
---------NEW LINE---------
[ a , EQUALS , 2 , MULT , 2 ]
-------------------- 
--------[EXEC CODE]:
[ a , EQUALS , 2 , MULT , 2 ]
-------------- 


--------------------------[NEW ITERATION]
[ a , EQUALS , 2 , MULT , 2 ] 

[DOING] OPERator at INDEX: 1 <<PRIORITY>> 2 

[TRYING SETTING] [ a ] WITH [ 2 , MULT , 2 ] 


--------------------------[NEW ITERATION]
[ a ] 

[DOING] OPERator at INDEX: -1 <<PRIORITY>> 100 
[ a ] 
6 [3] 
false 


--------------------------[NEW ITERATION]
[ 2 , MULT , 2 ] 

[DOING] OPERator at INDEX: 1 <<PRIORITY>> 14 
 
[TRYING MULTIPLICATE] [ 2 ] WITH [ 2 ] 


--------------------------[NEW ITERATION]
[ 2 ] 

[DOING] OPERator at INDEX: -1 <<PRIORITY>> 100 
[ 2 ] 
1 [3] 
false 


--------------------------[NEW ITERATION]
[ 2 ] 

[DOING] OPERator at INDEX: -1 <<PRIORITY>> 100 
[ 2 ] 
2 [3] 
false 
[OPERATION Mult] 
4 
[STORING] id 52 name [ a ] with TOKEN 1111111000000000000000000110100 ON 6 value [ 4 ] 

-------Buffer----------
[2, 2, 2, 2, 2, 4, 4, 4, 4, 4, 4, 4, 4, 4, 4, 4, 4, 4, 4, 4, 4, 4, 4, 4, 4, 4, 4, 4, 4, 4, 4, 4, 4, 4, 4, 4, 4, 4, 4, 4, 4, 4, 4, 4, 4, 4, 4, 4, 4, 4, 4, 4, 4]
----------------------------- 
-------cBUFFER---------
[0, 98, 0, 104, 105, 0, 97, 0]
-------------------------- 
[RETURN VALUE] [ 4 ] 
--------[EXEC CODE]:
[ a , EQUALS , 2 , MULT , 2 ]
-------------- 


--------------------------[NEW ITERATION]
[ a , EQUALS , 2 , MULT , 2 ] 

[DOING] OPERator at INDEX: 1 <<PRIORITY>> 2 

[TRYING SETTING] [ a ] WITH [ 2 , MULT , 2 ] 


--------------------------[NEW ITERATION]
[ a ] 

[DOING] OPERator at INDEX: -1 <<PRIORITY>> 100 
[ a ] 
6 [3] 
false 


--------------------------[NEW ITERATION]
[ 2 , MULT , 2 ] 

[DOING] OPERator at INDEX: 1 <<PRIORITY>> 14 
 
[TRYING MULTIPLICATE] [ 2 ] WITH [ 2 ] 


--------------------------[NEW ITERATION]
[ 2 ] 

[DOING] OPERator at INDEX: -1 <<PRIORITY>> 100 
[ 2 ] 
3 [3] 
true 
[EXECUTING  METHODE<<2>>]
 
[ a , EQUALS , 2 , MULT , 2 , ; , a , EQUALS , 2 , MULT , 2 , ; ]---------NEW LINE---------
[ a , EQUALS , 2 , MULT , 2 ]
-------------------- 
---------NEW LINE---------
[ a , EQUALS , 2 , MULT , 2 ]
-------------------- 
--------[EXEC CODE]:
[ a , EQUALS , 2 , MULT , 2 ]
-------------- 


--------------------------[NEW ITERATION]
[ a , EQUALS , 2 , MULT , 2 ] 

[DOING] OPERator at INDEX: 1 <<PRIORITY>> 2 

[TRYING SETTING] [ a ] WITH [ 2 , MULT , 2 ] 


--------------------------[NEW ITERATION]
[ a ] 

[DOING] OPERator at INDEX: -1 <<PRIORITY>> 100 
[ a ] 
6 [3] 
false 


--------------------------[NEW ITERATION]
[ 2 , MULT , 2 ] 

[DOING] OPERator at INDEX: 1 <<PRIORITY>> 14 
 
[TRYING MULTIPLICATE] [ 2 ] WITH [ 2 ] 


--------------------------[NEW ITERATION]
[ 2 ] 

[DOING] OPERator at INDEX: -1 <<PRIORITY>> 100 
[ 2 ] 
1 [3] 
false 


--------------------------[NEW ITERATION]
[ 2 ] 

[DOING] OPERator at INDEX: -1 <<PRIORITY>> 100 
[ 2 ] 
2 [3] 
false 
[OPERATION Mult] 
4 
[STORING] id 53 name [ a ] with TOKEN 1111111000000000000000000110101 ON 6 value [ 4 ] 

-------Buffer----------
[2, 2, 2, 2, 2, 4, 4, 4, 4, 4, 4, 4, 4, 4, 4, 4, 4, 4, 4, 4, 4, 4, 4, 4, 4, 4, 4, 4, 4, 4, 4, 4, 4, 4, 4, 4, 4, 4, 4, 4, 4, 4, 4, 4, 4, 4, 4, 4, 4, 4, 4, 4, 4, 4]
----------------------------- 
-------cBUFFER---------
[0, 98, 0, 104, 105, 0, 97, 0]
-------------------------- 
[RETURN VALUE] [ 4 ] 
--------[EXEC CODE]:
[ a , EQUALS , 2 , MULT , 2 ]
-------------- 


--------------------------[NEW ITERATION]
[ a , EQUALS , 2 , MULT , 2 ] 

[DOING] OPERator at INDEX: 1 <<PRIORITY>> 2 

[TRYING SETTING] [ a ] WITH [ 2 , MULT , 2 ] 


--------------------------[NEW ITERATION]
[ a ] 

[DOING] OPERator at INDEX: -1 <<PRIORITY>> 100 
[ a ] 
6 [3] 
false 


--------------------------[NEW ITERATION]
[ 2 , MULT , 2 ] 

[DOING] OPERator at INDEX: 1 <<PRIORITY>> 14 
 
[TRYING MULTIPLICATE] [ 2 ] WITH [ 2 ] 


--------------------------[NEW ITERATION]
[ 2 ] 

[DOING] OPERator at INDEX: -1 <<PRIORITY>> 100 
[ 2 ] 
3 [3] 
true 
[EXECUTING  METHODE<<2>>]
 
[ a , EQUALS , 2 , MULT , 2 , ; , a , EQUALS , 2 , MULT , 2 , ; ]---------NEW LINE---------
[ a , EQUALS , 2 , MULT , 2 ]
-------------------- 
---------NEW LINE---------
[ a , EQUALS , 2 , MULT , 2 ]
-------------------- 
--------[EXEC CODE]:
[ a , EQUALS , 2 , MULT , 2 ]
-------------- 


--------------------------[NEW ITERATION]
[ a , EQUALS , 2 , MULT , 2 ] 

[DOING] OPERator at INDEX: 1 <<PRIORITY>> 2 

[TRYING SETTING] [ a ] WITH [ 2 , MULT , 2 ] 


--------------------------[NEW ITERATION]
[ a ] 

[DOING] OPERator at INDEX: -1 <<PRIORITY>> 100 
[ a ] 
6 [3] 
false 


--------------------------[NEW ITERATION]
[ 2 , MULT , 2 ] 

[DOING] OPERator at INDEX: 1 <<PRIORITY>> 14 
 
[TRYING MULTIPLICATE] [ 2 ] WITH [ 2 ] 


--------------------------[NEW ITERATION]
[ 2 ] 

[DOING] OPERator at INDEX: -1 <<PRIORITY>> 100 
[ 2 ] 
1 [3] 
false 


--------------------------[NEW ITERATION]
[ 2 ] 

[DOING] OPERator at INDEX: -1 <<PRIORITY>> 100 
[ 2 ] 
2 [3] 
false 
[OPERATION Mult] 
4 
[STORING] id 54 name [ a ] with TOKEN 1111111000000000000000000110110 ON 6 value [ 4 ] 

-------Buffer----------
[2, 2, 2, 2, 2, 4, 4, 4, 4, 4, 4, 4, 4, 4, 4, 4, 4, 4, 4, 4, 4, 4, 4, 4, 4, 4, 4, 4, 4, 4, 4, 4, 4, 4, 4, 4, 4, 4, 4, 4, 4, 4, 4, 4, 4, 4, 4, 4, 4, 4, 4, 4, 4, 4, 4]
----------------------------- 
-------cBUFFER---------
[0, 98, 0, 104, 105, 0, 97, 0]
-------------------------- 
[RETURN VALUE] [ 4 ] 
--------[EXEC CODE]:
[ a , EQUALS , 2 , MULT , 2 ]
-------------- 


--------------------------[NEW ITERATION]
[ a , EQUALS , 2 , MULT , 2 ] 

[DOING] OPERator at INDEX: 1 <<PRIORITY>> 2 

[TRYING SETTING] [ a ] WITH [ 2 , MULT , 2 ] 


--------------------------[NEW ITERATION]
[ a ] 

[DOING] OPERator at INDEX: -1 <<PRIORITY>> 100 
[ a ] 
6 [3] 
false 


--------------------------[NEW ITERATION]
[ 2 , MULT , 2 ] 

[DOING] OPERator at INDEX: 1 <<PRIORITY>> 14 
 
[TRYING MULTIPLICATE] [ 2 ] WITH [ 2 ] 


--------------------------[NEW ITERATION]
[ 2 ] 

[DOING] OPERator at INDEX: -1 <<PRIORITY>> 100 
[ 2 ] 
3 [3] 
true 
[EXECUTING  METHODE<<2>>]
 
[ a , EQUALS , 2 , MULT , 2 , ; , a , EQUALS , 2 , MULT , 2 , ; ]---------NEW LINE---------
[ a , EQUALS , 2 , MULT , 2 ]
-------------------- 
---------NEW LINE---------
[ a , EQUALS , 2 , MULT , 2 ]
-------------------- 
--------[EXEC CODE]:
[ a , EQUALS , 2 , MULT , 2 ]
-------------- 


--------------------------[NEW ITERATION]
[ a , EQUALS , 2 , MULT , 2 ] 

[DOING] OPERator at INDEX: 1 <<PRIORITY>> 2 

[TRYING SETTING] [ a ] WITH [ 2 , MULT , 2 ] 


--------------------------[NEW ITERATION]
[ a ] 

[DOING] OPERator at INDEX: -1 <<PRIORITY>> 100 
[ a ] 
6 [3] 
false 


--------------------------[NEW ITERATION]
[ 2 , MULT , 2 ] 

[DOING] OPERator at INDEX: 1 <<PRIORITY>> 14 
 
[TRYING MULTIPLICATE] [ 2 ] WITH [ 2 ] 


--------------------------[NEW ITERATION]
[ 2 ] 

[DOING] OPERator at INDEX: -1 <<PRIORITY>> 100 
[ 2 ] 
1 [3] 
false 


--------------------------[NEW ITERATION]
[ 2 ] 

[DOING] OPERator at INDEX: -1 <<PRIORITY>> 100 
[ 2 ] 
2 [3] 
false 
[OPERATION Mult] 
4 
[STORING] id 55 name [ a ] with TOKEN 1111111000000000000000000110111 ON 6 value [ 4 ] 

-------Buffer----------
[2, 2, 2, 2, 2, 4, 4, 4, 4, 4, 4, 4, 4, 4, 4, 4, 4, 4, 4, 4, 4, 4, 4, 4, 4, 4, 4, 4, 4, 4, 4, 4, 4, 4, 4, 4, 4, 4, 4, 4, 4, 4, 4, 4, 4, 4, 4, 4, 4, 4, 4, 4, 4, 4, 4, 4]
----------------------------- 
-------cBUFFER---------
[0, 98, 0, 104, 105, 0, 97, 0]
-------------------------- 
[RETURN VALUE] [ 4 ] 
--------[EXEC CODE]:
[ a , EQUALS , 2 , MULT , 2 ]
-------------- 


--------------------------[NEW ITERATION]
[ a , EQUALS , 2 , MULT , 2 ] 

[DOING] OPERator at INDEX: 1 <<PRIORITY>> 2 

[TRYING SETTING] [ a ] WITH [ 2 , MULT , 2 ] 


--------------------------[NEW ITERATION]
[ a ] 

[DOING] OPERator at INDEX: -1 <<PRIORITY>> 100 
[ a ] 
6 [3] 
false 


--------------------------[NEW ITERATION]
[ 2 , MULT , 2 ] 

[DOING] OPERator at INDEX: 1 <<PRIORITY>> 14 
 
[TRYING MULTIPLICATE] [ 2 ] WITH [ 2 ] 


--------------------------[NEW ITERATION]
[ 2 ] 

[DOING] OPERator at INDEX: -1 <<PRIORITY>> 100 
[ 2 ] 
3 [3] 
true 
[EXECUTING  METHODE<<2>>]
 
[ a , EQUALS , 2 , MULT , 2 , ; , a , EQUALS , 2 , MULT , 2 , ; ]---------NEW LINE---------
[ a , EQUALS , 2 , MULT , 2 ]
-------------------- 
---------NEW LINE---------
[ a , EQUALS , 2 , MULT , 2 ]
-------------------- 
--------[EXEC CODE]:
[ a , EQUALS , 2 , MULT , 2 ]
-------------- 


--------------------------[NEW ITERATION]
[ a , EQUALS , 2 , MULT , 2 ] 

[DOING] OPERator at INDEX: 1 <<PRIORITY>> 2 

[TRYING SETTING] [ a ] WITH [ 2 , MULT , 2 ] 


--------------------------[NEW ITERATION]
[ a ] 

[DOING] OPERator at INDEX: -1 <<PRIORITY>> 100 
[ a ] 
6 [3] 
false 


--------------------------[NEW ITERATION]
[ 2 , MULT , 2 ] 

[DOING] OPERator at INDEX: 1 <<PRIORITY>> 14 
 
[TRYING MULTIPLICATE] [ 2 ] WITH [ 2 ] 


--------------------------[NEW ITERATION]
[ 2 ] 

[DOING] OPERator at INDEX: -1 <<PRIORITY>> 100 
[ 2 ] 
1 [3] 
false 


--------------------------[NEW ITERATION]
[ 2 ] 

[DOING] OPERator at INDEX: -1 <<PRIORITY>> 100 
[ 2 ] 
2 [3] 
false 
[OPERATION Mult] 
4 
[STORING] id 56 name [ a ] with TOKEN 1111111000000000000000000111000 ON 6 value [ 4 ] 

-------Buffer----------
[2, 2, 2, 2, 2, 4, 4, 4, 4, 4, 4, 4, 4, 4, 4, 4, 4, 4, 4, 4, 4, 4, 4, 4, 4, 4, 4, 4, 4, 4, 4, 4, 4, 4, 4, 4, 4, 4, 4, 4, 4, 4, 4, 4, 4, 4, 4, 4, 4, 4, 4, 4, 4, 4, 4, 4, 4]
----------------------------- 
-------cBUFFER---------
[0, 98, 0, 104, 105, 0, 97, 0]
-------------------------- 
[RETURN VALUE] [ 4 ] 
--------[EXEC CODE]:
[ a , EQUALS , 2 , MULT , 2 ]
-------------- 


--------------------------[NEW ITERATION]
[ a , EQUALS , 2 , MULT , 2 ] 

[DOING] OPERator at INDEX: 1 <<PRIORITY>> 2 

[TRYING SETTING] [ a ] WITH [ 2 , MULT , 2 ] 


--------------------------[NEW ITERATION]
[ a ] 

[DOING] OPERator at INDEX: -1 <<PRIORITY>> 100 
[ a ] 
6 [3] 
false 


--------------------------[NEW ITERATION]
[ 2 , MULT , 2 ] 

[DOING] OPERator at INDEX: 1 <<PRIORITY>> 14 
 
[TRYING MULTIPLICATE] [ 2 ] WITH [ 2 ] 


--------------------------[NEW ITERATION]
[ 2 ] 

[DOING] OPERator at INDEX: -1 <<PRIORITY>> 100 
[ 2 ] 
3 [3] 
true 
[EXECUTING  METHODE<<2>>]
 
[ a , EQUALS , 2 , MULT , 2 , ; , a , EQUALS , 2 , MULT , 2 , ; ]---------NEW LINE---------
[ a , EQUALS , 2 , MULT , 2 ]
-------------------- 
---------NEW LINE---------
[ a , EQUALS , 2 , MULT , 2 ]
-------------------- 
--------[EXEC CODE]:
[ a , EQUALS , 2 , MULT , 2 ]
-------------- 


--------------------------[NEW ITERATION]
[ a , EQUALS , 2 , MULT , 2 ] 

[DOING] OPERator at INDEX: 1 <<PRIORITY>> 2 

[TRYING SETTING] [ a ] WITH [ 2 , MULT , 2 ] 


--------------------------[NEW ITERATION]
[ a ] 

[DOING] OPERator at INDEX: -1 <<PRIORITY>> 100 
[ a ] 
6 [3] 
false 


--------------------------[NEW ITERATION]
[ 2 , MULT , 2 ] 

[DOING] OPERator at INDEX: 1 <<PRIORITY>> 14 
 
[TRYING MULTIPLICATE] [ 2 ] WITH [ 2 ] 


--------------------------[NEW ITERATION]
[ 2 ] 

[DOING] OPERator at INDEX: -1 <<PRIORITY>> 100 
[ 2 ] 
1 [3] 
false 


--------------------------[NEW ITERATION]
[ 2 ] 

[DOING] OPERator at INDEX: -1 <<PRIORITY>> 100 
[ 2 ] 
2 [3] 
false 
[OPERATION Mult] 
4 
[STORING] id 57 name [ a ] with TOKEN 1111111000000000000000000111001 ON 6 value [ 4 ] 

-------Buffer----------
[2, 2, 2, 2, 2, 4, 4, 4, 4, 4, 4, 4, 4, 4, 4, 4, 4, 4, 4, 4, 4, 4, 4, 4, 4, 4, 4, 4, 4, 4, 4, 4, 4, 4, 4, 4, 4, 4, 4, 4, 4, 4, 4, 4, 4, 4, 4, 4, 4, 4, 4, 4, 4, 4, 4, 4, 4, 4]
----------------------------- 
-------cBUFFER---------
[0, 98, 0, 104, 105, 0, 97, 0]
-------------------------- 
[RETURN VALUE] [ 4 ] 
--------[EXEC CODE]:
[ a , EQUALS , 2 , MULT , 2 ]
-------------- 


--------------------------[NEW ITERATION]
[ a , EQUALS , 2 , MULT , 2 ] 

[DOING] OPERator at INDEX: 1 <<PRIORITY>> 2 

[TRYING SETTING] [ a ] WITH [ 2 , MULT , 2 ] 


--------------------------[NEW ITERATION]
[ a ] 

[DOING] OPERator at INDEX: -1 <<PRIORITY>> 100 
[ a ] 
6 [3] 
false 


--------------------------[NEW ITERATION]
[ 2 , MULT , 2 ] 

[DOING] OPERator at INDEX: 1 <<PRIORITY>> 14 
 
[TRYING MULTIPLICATE] [ 2 ] WITH [ 2 ] 


--------------------------[NEW ITERATION]
[ 2 ] 

[DOING] OPERator at INDEX: -1 <<PRIORITY>> 100 
[ 2 ] 
3 [3] 
true 
[EXECUTING  METHODE<<2>>]
 
[ a , EQUALS , 2 , MULT , 2 , ; , a , EQUALS , 2 , MULT , 2 , ; ]---------NEW LINE---------
[ a , EQUALS , 2 , MULT , 2 ]
-------------------- 
---------NEW LINE---------
[ a , EQUALS , 2 , MULT , 2 ]
-------------------- 
--------[EXEC CODE]:
[ a , EQUALS , 2 , MULT , 2 ]
-------------- 


--------------------------[NEW ITERATION]
[ a , EQUALS , 2 , MULT , 2 ] 

[DOING] OPERator at INDEX: 1 <<PRIORITY>> 2 

[TRYING SETTING] [ a ] WITH [ 2 , MULT , 2 ] 


--------------------------[NEW ITERATION]
[ a ] 

[DOING] OPERator at INDEX: -1 <<PRIORITY>> 100 
[ a ] 
6 [3] 
false 


--------------------------[NEW ITERATION]
[ 2 , MULT , 2 ] 

[DOING] OPERator at INDEX: 1 <<PRIORITY>> 14 
 
[TRYING MULTIPLICATE] [ 2 ] WITH [ 2 ] 


--------------------------[NEW ITERATION]
[ 2 ] 

[DOING] OPERator at INDEX: -1 <<PRIORITY>> 100 
[ 2 ] 
1 [3] 
false 


--------------------------[NEW ITERATION]
[ 2 ] 

[DOING] OPERator at INDEX: -1 <<PRIORITY>> 100 
[ 2 ] 
2 [3] 
false 
[OPERATION Mult] 
4 
[STORING] id 58 name [ a ] with TOKEN 1111111000000000000000000111010 ON 6 value [ 4 ] 

-------Buffer----------
[2, 2, 2, 2, 2, 4, 4, 4, 4, 4, 4, 4, 4, 4, 4, 4, 4, 4, 4, 4, 4, 4, 4, 4, 4, 4, 4, 4, 4, 4, 4, 4, 4, 4, 4, 4, 4, 4, 4, 4, 4, 4, 4, 4, 4, 4, 4, 4, 4, 4, 4, 4, 4, 4, 4, 4, 4, 4, 4]
----------------------------- 
-------cBUFFER---------
[0, 98, 0, 104, 105, 0, 97, 0]
-------------------------- 
[RETURN VALUE] [ 4 ] 
--------[EXEC CODE]:
[ a , EQUALS , 2 , MULT , 2 ]
-------------- 


--------------------------[NEW ITERATION]
[ a , EQUALS , 2 , MULT , 2 ] 

[DOING] OPERator at INDEX: 1 <<PRIORITY>> 2 

[TRYING SETTING] [ a ] WITH [ 2 , MULT , 2 ] 


--------------------------[NEW ITERATION]
[ a ] 

[DOING] OPERator at INDEX: -1 <<PRIORITY>> 100 
[ a ] 
6 [3] 
false 


--------------------------[NEW ITERATION]
[ 2 , MULT , 2 ] 

[DOING] OPERator at INDEX: 1 <<PRIORITY>> 14 
 
[TRYING MULTIPLICATE] [ 2 ] WITH [ 2 ] 


--------------------------[NEW ITERATION]
[ 2 ] 

[DOING] OPERator at INDEX: -1 <<PRIORITY>> 100 
[ 2 ] 
3 [3] 
true 
[EXECUTING  METHODE<<2>>]
 
[ a , EQUALS , 2 , MULT , 2 , ; , a , EQUALS , 2 , MULT , 2 , ; ]---------NEW LINE---------
[ a , EQUALS , 2 , MULT , 2 ]
-------------------- 
---------NEW LINE---------
[ a , EQUALS , 2 , MULT , 2 ]
-------------------- 
--------[EXEC CODE]:
[ a , EQUALS , 2 , MULT , 2 ]
-------------- 


--------------------------[NEW ITERATION]
[ a , EQUALS , 2 , MULT , 2 ] 

[DOING] OPERator at INDEX: 1 <<PRIORITY>> 2 

[TRYING SETTING] [ a ] WITH [ 2 , MULT , 2 ] 


--------------------------[NEW ITERATION]
[ a ] 

[DOING] OPERator at INDEX: -1 <<PRIORITY>> 100 
[ a ] 
6 [3] 
false 


--------------------------[NEW ITERATION]
[ 2 , MULT , 2 ] 

[DOING] OPERator at INDEX: 1 <<PRIORITY>> 14 
 
[TRYING MULTIPLICATE] [ 2 ] WITH [ 2 ] 


--------------------------[NEW ITERATION]
[ 2 ] 

[DOING] OPERator at INDEX: -1 <<PRIORITY>> 100 
[ 2 ] 
1 [3] 
false 


--------------------------[NEW ITERATION]
[ 2 ] 

[DOING] OPERator at INDEX: -1 <<PRIORITY>> 100 
[ 2 ] 
2 [3] 
false 
[OPERATION Mult] 
4 
[STORING] id 59 name [ a ] with TOKEN 1111111000000000000000000111011 ON 6 value [ 4 ] 

-------Buffer----------
[2, 2, 2, 2, 2, 4, 4, 4, 4, 4, 4, 4, 4, 4, 4, 4, 4, 4, 4, 4, 4, 4, 4, 4, 4, 4, 4, 4, 4, 4, 4, 4, 4, 4, 4, 4, 4, 4, 4, 4, 4, 4, 4, 4, 4, 4, 4, 4, 4, 4, 4, 4, 4, 4, 4, 4, 4, 4, 4, 4]
----------------------------- 
-------cBUFFER---------
[0, 98, 0, 104, 105, 0, 97, 0]
-------------------------- 
[RETURN VALUE] [ 4 ] 
--------[EXEC CODE]:
[ a , EQUALS , 2 , MULT , 2 ]
-------------- 


--------------------------[NEW ITERATION]
[ a , EQUALS , 2 , MULT , 2 ] 

[DOING] OPERator at INDEX: 1 <<PRIORITY>> 2 

[TRYING SETTING] [ a ] WITH [ 2 , MULT , 2 ] 


--------------------------[NEW ITERATION]
[ a ] 

[DOING] OPERator at INDEX: -1 <<PRIORITY>> 100 
[ a ] 
6 [3] 
false 


--------------------------[NEW ITERATION]
[ 2 , MULT , 2 ] 

[DOING] OPERator at INDEX: 1 <<PRIORITY>> 14 
 
[TRYING MULTIPLICATE] [ 2 ] WITH [ 2 ] 


--------------------------[NEW ITERATION]
[ 2 ] 

[DOING] OPERator at INDEX: -1 <<PRIORITY>> 100 
[ 2 ] 
3 [3] 
true 
[EXECUTING  METHODE<<2>>]
 
[ a , EQUALS , 2 , MULT , 2 , ; , a , EQUALS , 2 , MULT , 2 , ; ]---------NEW LINE---------
[ a , EQUALS , 2 , MULT , 2 ]
-------------------- 
---------NEW LINE---------
[ a , EQUALS , 2 , MULT , 2 ]
-------------------- 
--------[EXEC CODE]:
[ a , EQUALS , 2 , MULT , 2 ]
-------------- 


--------------------------[NEW ITERATION]
[ a , EQUALS , 2 , MULT , 2 ] 

[DOING] OPERator at INDEX: 1 <<PRIORITY>> 2 

[TRYING SETTING] [ a ] WITH [ 2 , MULT , 2 ] 


--------------------------[NEW ITERATION]
[ a ] 

[DOING] OPERator at INDEX: -1 <<PRIORITY>> 100 
[ a ] 
6 [3] 
false 


--------------------------[NEW ITERATION]
[ 2 , MULT , 2 ] 

[DOING] OPERator at INDEX: 1 <<PRIORITY>> 14 
 
[TRYING MULTIPLICATE] [ 2 ] WITH [ 2 ] 


--------------------------[NEW ITERATION]
[ 2 ] 

[DOING] OPERator at INDEX: -1 <<PRIORITY>> 100 
[ 2 ] 
1 [3] 
false 


--------------------------[NEW ITERATION]
[ 2 ] 

[DOING] OPERator at INDEX: -1 <<PRIORITY>> 100 
[ 2 ] 
2 [3] 
false 
[OPERATION Mult] 
4 
[STORING] id 60 name [ a ] with TOKEN 1111111000000000000000000111100 ON 6 value [ 4 ] 

-------Buffer----------
[2, 2, 2, 2, 2, 4, 4, 4, 4, 4, 4, 4, 4, 4, 4, 4, 4, 4, 4, 4, 4, 4, 4, 4, 4, 4, 4, 4, 4, 4, 4, 4, 4, 4, 4, 4, 4, 4, 4, 4, 4, 4, 4, 4, 4, 4, 4, 4, 4, 4, 4, 4, 4, 4, 4, 4, 4, 4, 4, 4, 4]
----------------------------- 
-------cBUFFER---------
[0, 98, 0, 104, 105, 0, 97, 0]
-------------------------- 
[RETURN VALUE] [ 4 ] 
--------[EXEC CODE]:
[ a , EQUALS , 2 , MULT , 2 ]
-------------- 


--------------------------[NEW ITERATION]
[ a , EQUALS , 2 , MULT , 2 ] 

[DOING] OPERator at INDEX: 1 <<PRIORITY>> 2 

[TRYING SETTING] [ a ] WITH [ 2 , MULT , 2 ] 


--------------------------[NEW ITERATION]
[ a ] 

[DOING] OPERator at INDEX: -1 <<PRIORITY>> 100 
[ a ] 
6 [3] 
false 


--------------------------[NEW ITERATION]
[ 2 , MULT , 2 ] 

[DOING] OPERator at INDEX: 1 <<PRIORITY>> 14 
 
[TRYING MULTIPLICATE] [ 2 ] WITH [ 2 ] 


--------------------------[NEW ITERATION]
[ 2 ] 

[DOING] OPERator at INDEX: -1 <<PRIORITY>> 100 
[ 2 ] 
3 [3] 
true 
[EXECUTING  METHODE<<2>>]
 
[ a , EQUALS , 2 , MULT , 2 , ; , a , EQUALS , 2 , MULT , 2 , ; ]---------NEW LINE---------
[ a , EQUALS , 2 , MULT , 2 ]
-------------------- 
---------NEW LINE---------
[ a , EQUALS , 2 , MULT , 2 ]
-------------------- 
--------[EXEC CODE]:
[ a , EQUALS , 2 , MULT , 2 ]
-------------- 


--------------------------[NEW ITERATION]
[ a , EQUALS , 2 , MULT , 2 ] 

[DOING] OPERator at INDEX: 1 <<PRIORITY>> 2 

[TRYING SETTING] [ a ] WITH [ 2 , MULT , 2 ] 


--------------------------[NEW ITERATION]
[ a ] 

[DOING] OPERator at INDEX: -1 <<PRIORITY>> 100 
[ a ] 
6 [3] 
false 


--------------------------[NEW ITERATION]
[ 2 , MULT , 2 ] 

[DOING] OPERator at INDEX: 1 <<PRIORITY>> 14 
 
[TRYING MULTIPLICATE] [ 2 ] WITH [ 2 ] 


--------------------------[NEW ITERATION]
[ 2 ] 

[DOING] OPERator at INDEX: -1 <<PRIORITY>> 100 
[ 2 ] 
1 [3] 
false 


--------------------------[NEW ITERATION]
[ 2 ] 

[DOING] OPERator at INDEX: -1 <<PRIORITY>> 100 
[ 2 ] 
2 [3] 
false 
[OPERATION Mult] 
4 
[STORING] id 61 name [ a ] with TOKEN 1111111000000000000000000111101 ON 6 value [ 4 ] 

-------Buffer----------
[2, 2, 2, 2, 2, 4, 4, 4, 4, 4, 4, 4, 4, 4, 4, 4, 4, 4, 4, 4, 4, 4, 4, 4, 4, 4, 4, 4, 4, 4, 4, 4, 4, 4, 4, 4, 4, 4, 4, 4, 4, 4, 4, 4, 4, 4, 4, 4, 4, 4, 4, 4, 4, 4, 4, 4, 4, 4, 4, 4, 4, 4]
----------------------------- 
-------cBUFFER---------
[0, 98, 0, 104, 105, 0, 97, 0]
-------------------------- 
[RETURN VALUE] [ 4 ] 
--------[EXEC CODE]:
[ a , EQUALS , 2 , MULT , 2 ]
-------------- 


--------------------------[NEW ITERATION]
[ a , EQUALS , 2 , MULT , 2 ] 

[DOING] OPERator at INDEX: 1 <<PRIORITY>> 2 

[TRYING SETTING] [ a ] WITH [ 2 , MULT , 2 ] 


--------------------------[NEW ITERATION]
[ a ] 

[DOING] OPERator at INDEX: -1 <<PRIORITY>> 100 
[ a ] 
6 [3] 
false 


--------------------------[NEW ITERATION]
[ 2 , MULT , 2 ] 

[DOING] OPERator at INDEX: 1 <<PRIORITY>> 14 
 
[TRYING MULTIPLICATE] [ 2 ] WITH [ 2 ] 


--------------------------[NEW ITERATION]
[ 2 ] 

[DOING] OPERator at INDEX: -1 <<PRIORITY>> 100 
[ 2 ] 
3 [3] 
true 
[EXECUTING  METHODE<<2>>]
 
[ a , EQUALS , 2 , MULT , 2 , ; , a , EQUALS , 2 , MULT , 2 , ; ]---------NEW LINE---------
[ a , EQUALS , 2 , MULT , 2 ]
-------------------- 
---------NEW LINE---------
[ a , EQUALS , 2 , MULT , 2 ]
-------------------- 
--------[EXEC CODE]:
[ a , EQUALS , 2 , MULT , 2 ]
-------------- 


--------------------------[NEW ITERATION]
[ a , EQUALS , 2 , MULT , 2 ] 

[DOING] OPERator at INDEX: 1 <<PRIORITY>> 2 

[TRYING SETTING] [ a ] WITH [ 2 , MULT , 2 ] 


--------------------------[NEW ITERATION]
[ a ] 

[DOING] OPERator at INDEX: -1 <<PRIORITY>> 100 
[ a ] 
6 [3] 
false 


--------------------------[NEW ITERATION]
[ 2 , MULT , 2 ] 

[DOING] OPERator at INDEX: 1 <<PRIORITY>> 14 
 
[TRYING MULTIPLICATE] [ 2 ] WITH [ 2 ] 


--------------------------[NEW ITERATION]
[ 2 ] 

[DOING] OPERator at INDEX: -1 <<PRIORITY>> 100 
[ 2 ] 
1 [3] 
false 


--------------------------[NEW ITERATION]
[ 2 ] 

[DOING] OPERator at INDEX: -1 <<PRIORITY>> 100 
[ 2 ] 
2 [3] 
false 
[OPERATION Mult] 
4 
[STORING] id 62 name [ a ] with TOKEN 1111111000000000000000000111110 ON 6 value [ 4 ] 

-------Buffer----------
[2, 2, 2, 2, 2, 4, 4, 4, 4, 4, 4, 4, 4, 4, 4, 4, 4, 4, 4, 4, 4, 4, 4, 4, 4, 4, 4, 4, 4, 4, 4, 4, 4, 4, 4, 4, 4, 4, 4, 4, 4, 4, 4, 4, 4, 4, 4, 4, 4, 4, 4, 4, 4, 4, 4, 4, 4, 4, 4, 4, 4, 4, 4]
----------------------------- 
-------cBUFFER---------
[0, 98, 0, 104, 105, 0, 97, 0]
-------------------------- 
[RETURN VALUE] [ 4 ] 
--------[EXEC CODE]:
[ a , EQUALS , 2 , MULT , 2 ]
-------------- 


--------------------------[NEW ITERATION]
[ a , EQUALS , 2 , MULT , 2 ] 

[DOING] OPERator at INDEX: 1 <<PRIORITY>> 2 

[TRYING SETTING] [ a ] WITH [ 2 , MULT , 2 ] 


--------------------------[NEW ITERATION]
[ a ] 

[DOING] OPERator at INDEX: -1 <<PRIORITY>> 100 
[ a ] 
6 [3] 
false 


--------------------------[NEW ITERATION]
[ 2 , MULT , 2 ] 

[DOING] OPERator at INDEX: 1 <<PRIORITY>> 14 
 
[TRYING MULTIPLICATE] [ 2 ] WITH [ 2 ] 


--------------------------[NEW ITERATION]
[ 2 ] 

[DOING] OPERator at INDEX: -1 <<PRIORITY>> 100 
[ 2 ] 
3 [3] 
true 
[EXECUTING  METHODE<<2>>]
 
[ a , EQUALS , 2 , MULT , 2 , ; , a , EQUALS , 2 , MULT , 2 , ; ]---------NEW LINE---------
[ a , EQUALS , 2 , MULT , 2 ]
-------------------- 
---------NEW LINE---------
[ a , EQUALS , 2 , MULT , 2 ]
-------------------- 
--------[EXEC CODE]:
[ a , EQUALS , 2 , MULT , 2 ]
-------------- 


--------------------------[NEW ITERATION]
[ a , EQUALS , 2 , MULT , 2 ] 

[DOING] OPERator at INDEX: 1 <<PRIORITY>> 2 

[TRYING SETTING] [ a ] WITH [ 2 , MULT , 2 ] 


--------------------------[NEW ITERATION]
[ a ] 

[DOING] OPERator at INDEX: -1 <<PRIORITY>> 100 
[ a ] 
6 [3] 
false 


--------------------------[NEW ITERATION]
[ 2 , MULT , 2 ] 

[DOING] OPERator at INDEX: 1 <<PRIORITY>> 14 
 
[TRYING MULTIPLICATE] [ 2 ] WITH [ 2 ] 


--------------------------[NEW ITERATION]
[ 2 ] 

[DOING] OPERator at INDEX: -1 <<PRIORITY>> 100 
[ 2 ] 
1 [3] 
false 


--------------------------[NEW ITERATION]
[ 2 ] 

[DOING] OPERator at INDEX: -1 <<PRIORITY>> 100 
[ 2 ] 
2 [3] 
false 
[OPERATION Mult] 
4 
[STORING] id 63 name [ a ] with TOKEN 1111111000000000000000000111111 ON 6 value [ 4 ] 

-------Buffer----------
[2, 2, 2, 2, 2, 4, 4, 4, 4, 4, 4, 4, 4, 4, 4, 4, 4, 4, 4, 4, 4, 4, 4, 4, 4, 4, 4, 4, 4, 4, 4, 4, 4, 4, 4, 4, 4, 4, 4, 4, 4, 4, 4, 4, 4, 4, 4, 4, 4, 4, 4, 4, 4, 4, 4, 4, 4, 4, 4, 4, 4, 4, 4, 4]
----------------------------- 
-------cBUFFER---------
[0, 98, 0, 104, 105, 0, 97, 0]
-------------------------- 
[RETURN VALUE] [ 4 ] 
--------[EXEC CODE]:
[ a , EQUALS , 2 , MULT , 2 ]
-------------- 


--------------------------[NEW ITERATION]
[ a , EQUALS , 2 , MULT , 2 ] 

[DOING] OPERator at INDEX: 1 <<PRIORITY>> 2 

[TRYING SETTING] [ a ] WITH [ 2 , MULT , 2 ] 


--------------------------[NEW ITERATION]
[ a ] 

[DOING] OPERator at INDEX: -1 <<PRIORITY>> 100 
[ a ] 
6 [3] 
false 


--------------------------[NEW ITERATION]
[ 2 , MULT , 2 ] 

[DOING] OPERator at INDEX: 1 <<PRIORITY>> 14 
 
[TRYING MULTIPLICATE] [ 2 ] WITH [ 2 ] 


--------------------------[NEW ITERATION]
[ 2 ] 

[DOING] OPERator at INDEX: -1 <<PRIORITY>> 100 
[ 2 ] 
3 [3] 
true 
[EXECUTING  METHODE<<2>>]
 
[ a , EQUALS , 2 , MULT , 2 , ; , a , EQUALS , 2 , MULT , 2 , ; ]---------NEW LINE---------
[ a , EQUALS , 2 , MULT , 2 ]
-------------------- 
---------NEW LINE---------
[ a , EQUALS , 2 , MULT , 2 ]
-------------------- 
--------[EXEC CODE]:
[ a , EQUALS , 2 , MULT , 2 ]
-------------- 


--------------------------[NEW ITERATION]
[ a , EQUALS , 2 , MULT , 2 ] 

[DOING] OPERator at INDEX: 1 <<PRIORITY>> 2 

[TRYING SETTING] [ a ] WITH [ 2 , MULT , 2 ] 


--------------------------[NEW ITERATION]
[ a ] 

[DOING] OPERator at INDEX: -1 <<PRIORITY>> 100 
[ a ] 
6 [3] 
false 


--------------------------[NEW ITERATION]
[ 2 , MULT , 2 ] 

[DOING] OPERator at INDEX: 1 <<PRIORITY>> 14 
 
[TRYING MULTIPLICATE] [ 2 ] WITH [ 2 ] 


--------------------------[NEW ITERATION]
[ 2 ] 

[DOING] OPERator at INDEX: -1 <<PRIORITY>> 100 
[ 2 ] 
1 [3] 
false 


--------------------------[NEW ITERATION]
[ 2 ] 

[DOING] OPERator at INDEX: -1 <<PRIORITY>> 100 
[ 2 ] 
2 [3] 
false 
[OPERATION Mult] 
4 
[STORING] id 64 name [ a ] with TOKEN 1111111000000000000000001000000 ON 6 value [ 4 ] 

-------Buffer----------
[2, 2, 2, 2, 2, 4, 4, 4, 4, 4, 4, 4, 4, 4, 4, 4, 4, 4, 4, 4, 4, 4, 4, 4, 4, 4, 4, 4, 4, 4, 4, 4, 4, 4, 4, 4, 4, 4, 4, 4, 4, 4, 4, 4, 4, 4, 4, 4, 4, 4, 4, 4, 4, 4, 4, 4, 4, 4, 4, 4, 4, 4, 4, 4, 4]
----------------------------- 
-------cBUFFER---------
[0, 98, 0, 104, 105, 0, 97, 0]
-------------------------- 
[RETURN VALUE] [ 4 ] 
--------[EXEC CODE]:
[ a , EQUALS , 2 , MULT , 2 ]
-------------- 


--------------------------[NEW ITERATION]
[ a , EQUALS , 2 , MULT , 2 ] 

[DOING] OPERator at INDEX: 1 <<PRIORITY>> 2 

[TRYING SETTING] [ a ] WITH [ 2 , MULT , 2 ] 


--------------------------[NEW ITERATION]
[ a ] 

[DOING] OPERator at INDEX: -1 <<PRIORITY>> 100 
[ a ] 
6 [3] 
false 


--------------------------[NEW ITERATION]
[ 2 , MULT , 2 ] 

[DOING] OPERator at INDEX: 1 <<PRIORITY>> 14 
 
[TRYING MULTIPLICATE] [ 2 ] WITH [ 2 ] 


--------------------------[NEW ITERATION]
[ 2 ] 

[DOING] OPERator at INDEX: -1 <<PRIORITY>> 100 
[ 2 ] 
3 [3] 
true 
[EXECUTING  METHODE<<2>>]
 
[ a , EQUALS , 2 , MULT , 2 , ; , a , EQUALS , 2 , MULT , 2 , ; ]---------NEW LINE---------
[ a , EQUALS , 2 , MULT , 2 ]
-------------------- 
---------NEW LINE---------
[ a , EQUALS , 2 , MULT , 2 ]
-------------------- 
--------[EXEC CODE]:
[ a , EQUALS , 2 , MULT , 2 ]
-------------- 


--------------------------[NEW ITERATION]
[ a , EQUALS , 2 , MULT , 2 ] 

[DOING] OPERator at INDEX: 1 <<PRIORITY>> 2 

[TRYING SETTING] [ a ] WITH [ 2 , MULT , 2 ] 


--------------------------[NEW ITERATION]
[ a ] 

[DOING] OPERator at INDEX: -1 <<PRIORITY>> 100 
[ a ] 
6 [3] 
false 


--------------------------[NEW ITERATION]
[ 2 , MULT , 2 ] 

[DOING] OPERator at INDEX: 1 <<PRIORITY>> 14 
 
[TRYING MULTIPLICATE] [ 2 ] WITH [ 2 ] 


--------------------------[NEW ITERATION]
[ 2 ] 

[DOING] OPERator at INDEX: -1 <<PRIORITY>> 100 
[ 2 ] 
1 [3] 
false 


--------------------------[NEW ITERATION]
[ 2 ] 

[DOING] OPERator at INDEX: -1 <<PRIORITY>> 100 
[ 2 ] 
2 [3] 
false 
[OPERATION Mult] 
4 
[STORING] id 65 name [ a ] with TOKEN 1111111000000000000000001000001 ON 6 value [ 4 ] 

-------Buffer----------
[2, 2, 2, 2, 2, 4, 4, 4, 4, 4, 4, 4, 4, 4, 4, 4, 4, 4, 4, 4, 4, 4, 4, 4, 4, 4, 4, 4, 4, 4, 4, 4, 4, 4, 4, 4, 4, 4, 4, 4, 4, 4, 4, 4, 4, 4, 4, 4, 4, 4, 4, 4, 4, 4, 4, 4, 4, 4, 4, 4, 4, 4, 4, 4, 4, 4]
----------------------------- 
-------cBUFFER---------
[0, 98, 0, 104, 105, 0, 97, 0]
-------------------------- 
[RETURN VALUE] [ 4 ] 
--------[EXEC CODE]:
[ a , EQUALS , 2 , MULT , 2 ]
-------------- 


--------------------------[NEW ITERATION]
[ a , EQUALS , 2 , MULT , 2 ] 

[DOING] OPERator at INDEX: 1 <<PRIORITY>> 2 

[TRYING SETTING] [ a ] WITH [ 2 , MULT , 2 ] 


--------------------------[NEW ITERATION]
[ a ] 

[DOING] OPERator at INDEX: -1 <<PRIORITY>> 100 
[ a ] 
6 [3] 
false 


--------------------------[NEW ITERATION]
[ 2 , MULT , 2 ] 

[DOING] OPERator at INDEX: 1 <<PRIORITY>> 14 
 
[TRYING MULTIPLICATE] [ 2 ] WITH [ 2 ] 


--------------------------[NEW ITERATION]
[ 2 ] 

[DOING] OPERator at INDEX: -1 <<PRIORITY>> 100 
[ 2 ] 
3 [3] 
true 
[EXECUTING  METHODE<<2>>]
 
[ a , EQUALS , 2 , MULT , 2 , ; , a , EQUALS , 2 , MULT , 2 , ; ]---------NEW LINE---------
[ a , EQUALS , 2 , MULT , 2 ]
-------------------- 
---------NEW LINE---------
[ a , EQUALS , 2 , MULT , 2 ]
-------------------- 
--------[EXEC CODE]:
[ a , EQUALS , 2 , MULT , 2 ]
-------------- 


--------------------------[NEW ITERATION]
[ a , EQUALS , 2 , MULT , 2 ] 

[DOING] OPERator at INDEX: 1 <<PRIORITY>> 2 

[TRYING SETTING] [ a ] WITH [ 2 , MULT , 2 ] 


--------------------------[NEW ITERATION]
[ a ] 

[DOING] OPERator at INDEX: -1 <<PRIORITY>> 100 
[ a ] 
6 [3] 
false 


--------------------------[NEW ITERATION]
[ 2 , MULT , 2 ] 

[DOING] OPERator at INDEX: 1 <<PRIORITY>> 14 
 
[TRYING MULTIPLICATE] [ 2 ] WITH [ 2 ] 


--------------------------[NEW ITERATION]
[ 2 ] 

[DOING] OPERator at INDEX: -1 <<PRIORITY>> 100 
[ 2 ] 
1 [3] 
false 


--------------------------[NEW ITERATION]
[ 2 ] 

[DOING] OPERator at INDEX: -1 <<PRIORITY>> 100 
[ 2 ] 
2 [3] 
false 
[OPERATION Mult] 
4 
[STORING] id 66 name [ a ] with TOKEN 1111111000000000000000001000010 ON 6 value [ 4 ] 

-------Buffer----------
[2, 2, 2, 2, 2, 4, 4, 4, 4, 4, 4, 4, 4, 4, 4, 4, 4, 4, 4, 4, 4, 4, 4, 4, 4, 4, 4, 4, 4, 4, 4, 4, 4, 4, 4, 4, 4, 4, 4, 4, 4, 4, 4, 4, 4, 4, 4, 4, 4, 4, 4, 4, 4, 4, 4, 4, 4, 4, 4, 4, 4, 4, 4, 4, 4, 4, 4]
----------------------------- 
-------cBUFFER---------
[0, 98, 0, 104, 105, 0, 97, 0]
-------------------------- 
[RETURN VALUE] [ 4 ] 
--------[EXEC CODE]:
[ a , EQUALS , 2 , MULT , 2 ]
-------------- 


--------------------------[NEW ITERATION]
[ a , EQUALS , 2 , MULT , 2 ] 

[DOING] OPERator at INDEX: 1 <<PRIORITY>> 2 

[TRYING SETTING] [ a ] WITH [ 2 , MULT , 2 ] 


--------------------------[NEW ITERATION]
[ a ] 

[DOING] OPERator at INDEX: -1 <<PRIORITY>> 100 
[ a ] 
6 [3] 
false 


--------------------------[NEW ITERATION]
[ 2 , MULT , 2 ] 

[DOING] OPERator at INDEX: 1 <<PRIORITY>> 14 
 
[TRYING MULTIPLICATE] [ 2 ] WITH [ 2 ] 


--------------------------[NEW ITERATION]
[ 2 ] 

[DOING] OPERator at INDEX: -1 <<PRIORITY>> 100 
[ 2 ] 
3 [3] 
true 
[EXECUTING  METHODE<<2>>]
 
[ a , EQUALS , 2 , MULT , 2 , ; , a , EQUALS , 2 , MULT , 2 , ; ]---------NEW LINE---------
[ a , EQUALS , 2 , MULT , 2 ]
-------------------- 
---------NEW LINE---------
[ a , EQUALS , 2 , MULT , 2 ]
-------------------- 
--------[EXEC CODE]:
[ a , EQUALS , 2 , MULT , 2 ]
-------------- 


--------------------------[NEW ITERATION]
[ a , EQUALS , 2 , MULT , 2 ] 

[DOING] OPERator at INDEX: 1 <<PRIORITY>> 2 

[TRYING SETTING] [ a ] WITH [ 2 , MULT , 2 ] 


--------------------------[NEW ITERATION]
[ a ] 

[DOING] OPERator at INDEX: -1 <<PRIORITY>> 100 
[ a ] 
6 [3] 
false 


--------------------------[NEW ITERATION]
[ 2 , MULT , 2 ] 

[DOING] OPERator at INDEX: 1 <<PRIORITY>> 14 
 
[TRYING MULTIPLICATE] [ 2 ] WITH [ 2 ] 


--------------------------[NEW ITERATION]
[ 2 ] 

[DOING] OPERator at INDEX: -1 <<PRIORITY>> 100 
[ 2 ] 
1 [3] 
false 


--------------------------[NEW ITERATION]
[ 2 ] 

[DOING] OPERator at INDEX: -1 <<PRIORITY>> 100 
[ 2 ] 
2 [3] 
false 
[OPERATION Mult] 
4 
[STORING] id 67 name [ a ] with TOKEN 1111111000000000000000001000011 ON 6 value [ 4 ] 

-------Buffer----------
[2, 2, 2, 2, 2, 4, 4, 4, 4, 4, 4, 4, 4, 4, 4, 4, 4, 4, 4, 4, 4, 4, 4, 4, 4, 4, 4, 4, 4, 4, 4, 4, 4, 4, 4, 4, 4, 4, 4, 4, 4, 4, 4, 4, 4, 4, 4, 4, 4, 4, 4, 4, 4, 4, 4, 4, 4, 4, 4, 4, 4, 4, 4, 4, 4, 4, 4, 4]
----------------------------- 
-------cBUFFER---------
[0, 98, 0, 104, 105, 0, 97, 0]
-------------------------- 
[RETURN VALUE] [ 4 ] 
--------[EXEC CODE]:
[ a , EQUALS , 2 , MULT , 2 ]
-------------- 


--------------------------[NEW ITERATION]
[ a , EQUALS , 2 , MULT , 2 ] 

[DOING] OPERator at INDEX: 1 <<PRIORITY>> 2 

[TRYING SETTING] [ a ] WITH [ 2 , MULT , 2 ] 


--------------------------[NEW ITERATION]
[ a ] 

[DOING] OPERator at INDEX: -1 <<PRIORITY>> 100 
[ a ] 
6 [3] 
false 


--------------------------[NEW ITERATION]
[ 2 , MULT , 2 ] 

[DOING] OPERator at INDEX: 1 <<PRIORITY>> 14 
 
[TRYING MULTIPLICATE] [ 2 ] WITH [ 2 ] 


--------------------------[NEW ITERATION]
[ 2 ] 

[DOING] OPERator at INDEX: -1 <<PRIORITY>> 100 
[ 2 ] 
3 [3] 
true 
[EXECUTING  METHODE<<2>>]
 
[ a , EQUALS , 2 , MULT , 2 , ; , a , EQUALS , 2 , MULT , 2 , ; ]---------NEW LINE---------
[ a , EQUALS , 2 , MULT , 2 ]
-------------------- 
---------NEW LINE---------
[ a , EQUALS , 2 , MULT , 2 ]
-------------------- 
--------[EXEC CODE]:
[ a , EQUALS , 2 , MULT , 2 ]
-------------- 


--------------------------[NEW ITERATION]
[ a , EQUALS , 2 , MULT , 2 ] 

[DOING] OPERator at INDEX: 1 <<PRIORITY>> 2 

[TRYING SETTING] [ a ] WITH [ 2 , MULT , 2 ] 


--------------------------[NEW ITERATION]
[ a ] 

[DOING] OPERator at INDEX: -1 <<PRIORITY>> 100 
[ a ] 
6 [3] 
false 


--------------------------[NEW ITERATION]
[ 2 , MULT , 2 ] 

[DOING] OPERator at INDEX: 1 <<PRIORITY>> 14 
 
[TRYING MULTIPLICATE] [ 2 ] WITH [ 2 ] 


--------------------------[NEW ITERATION]
[ 2 ] 

[DOING] OPERator at INDEX: -1 <<PRIORITY>> 100 
[ 2 ] 
1 [3] 
false 


--------------------------[NEW ITERATION]
[ 2 ] 

[DOING] OPERator at INDEX: -1 <<PRIORITY>> 100 
[ 2 ] 
2 [3] 
false 
[OPERATION Mult] 
4 
[STORING] id 68 name [ a ] with TOKEN 1111111000000000000000001000100 ON 6 value [ 4 ] 

-------Buffer----------
[2, 2, 2, 2, 2, 4, 4, 4, 4, 4, 4, 4, 4, 4, 4, 4, 4, 4, 4, 4, 4, 4, 4, 4, 4, 4, 4, 4, 4, 4, 4, 4, 4, 4, 4, 4, 4, 4, 4, 4, 4, 4, 4, 4, 4, 4, 4, 4, 4, 4, 4, 4, 4, 4, 4, 4, 4, 4, 4, 4, 4, 4, 4, 4, 4, 4, 4, 4, 4]
----------------------------- 
-------cBUFFER---------
[0, 98, 0, 104, 105, 0, 97, 0]
-------------------------- 
[RETURN VALUE] [ 4 ] 
--------[EXEC CODE]:
[ a , EQUALS , 2 , MULT , 2 ]
-------------- 


--------------------------[NEW ITERATION]
[ a , EQUALS , 2 , MULT , 2 ] 

[DOING] OPERator at INDEX: 1 <<PRIORITY>> 2 

[TRYING SETTING] [ a ] WITH [ 2 , MULT , 2 ] 


--------------------------[NEW ITERATION]
[ a ] 

[DOING] OPERator at INDEX: -1 <<PRIORITY>> 100 
[ a ] 
6 [3] 
false 


--------------------------[NEW ITERATION]
[ 2 , MULT , 2 ] 

[DOING] OPERator at INDEX: 1 <<PRIORITY>> 14 
 
[TRYING MULTIPLICATE] [ 2 ] WITH [ 2 ] 


--------------------------[NEW ITERATION]
[ 2 ] 

[DOING] OPERator at INDEX: -1 <<PRIORITY>> 100 
[ 2 ] 
3 [3] 
true 
[EXECUTING  METHODE<<2>>]
 
[ a , EQUALS , 2 , MULT , 2 , ; , a , EQUALS , 2 , MULT , 2 , ; ]---------NEW LINE---------
[ a , EQUALS , 2 , MULT , 2 ]
-------------------- 
---------NEW LINE---------
[ a , EQUALS , 2 , MULT , 2 ]
-------------------- 
--------[EXEC CODE]:
[ a , EQUALS , 2 , MULT , 2 ]
-------------- 


--------------------------[NEW ITERATION]
[ a , EQUALS , 2 , MULT , 2 ] 

[DOING] OPERator at INDEX: 1 <<PRIORITY>> 2 

[TRYING SETTING] [ a ] WITH [ 2 , MULT , 2 ] 


--------------------------[NEW ITERATION]
[ a ] 

[DOING] OPERator at INDEX: -1 <<PRIORITY>> 100 
[ a ] 
6 [3] 
false 


--------------------------[NEW ITERATION]
[ 2 , MULT , 2 ] 

[DOING] OPERator at INDEX: 1 <<PRIORITY>> 14 
 
[TRYING MULTIPLICATE] [ 2 ] WITH [ 2 ] 


--------------------------[NEW ITERATION]
[ 2 ] 

[DOING] OPERator at INDEX: -1 <<PRIORITY>> 100 
[ 2 ] 
1 [3] 
false 


--------------------------[NEW ITERATION]
[ 2 ] 

[DOING] OPERator at INDEX: -1 <<PRIORITY>> 100 
[ 2 ] 
2 [3] 
false 
[OPERATION Mult] 
4 
[STORING] id 69 name [ a ] with TOKEN 1111111000000000000000001000101 ON 6 value [ 4 ] 

-------Buffer----------
[2, 2, 2, 2, 2, 4, 4, 4, 4, 4, 4, 4, 4, 4, 4, 4, 4, 4, 4, 4, 4, 4, 4, 4, 4, 4, 4, 4, 4, 4, 4, 4, 4, 4, 4, 4, 4, 4, 4, 4, 4, 4, 4, 4, 4, 4, 4, 4, 4, 4, 4, 4, 4, 4, 4, 4, 4, 4, 4, 4, 4, 4, 4, 4, 4, 4, 4, 4, 4, 4]
----------------------------- 
-------cBUFFER---------
[0, 98, 0, 104, 105, 0, 97, 0]
-------------------------- 
[RETURN VALUE] [ 4 ] 
--------[EXEC CODE]:
[ a , EQUALS , 2 , MULT , 2 ]
-------------- 


--------------------------[NEW ITERATION]
[ a , EQUALS , 2 , MULT , 2 ] 

[DOING] OPERator at INDEX: 1 <<PRIORITY>> 2 

[TRYING SETTING] [ a ] WITH [ 2 , MULT , 2 ] 


--------------------------[NEW ITERATION]
[ a ] 

[DOING] OPERator at INDEX: -1 <<PRIORITY>> 100 
[ a ] 
6 [3] 
false 


--------------------------[NEW ITERATION]
[ 2 , MULT , 2 ] 

[DOING] OPERator at INDEX: 1 <<PRIORITY>> 14 
 
[TRYING MULTIPLICATE] [ 2 ] WITH [ 2 ] 


--------------------------[NEW ITERATION]
[ 2 ] 

[DOING] OPERator at INDEX: -1 <<PRIORITY>> 100 
[ 2 ] 
3 [3] 
true 
[EXECUTING  METHODE<<2>>]
 
[ a , EQUALS , 2 , MULT , 2 , ; , a , EQUALS , 2 , MULT , 2 , ; ]---------NEW LINE---------
[ a , EQUALS , 2 , MULT , 2 ]
-------------------- 
---------NEW LINE---------
[ a , EQUALS , 2 , MULT , 2 ]
-------------------- 
--------[EXEC CODE]:
[ a , EQUALS , 2 , MULT , 2 ]
-------------- 


--------------------------[NEW ITERATION]
[ a , EQUALS , 2 , MULT , 2 ] 

[DOING] OPERator at INDEX: 1 <<PRIORITY>> 2 

[TRYING SETTING] [ a ] WITH [ 2 , MULT , 2 ] 


--------------------------[NEW ITERATION]
[ a ] 

[DOING] OPERator at INDEX: -1 <<PRIORITY>> 100 
[ a ] 
6 [3] 
false 


--------------------------[NEW ITERATION]
[ 2 , MULT , 2 ] 

[DOING] OPERator at INDEX: 1 <<PRIORITY>> 14 
 
[TRYING MULTIPLICATE] [ 2 ] WITH [ 2 ] 


--------------------------[NEW ITERATION]
[ 2 ] 

[DOING] OPERator at INDEX: -1 <<PRIORITY>> 100 
[ 2 ] 
1 [3] 
false 


--------------------------[NEW ITERATION]
[ 2 ] 

[DOING] OPERator at INDEX: -1 <<PRIORITY>> 100 
[ 2 ] 
2 [3] 
false 
[OPERATION Mult] 
4 
[STORING] id 70 name [ a ] with TOKEN 1111111000000000000000001000110 ON 6 value [ 4 ] 

-------Buffer----------
[2, 2, 2, 2, 2, 4, 4, 4, 4, 4, 4, 4, 4, 4, 4, 4, 4, 4, 4, 4, 4, 4, 4, 4, 4, 4, 4, 4, 4, 4, 4, 4, 4, 4, 4, 4, 4, 4, 4, 4, 4, 4, 4, 4, 4, 4, 4, 4, 4, 4, 4, 4, 4, 4, 4, 4, 4, 4, 4, 4, 4, 4, 4, 4, 4, 4, 4, 4, 4, 4, 4]
----------------------------- 
-------cBUFFER---------
[0, 98, 0, 104, 105, 0, 97, 0]
-------------------------- 
[RETURN VALUE] [ 4 ] 
--------[EXEC CODE]:
[ a , EQUALS , 2 , MULT , 2 ]
-------------- 


--------------------------[NEW ITERATION]
[ a , EQUALS , 2 , MULT , 2 ] 

[DOING] OPERator at INDEX: 1 <<PRIORITY>> 2 

[TRYING SETTING] [ a ] WITH [ 2 , MULT , 2 ] 


--------------------------[NEW ITERATION]
[ a ] 

[DOING] OPERator at INDEX: -1 <<PRIORITY>> 100 
[ a ] 
6 [3] 
false 


--------------------------[NEW ITERATION]
[ 2 , MULT , 2 ] 

[DOING] OPERator at INDEX: 1 <<PRIORITY>> 14 
 
[TRYING MULTIPLICATE] [ 2 ] WITH [ 2 ] 


--------------------------[NEW ITERATION]
[ 2 ] 

[DOING] OPERator at INDEX: -1 <<PRIORITY>> 100 
[ 2 ] 
3 [3] 
true 
[EXECUTING  METHODE<<2>>]
 
[ a , EQUALS , 2 , MULT , 2 , ; , a , EQUALS , 2 , MULT , 2 , ; ]---------NEW LINE---------
[ a , EQUALS , 2 , MULT , 2 ]
-------------------- 
---------NEW LINE---------
[ a , EQUALS , 2 , MULT , 2 ]
-------------------- 
--------[EXEC CODE]:
[ a , EQUALS , 2 , MULT , 2 ]
-------------- 


--------------------------[NEW ITERATION]
[ a , EQUALS , 2 , MULT , 2 ] 

[DOING] OPERator at INDEX: 1 <<PRIORITY>> 2 

[TRYING SETTING] [ a ] WITH [ 2 , MULT , 2 ] 


--------------------------[NEW ITERATION]
[ a ] 

[DOING] OPERator at INDEX: -1 <<PRIORITY>> 100 
[ a ] 
6 [3] 
false 


--------------------------[NEW ITERATION]
[ 2 , MULT , 2 ] 

[DOING] OPERator at INDEX: 1 <<PRIORITY>> 14 
 
[TRYING MULTIPLICATE] [ 2 ] WITH [ 2 ] 


--------------------------[NEW ITERATION]
[ 2 ] 

[DOING] OPERator at INDEX: -1 <<PRIORITY>> 100 
[ 2 ] 
1 [3] 
false 


--------------------------[NEW ITERATION]
[ 2 ] 

[DOING] OPERator at INDEX: -1 <<PRIORITY>> 100 
[ 2 ] 
2 [3] 
false 
[OPERATION Mult] 
4 
[STORING] id 71 name [ a ] with TOKEN 1111111000000000000000001000111 ON 6 value [ 4 ] 

-------Buffer----------
[2, 2, 2, 2, 2, 4, 4, 4, 4, 4, 4, 4, 4, 4, 4, 4, 4, 4, 4, 4, 4, 4, 4, 4, 4, 4, 4, 4, 4, 4, 4, 4, 4, 4, 4, 4, 4, 4, 4, 4, 4, 4, 4, 4, 4, 4, 4, 4, 4, 4, 4, 4, 4, 4, 4, 4, 4, 4, 4, 4, 4, 4, 4, 4, 4, 4, 4, 4, 4, 4, 4, 4]
----------------------------- 
-------cBUFFER---------
[0, 98, 0, 104, 105, 0, 97, 0]
-------------------------- 
[RETURN VALUE] [ 4 ] 
--------[EXEC CODE]:
[ a , EQUALS , 2 , MULT , 2 ]
-------------- 


--------------------------[NEW ITERATION]
[ a , EQUALS , 2 , MULT , 2 ] 

[DOING] OPERator at INDEX: 1 <<PRIORITY>> 2 

[TRYING SETTING] [ a ] WITH [ 2 , MULT , 2 ] 


--------------------------[NEW ITERATION]
[ a ] 

[DOING] OPERator at INDEX: -1 <<PRIORITY>> 100 
[ a ] 
6 [3] 
false 


--------------------------[NEW ITERATION]
[ 2 , MULT , 2 ] 

[DOING] OPERator at INDEX: 1 <<PRIORITY>> 14 
 
[TRYING MULTIPLICATE] [ 2 ] WITH [ 2 ] 


--------------------------[NEW ITERATION]
[ 2 ] 

[DOING] OPERator at INDEX: -1 <<PRIORITY>> 100 
[ 2 ] 
3 [3] 
true 
[EXECUTING  METHODE<<2>>]
 
[ a , EQUALS , 2 , MULT , 2 , ; , a , EQUALS , 2 , MULT , 2 , ; ]---------NEW LINE---------
[ a , EQUALS , 2 , MULT , 2 ]
-------------------- 
---------NEW LINE---------
[ a , EQUALS , 2 , MULT , 2 ]
-------------------- 
--------[EXEC CODE]:
[ a , EQUALS , 2 , MULT , 2 ]
-------------- 


--------------------------[NEW ITERATION]
[ a , EQUALS , 2 , MULT , 2 ] 

[DOING] OPERator at INDEX: 1 <<PRIORITY>> 2 

[TRYING SETTING] [ a ] WITH [ 2 , MULT , 2 ] 


--------------------------[NEW ITERATION]
[ a ] 

[DOING] OPERator at INDEX: -1 <<PRIORITY>> 100 
[ a ] 
6 [3] 
false 


--------------------------[NEW ITERATION]
[ 2 , MULT , 2 ] 

[DOING] OPERator at INDEX: 1 <<PRIORITY>> 14 
 
[TRYING MULTIPLICATE] [ 2 ] WITH [ 2 ] 


--------------------------[NEW ITERATION]
[ 2 ] 

[DOING] OPERator at INDEX: -1 <<PRIORITY>> 100 
[ 2 ] 
1 [3] 
false 


--------------------------[NEW ITERATION]
[ 2 ] 

[DOING] OPERator at INDEX: -1 <<PRIORITY>> 100 
[ 2 ] 
2 [3] 
false 
[OPERATION Mult] 
4 
[STORING] id 72 name [ a ] with TOKEN 1111111000000000000000001001000 ON 6 value [ 4 ] 

-------Buffer----------
[2, 2, 2, 2, 2, 4, 4, 4, 4, 4, 4, 4, 4, 4, 4, 4, 4, 4, 4, 4, 4, 4, 4, 4, 4, 4, 4, 4, 4, 4, 4, 4, 4, 4, 4, 4, 4, 4, 4, 4, 4, 4, 4, 4, 4, 4, 4, 4, 4, 4, 4, 4, 4, 4, 4, 4, 4, 4, 4, 4, 4, 4, 4, 4, 4, 4, 4, 4, 4, 4, 4, 4, 4]
----------------------------- 
-------cBUFFER---------
[0, 98, 0, 104, 105, 0, 97, 0]
-------------------------- 
[RETURN VALUE] [ 4 ] 
--------[EXEC CODE]:
[ a , EQUALS , 2 , MULT , 2 ]
-------------- 


--------------------------[NEW ITERATION]
[ a , EQUALS , 2 , MULT , 2 ] 

[DOING] OPERator at INDEX: 1 <<PRIORITY>> 2 

[TRYING SETTING] [ a ] WITH [ 2 , MULT , 2 ] 


--------------------------[NEW ITERATION]
[ a ] 

[DOING] OPERator at INDEX: -1 <<PRIORITY>> 100 
[ a ] 
6 [3] 
false 


--------------------------[NEW ITERATION]
[ 2 , MULT , 2 ] 

[DOING] OPERator at INDEX: 1 <<PRIORITY>> 14 
 
[TRYING MULTIPLICATE] [ 2 ] WITH [ 2 ] 


--------------------------[NEW ITERATION]
[ 2 ] 

[DOING] OPERator at INDEX: -1 <<PRIORITY>> 100 
[ 2 ] 
3 [3] 
true 
[EXECUTING  METHODE<<2>>]
 
[ a , EQUALS , 2 , MULT , 2 , ; , a , EQUALS , 2 , MULT , 2 , ; ]---------NEW LINE---------
[ a , EQUALS , 2 , MULT , 2 ]
-------------------- 
---------NEW LINE---------
[ a , EQUALS , 2 , MULT , 2 ]
-------------------- 
--------[EXEC CODE]:
[ a , EQUALS , 2 , MULT , 2 ]
-------------- 


--------------------------[NEW ITERATION]
[ a , EQUALS , 2 , MULT , 2 ] 

[DOING] OPERator at INDEX: 1 <<PRIORITY>> 2 

[TRYING SETTING] [ a ] WITH [ 2 , MULT , 2 ] 


--------------------------[NEW ITERATION]
[ a ] 

[DOING] OPERator at INDEX: -1 <<PRIORITY>> 100 
[ a ] 
6 [3] 
false 


--------------------------[NEW ITERATION]
[ 2 , MULT , 2 ] 

[DOING] OPERator at INDEX: 1 <<PRIORITY>> 14 
 
[TRYING MULTIPLICATE] [ 2 ] WITH [ 2 ] 


--------------------------[NEW ITERATION]
[ 2 ] 

[DOING] OPERator at INDEX: -1 <<PRIORITY>> 100 
[ 2 ] 
1 [3] 
false 


--------------------------[NEW ITERATION]
[ 2 ] 

[DOING] OPERator at INDEX: -1 <<PRIORITY>> 100 
[ 2 ] 
2 [3] 
false 
[OPERATION Mult] 
4 
[STORING] id 73 name [ a ] with TOKEN 1111111000000000000000001001001 ON 6 value [ 4 ] 

-------Buffer----------
[2, 2, 2, 2, 2, 4, 4, 4, 4, 4, 4, 4, 4, 4, 4, 4, 4, 4, 4, 4, 4, 4, 4, 4, 4, 4, 4, 4, 4, 4, 4, 4, 4, 4, 4, 4, 4, 4, 4, 4, 4, 4, 4, 4, 4, 4, 4, 4, 4, 4, 4, 4, 4, 4, 4, 4, 4, 4, 4, 4, 4, 4, 4, 4, 4, 4, 4, 4, 4, 4, 4, 4, 4, 4]
----------------------------- 
-------cBUFFER---------
[0, 98, 0, 104, 105, 0, 97, 0]
-------------------------- 
[RETURN VALUE] [ 4 ] 
--------[EXEC CODE]:
[ a , EQUALS , 2 , MULT , 2 ]
-------------- 


--------------------------[NEW ITERATION]
[ a , EQUALS , 2 , MULT , 2 ] 

[DOING] OPERator at INDEX: 1 <<PRIORITY>> 2 

[TRYING SETTING] [ a ] WITH [ 2 , MULT , 2 ] 


--------------------------[NEW ITERATION]
[ a ] 

[DOING] OPERator at INDEX: -1 <<PRIORITY>> 100 
[ a ] 
6 [3] 
false 


--------------------------[NEW ITERATION]
[ 2 , MULT , 2 ] 

[DOING] OPERator at INDEX: 1 <<PRIORITY>> 14 
 
[TRYING MULTIPLICATE] [ 2 ] WITH [ 2 ] 


--------------------------[NEW ITERATION]
[ 2 ] 

[DOING] OPERator at INDEX: -1 <<PRIORITY>> 100 
[ 2 ] 
3 [3] 
true 
[EXECUTING  METHODE<<2>>]
 
[ a , EQUALS , 2 , MULT , 2 , ; , a , EQUALS , 2 , MULT , 2 , ; ]---------NEW LINE---------
[ a , EQUALS , 2 , MULT , 2 ]
-------------------- 
---------NEW LINE---------
[ a , EQUALS , 2 , MULT , 2 ]
-------------------- 
--------[EXEC CODE]:
[ a , EQUALS , 2 , MULT , 2 ]
-------------- 


--------------------------[NEW ITERATION]
[ a , EQUALS , 2 , MULT , 2 ] 

[DOING] OPERator at INDEX: 1 <<PRIORITY>> 2 

[TRYING SETTING] [ a ] WITH [ 2 , MULT , 2 ] 


--------------------------[NEW ITERATION]
[ a ] 

[DOING] OPERator at INDEX: -1 <<PRIORITY>> 100 
[ a ] 
6 [3] 
false 


--------------------------[NEW ITERATION]
[ 2 , MULT , 2 ] 

[DOING] OPERator at INDEX: 1 <<PRIORITY>> 14 
 
[TRYING MULTIPLICATE] [ 2 ] WITH [ 2 ] 


--------------------------[NEW ITERATION]
[ 2 ] 

[DOING] OPERator at INDEX: -1 <<PRIORITY>> 100 
[ 2 ] 
1 [3] 
false 


--------------------------[NEW ITERATION]
[ 2 ] 

[DOING] OPERator at INDEX: -1 <<PRIORITY>> 100 
[ 2 ] 
2 [3] 
false 
[OPERATION Mult] 
4 
[STORING] id 74 name [ a ] with TOKEN 1111111000000000000000001001010 ON 6 value [ 4 ] 

-------Buffer----------
[2, 2, 2, 2, 2, 4, 4, 4, 4, 4, 4, 4, 4, 4, 4, 4, 4, 4, 4, 4, 4, 4, 4, 4, 4, 4, 4, 4, 4, 4, 4, 4, 4, 4, 4, 4, 4, 4, 4, 4, 4, 4, 4, 4, 4, 4, 4, 4, 4, 4, 4, 4, 4, 4, 4, 4, 4, 4, 4, 4, 4, 4, 4, 4, 4, 4, 4, 4, 4, 4, 4, 4, 4, 4, 4]
----------------------------- 
-------cBUFFER---------
[0, 98, 0, 104, 105, 0, 97, 0]
-------------------------- 
[RETURN VALUE] [ 4 ] 
--------[EXEC CODE]:
[ a , EQUALS , 2 , MULT , 2 ]
-------------- 


--------------------------[NEW ITERATION]
[ a , EQUALS , 2 , MULT , 2 ] 

[DOING] OPERator at INDEX: 1 <<PRIORITY>> 2 

[TRYING SETTING] [ a ] WITH [ 2 , MULT , 2 ] 


--------------------------[NEW ITERATION]
[ a ] 

[DOING] OPERator at INDEX: -1 <<PRIORITY>> 100 
[ a ] 
6 [3] 
false 


--------------------------[NEW ITERATION]
[ 2 , MULT , 2 ] 

[DOING] OPERator at INDEX: 1 <<PRIORITY>> 14 
 
[TRYING MULTIPLICATE] [ 2 ] WITH [ 2 ] 


--------------------------[NEW ITERATION]
[ 2 ] 

[DOING] OPERator at INDEX: -1 <<PRIORITY>> 100 
[ 2 ] 
3 [3] 
true 
[EXECUTING  METHODE<<2>>]
 
[ a , EQUALS , 2 , MULT , 2 , ; , a , EQUALS , 2 , MULT , 2 , ; ]---------NEW LINE---------
[ a , EQUALS , 2 , MULT , 2 ]
-------------------- 
---------NEW LINE---------
[ a , EQUALS , 2 , MULT , 2 ]
-------------------- 
--------[EXEC CODE]:
[ a , EQUALS , 2 , MULT , 2 ]
-------------- 


--------------------------[NEW ITERATION]
[ a , EQUALS , 2 , MULT , 2 ] 

[DOING] OPERator at INDEX: 1 <<PRIORITY>> 2 

[TRYING SETTING] [ a ] WITH [ 2 , MULT , 2 ] 


--------------------------[NEW ITERATION]
[ a ] 

[DOING] OPERator at INDEX: -1 <<PRIORITY>> 100 
[ a ] 
6 [3] 
false 


--------------------------[NEW ITERATION]
[ 2 , MULT , 2 ] 

[DOING] OPERator at INDEX: 1 <<PRIORITY>> 14 
 
[TRYING MULTIPLICATE] [ 2 ] WITH [ 2 ] 


--------------------------[NEW ITERATION]
[ 2 ] 

[DOING] OPERator at INDEX: -1 <<PRIORITY>> 100 
[ 2 ] 
1 [3] 
false 


--------------------------[NEW ITERATION]
[ 2 ] 

[DOING] OPERator at INDEX: -1 <<PRIORITY>> 100 
[ 2 ] 
2 [3] 
false 
[OPERATION Mult] 
4 
[STORING] id 75 name [ a ] with TOKEN 1111111000000000000000001001011 ON 6 value [ 4 ] 

-------Buffer----------
[2, 2, 2, 2, 2, 4, 4, 4, 4, 4, 4, 4, 4, 4, 4, 4, 4, 4, 4, 4, 4, 4, 4, 4, 4, 4, 4, 4, 4, 4, 4, 4, 4, 4, 4, 4, 4, 4, 4, 4, 4, 4, 4, 4, 4, 4, 4, 4, 4, 4, 4, 4, 4, 4, 4, 4, 4, 4, 4, 4, 4, 4, 4, 4, 4, 4, 4, 4, 4, 4, 4, 4, 4, 4, 4, 4]
----------------------------- 
-------cBUFFER---------
[0, 98, 0, 104, 105, 0, 97, 0]
-------------------------- 
[RETURN VALUE] [ 4 ] 
--------[EXEC CODE]:
[ a , EQUALS , 2 , MULT , 2 ]
-------------- 


--------------------------[NEW ITERATION]
[ a , EQUALS , 2 , MULT , 2 ] 

[DOING] OPERator at INDEX: 1 <<PRIORITY>> 2 

[TRYING SETTING] [ a ] WITH [ 2 , MULT , 2 ] 


--------------------------[NEW ITERATION]
[ a ] 

[DOING] OPERator at INDEX: -1 <<PRIORITY>> 100 
[ a ] 
6 [3] 
false 


--------------------------[NEW ITERATION]
[ 2 , MULT , 2 ] 

[DOING] OPERator at INDEX: 1 <<PRIORITY>> 14 
 
[TRYING MULTIPLICATE] [ 2 ] WITH [ 2 ] 


--------------------------[NEW ITERATION]
[ 2 ] 

[DOING] OPERator at INDEX: -1 <<PRIORITY>> 100 
[ 2 ] 
3 [3] 
true 
[EXECUTING  METHODE<<2>>]
 
[ a , EQUALS , 2 , MULT , 2 , ; , a , EQUALS , 2 , MULT , 2 , ; ]---------NEW LINE---------
[ a , EQUALS , 2 , MULT , 2 ]
-------------------- 
---------NEW LINE---------
[ a , EQUALS , 2 , MULT , 2 ]
-------------------- 
--------[EXEC CODE]:
[ a , EQUALS , 2 , MULT , 2 ]
-------------- 


--------------------------[NEW ITERATION]
[ a , EQUALS , 2 , MULT , 2 ] 

[DOING] OPERator at INDEX: 1 <<PRIORITY>> 2 

[TRYING SETTING] [ a ] WITH [ 2 , MULT , 2 ] 


--------------------------[NEW ITERATION]
[ a ] 

[DOING] OPERator at INDEX: -1 <<PRIORITY>> 100 
[ a ] 
6 [3] 
false 


--------------------------[NEW ITERATION]
[ 2 , MULT , 2 ] 

[DOING] OPERator at INDEX: 1 <<PRIORITY>> 14 
 
[TRYING MULTIPLICATE] [ 2 ] WITH [ 2 ] 


--------------------------[NEW ITERATION]
[ 2 ] 

[DOING] OPERator at INDEX: -1 <<PRIORITY>> 100 
[ 2 ] 
1 [3] 
false 


--------------------------[NEW ITERATION]
[ 2 ] 

[DOING] OPERator at INDEX: -1 <<PRIORITY>> 100 
[ 2 ] 
2 [3] 
false 
[OPERATION Mult] 
4 
[STORING] id 76 name [ a ] with TOKEN 1111111000000000000000001001100 ON 6 value [ 4 ] 

-------Buffer----------
[2, 2, 2, 2, 2, 4, 4, 4, 4, 4, 4, 4, 4, 4, 4, 4, 4, 4, 4, 4, 4, 4, 4, 4, 4, 4, 4, 4, 4, 4, 4, 4, 4, 4, 4, 4, 4, 4, 4, 4, 4, 4, 4, 4, 4, 4, 4, 4, 4, 4, 4, 4, 4, 4, 4, 4, 4, 4, 4, 4, 4, 4, 4, 4, 4, 4, 4, 4, 4, 4, 4, 4, 4, 4, 4, 4, 4]
----------------------------- 
-------cBUFFER---------
[0, 98, 0, 104, 105, 0, 97, 0]
-------------------------- 
[RETURN VALUE] [ 4 ] 
--------[EXEC CODE]:
[ a , EQUALS , 2 , MULT , 2 ]
-------------- 


--------------------------[NEW ITERATION]
[ a , EQUALS , 2 , MULT , 2 ] 

[DOING] OPERator at INDEX: 1 <<PRIORITY>> 2 

[TRYING SETTING] [ a ] WITH [ 2 , MULT , 2 ] 


--------------------------[NEW ITERATION]
[ a ] 

[DOING] OPERator at INDEX: -1 <<PRIORITY>> 100 
[ a ] 
6 [3] 
false 


--------------------------[NEW ITERATION]
[ 2 , MULT , 2 ] 

[DOING] OPERator at INDEX: 1 <<PRIORITY>> 14 
 
[TRYING MULTIPLICATE] [ 2 ] WITH [ 2 ] 


--------------------------[NEW ITERATION]
[ 2 ] 

[DOING] OPERator at INDEX: -1 <<PRIORITY>> 100 
[ 2 ] 
3 [3] 
true 
[EXECUTING  METHODE<<2>>]
 
[ a , EQUALS , 2 , MULT , 2 , ; , a , EQUALS , 2 , MULT , 2 , ; ]---------NEW LINE---------
[ a , EQUALS , 2 , MULT , 2 ]
-------------------- 
---------NEW LINE---------
[ a , EQUALS , 2 , MULT , 2 ]
-------------------- 
--------[EXEC CODE]:
[ a , EQUALS , 2 , MULT , 2 ]
-------------- 


--------------------------[NEW ITERATION]
[ a , EQUALS , 2 , MULT , 2 ] 

[DOING] OPERator at INDEX: 1 <<PRIORITY>> 2 

[TRYING SETTING] [ a ] WITH [ 2 , MULT , 2 ] 


--------------------------[NEW ITERATION]
[ a ] 

[DOING] OPERator at INDEX: -1 <<PRIORITY>> 100 
[ a ] 
6 [3] 
false 


--------------------------[NEW ITERATION]
[ 2 , MULT , 2 ] 

[DOING] OPERator at INDEX: 1 <<PRIORITY>> 14 
 
[TRYING MULTIPLICATE] [ 2 ] WITH [ 2 ] 


--------------------------[NEW ITERATION]
[ 2 ] 

[DOING] OPERator at INDEX: -1 <<PRIORITY>> 100 
[ 2 ] 
1 [3] 
false 


--------------------------[NEW ITERATION]
[ 2 ] 

[DOING] OPERator at INDEX: -1 <<PRIORITY>> 100 
[ 2 ] 
2 [3] 
false 
[OPERATION Mult] 
4 
[STORING] id 77 name [ a ] with TOKEN 1111111000000000000000001001101 ON 6 value [ 4 ] 

-------Buffer----------
[2, 2, 2, 2, 2, 4, 4, 4, 4, 4, 4, 4, 4, 4, 4, 4, 4, 4, 4, 4, 4, 4, 4, 4, 4, 4, 4, 4, 4, 4, 4, 4, 4, 4, 4, 4, 4, 4, 4, 4, 4, 4, 4, 4, 4, 4, 4, 4, 4, 4, 4, 4, 4, 4, 4, 4, 4, 4, 4, 4, 4, 4, 4, 4, 4, 4, 4, 4, 4, 4, 4, 4, 4, 4, 4, 4, 4, 4]
----------------------------- 
-------cBUFFER---------
[0, 98, 0, 104, 105, 0, 97, 0]
-------------------------- 
[RETURN VALUE] [ 4 ] 
--------[EXEC CODE]:
[ a , EQUALS , 2 , MULT , 2 ]
-------------- 


--------------------------[NEW ITERATION]
[ a , EQUALS , 2 , MULT , 2 ] 

[DOING] OPERator at INDEX: 1 <<PRIORITY>> 2 

[TRYING SETTING] [ a ] WITH [ 2 , MULT , 2 ] 


--------------------------[NEW ITERATION]
[ a ] 

[DOING] OPERator at INDEX: -1 <<PRIORITY>> 100 
[ a ] 
6 [3] 
false 


--------------------------[NEW ITERATION]
[ 2 , MULT , 2 ] 

[DOING] OPERator at INDEX: 1 <<PRIORITY>> 14 
 
[TRYING MULTIPLICATE] [ 2 ] WITH [ 2 ] 


--------------------------[NEW ITERATION]
[ 2 ] 

[DOING] OPERator at INDEX: -1 <<PRIORITY>> 100 
[ 2 ] 
3 [3] 
true 
[EXECUTING  METHODE<<2>>]
 
[ a , EQUALS , 2 , MULT , 2 , ; , a , EQUALS , 2 , MULT , 2 , ; ]---------NEW LINE---------
[ a , EQUALS , 2 , MULT , 2 ]
-------------------- 
---------NEW LINE---------
[ a , EQUALS , 2 , MULT , 2 ]
-------------------- 
--------[EXEC CODE]:
[ a , EQUALS , 2 , MULT , 2 ]
-------------- 


--------------------------[NEW ITERATION]
[ a , EQUALS , 2 , MULT , 2 ] 

[DOING] OPERator at INDEX: 1 <<PRIORITY>> 2 

[TRYING SETTING] [ a ] WITH [ 2 , MULT , 2 ] 


--------------------------[NEW ITERATION]
[ a ] 

[DOING] OPERator at INDEX: -1 <<PRIORITY>> 100 
[ a ] 
6 [3] 
false 


--------------------------[NEW ITERATION]
[ 2 , MULT , 2 ] 

[DOING] OPERator at INDEX: 1 <<PRIORITY>> 14 
 
[TRYING MULTIPLICATE] [ 2 ] WITH [ 2 ] 


--------------------------[NEW ITERATION]
[ 2 ] 

[DOING] OPERator at INDEX: -1 <<PRIORITY>> 100 
[ 2 ] 
1 [3] 
false 


--------------------------[NEW ITERATION]
[ 2 ] 

[DOING] OPERator at INDEX: -1 <<PRIORITY>> 100 
[ 2 ] 
2 [3] 
false 
[OPERATION Mult] 
4 
[STORING] id 78 name [ a ] with TOKEN 1111111000000000000000001001110 ON 6 value [ 4 ] 

-------Buffer----------
[2, 2, 2, 2, 2, 4, 4, 4, 4, 4, 4, 4, 4, 4, 4, 4, 4, 4, 4, 4, 4, 4, 4, 4, 4, 4, 4, 4, 4, 4, 4, 4, 4, 4, 4, 4, 4, 4, 4, 4, 4, 4, 4, 4, 4, 4, 4, 4, 4, 4, 4, 4, 4, 4, 4, 4, 4, 4, 4, 4, 4, 4, 4, 4, 4, 4, 4, 4, 4, 4, 4, 4, 4, 4, 4, 4, 4, 4, 4]
----------------------------- 
-------cBUFFER---------
[0, 98, 0, 104, 105, 0, 97, 0]
-------------------------- 
[RETURN VALUE] [ 4 ] 
--------[EXEC CODE]:
[ a , EQUALS , 2 , MULT , 2 ]
-------------- 


--------------------------[NEW ITERATION]
[ a , EQUALS , 2 , MULT , 2 ] 

[DOING] OPERator at INDEX: 1 <<PRIORITY>> 2 

[TRYING SETTING] [ a ] WITH [ 2 , MULT , 2 ] 


--------------------------[NEW ITERATION]
[ a ] 

[DOING] OPERator at INDEX: -1 <<PRIORITY>> 100 
[ a ] 
6 [3] 
false 


--------------------------[NEW ITERATION]
[ 2 , MULT , 2 ] 

[DOING] OPERator at INDEX: 1 <<PRIORITY>> 14 
 
[TRYING MULTIPLICATE] [ 2 ] WITH [ 2 ] 


--------------------------[NEW ITERATION]
[ 2 ] 

[DOING] OPERator at INDEX: -1 <<PRIORITY>> 100 
[ 2 ] 
3 [3] 
true 
[EXECUTING  METHODE<<2>>]
 
[ a , EQUALS , 2 , MULT , 2 , ; , a , EQUALS , 2 , MULT , 2 , ; ]---------NEW LINE---------
[ a , EQUALS , 2 , MULT , 2 ]
-------------------- 
---------NEW LINE---------
[ a , EQUALS , 2 , MULT , 2 ]
-------------------- 
--------[EXEC CODE]:
[ a , EQUALS , 2 , MULT , 2 ]
-------------- 


--------------------------[NEW ITERATION]
[ a , EQUALS , 2 , MULT , 2 ] 

[DOING] OPERator at INDEX: 1 <<PRIORITY>> 2 

[TRYING SETTING] [ a ] WITH [ 2 , MULT , 2 ] 


--------------------------[NEW ITERATION]
[ a ] 

[DOING] OPERator at INDEX: -1 <<PRIORITY>> 100 
[ a ] 
6 [3] 
false 


--------------------------[NEW ITERATION]
[ 2 , MULT , 2 ] 

[DOING] OPERator at INDEX: 1 <<PRIORITY>> 14 
 
[TRYING MULTIPLICATE] [ 2 ] WITH [ 2 ] 


--------------------------[NEW ITERATION]
[ 2 ] 

[DOING] OPERator at INDEX: -1 <<PRIORITY>> 100 
[ 2 ] 
1 [3] 
false 


--------------------------[NEW ITERATION]
[ 2 ] 

[DOING] OPERator at INDEX: -1 <<PRIORITY>> 100 
[ 2 ] 
2 [3] 
false 
[OPERATION Mult] 
4 
[STORING] id 79 name [ a ] with TOKEN 1111111000000000000000001001111 ON 6 value [ 4 ] 

-------Buffer----------
[2, 2, 2, 2, 2, 4, 4, 4, 4, 4, 4, 4, 4, 4, 4, 4, 4, 4, 4, 4, 4, 4, 4, 4, 4, 4, 4, 4, 4, 4, 4, 4, 4, 4, 4, 4, 4, 4, 4, 4, 4, 4, 4, 4, 4, 4, 4, 4, 4, 4, 4, 4, 4, 4, 4, 4, 4, 4, 4, 4, 4, 4, 4, 4, 4, 4, 4, 4, 4, 4, 4, 4, 4, 4, 4, 4, 4, 4, 4, 4]
----------------------------- 
-------cBUFFER---------
[0, 98, 0, 104, 105, 0, 97, 0]
-------------------------- 
[RETURN VALUE] [ 4 ] 
--------[EXEC CODE]:
[ a , EQUALS , 2 , MULT , 2 ]
-------------- 


--------------------------[NEW ITERATION]
[ a , EQUALS , 2 , MULT , 2 ] 

[DOING] OPERator at INDEX: 1 <<PRIORITY>> 2 

[TRYING SETTING] [ a ] WITH [ 2 , MULT , 2 ] 


--------------------------[NEW ITERATION]
[ a ] 

[DOING] OPERator at INDEX: -1 <<PRIORITY>> 100 
[ a ] 
6 [3] 
false 


--------------------------[NEW ITERATION]
[ 2 , MULT , 2 ] 

[DOING] OPERator at INDEX: 1 <<PRIORITY>> 14 
 
[TRYING MULTIPLICATE] [ 2 ] WITH [ 2 ] 


--------------------------[NEW ITERATION]
[ 2 ] 

[DOING] OPERator at INDEX: -1 <<PRIORITY>> 100 
[ 2 ] 
3 [3] 
true 
[EXECUTING  METHODE<<2>>]
 
[ a , EQUALS , 2 , MULT , 2 , ; , a , EQUALS , 2 , MULT , 2 , ; ]---------NEW LINE---------
[ a , EQUALS , 2 , MULT , 2 ]
-------------------- 
---------NEW LINE---------
[ a , EQUALS , 2 , MULT , 2 ]
-------------------- 
--------[EXEC CODE]:
[ a , EQUALS , 2 , MULT , 2 ]
-------------- 


--------------------------[NEW ITERATION]
[ a , EQUALS , 2 , MULT , 2 ] 

[DOING] OPERator at INDEX: 1 <<PRIORITY>> 2 

[TRYING SETTING] [ a ] WITH [ 2 , MULT , 2 ] 


--------------------------[NEW ITERATION]
[ a ] 

[DOING] OPERator at INDEX: -1 <<PRIORITY>> 100 
[ a ] 
6 [3] 
false 


--------------------------[NEW ITERATION]
[ 2 , MULT , 2 ] 

[DOING] OPERator at INDEX: 1 <<PRIORITY>> 14 
 
[TRYING MULTIPLICATE] [ 2 ] WITH [ 2 ] 


--------------------------[NEW ITERATION]
[ 2 ] 

[DOING] OPERator at INDEX: -1 <<PRIORITY>> 100 
[ 2 ] 
1 [3] 
false 


--------------------------[NEW ITERATION]
[ 2 ] 

[DOING] OPERator at INDEX: -1 <<PRIORITY>> 100 
[ 2 ] 
2 [3] 
false 
[OPERATION Mult] 
4 
[STORING] id 80 name [ a ] with TOKEN 1111111000000000000000001010000 ON 6 value [ 4 ] 

-------Buffer----------
[2, 2, 2, 2, 2, 4, 4, 4, 4, 4, 4, 4, 4, 4, 4, 4, 4, 4, 4, 4, 4, 4, 4, 4, 4, 4, 4, 4, 4, 4, 4, 4, 4, 4, 4, 4, 4, 4, 4, 4, 4, 4, 4, 4, 4, 4, 4, 4, 4, 4, 4, 4, 4, 4, 4, 4, 4, 4, 4, 4, 4, 4, 4, 4, 4, 4, 4, 4, 4, 4, 4, 4, 4, 4, 4, 4, 4, 4, 4, 4, 4]
----------------------------- 
-------cBUFFER---------
[0, 98, 0, 104, 105, 0, 97, 0]
-------------------------- 
[RETURN VALUE] [ 4 ] 
--------[EXEC CODE]:
[ a , EQUALS , 2 , MULT , 2 ]
-------------- 


--------------------------[NEW ITERATION]
[ a , EQUALS , 2 , MULT , 2 ] 

[DOING] OPERator at INDEX: 1 <<PRIORITY>> 2 

[TRYING SETTING] [ a ] WITH [ 2 , MULT , 2 ] 


--------------------------[NEW ITERATION]
[ a ] 

[DOING] OPERator at INDEX: -1 <<PRIORITY>> 100 
[ a ] 
6 [3] 
false 


--------------------------[NEW ITERATION]
[ 2 , MULT , 2 ] 

[DOING] OPERator at INDEX: 1 <<PRIORITY>> 14 
 
[TRYING MULTIPLICATE] [ 2 ] WITH [ 2 ] 


--------------------------[NEW ITERATION]
[ 2 ] 

[DOING] OPERator at INDEX: -1 <<PRIORITY>> 100 
[ 2 ] 
3 [3] 
true 
[EXECUTING  METHODE<<2>>]
 
[ a , EQUALS , 2 , MULT , 2 , ; , a , EQUALS , 2 , MULT , 2 , ; ]---------NEW LINE---------
[ a , EQUALS , 2 , MULT , 2 ]
-------------------- 
---------NEW LINE---------
[ a , EQUALS , 2 , MULT , 2 ]
-------------------- 
--------[EXEC CODE]:
[ a , EQUALS , 2 , MULT , 2 ]
-------------- 


--------------------------[NEW ITERATION]
[ a , EQUALS , 2 , MULT , 2 ] 

[DOING] OPERator at INDEX: 1 <<PRIORITY>> 2 

[TRYING SETTING] [ a ] WITH [ 2 , MULT , 2 ] 


--------------------------[NEW ITERATION]
[ a ] 

[DOING] OPERator at INDEX: -1 <<PRIORITY>> 100 
[ a ] 
6 [3] 
false 


--------------------------[NEW ITERATION]
[ 2 , MULT , 2 ] 

[DOING] OPERator at INDEX: 1 <<PRIORITY>> 14 
 
[TRYING MULTIPLICATE] [ 2 ] WITH [ 2 ] 


--------------------------[NEW ITERATION]
[ 2 ] 

[DOING] OPERator at INDEX: -1 <<PRIORITY>> 100 
[ 2 ] 
1 [3] 
false 


--------------------------[NEW ITERATION]
[ 2 ] 

[DOING] OPERator at INDEX: -1 <<PRIORITY>> 100 
[ 2 ] 
2 [3] 
false 
[OPERATION Mult] 
4 
[STORING] id 81 name [ a ] with TOKEN 1111111000000000000000001010001 ON 6 value [ 4 ] 

-------Buffer----------
[2, 2, 2, 2, 2, 4, 4, 4, 4, 4, 4, 4, 4, 4, 4, 4, 4, 4, 4, 4, 4, 4, 4, 4, 4, 4, 4, 4, 4, 4, 4, 4, 4, 4, 4, 4, 4, 4, 4, 4, 4, 4, 4, 4, 4, 4, 4, 4, 4, 4, 4, 4, 4, 4, 4, 4, 4, 4, 4, 4, 4, 4, 4, 4, 4, 4, 4, 4, 4, 4, 4, 4, 4, 4, 4, 4, 4, 4, 4, 4, 4, 4]
----------------------------- 
-------cBUFFER---------
[0, 98, 0, 104, 105, 0, 97, 0]
-------------------------- 
[RETURN VALUE] [ 4 ] 
--------[EXEC CODE]:
[ a , EQUALS , 2 , MULT , 2 ]
-------------- 


--------------------------[NEW ITERATION]
[ a , EQUALS , 2 , MULT , 2 ] 

[DOING] OPERator at INDEX: 1 <<PRIORITY>> 2 

[TRYING SETTING] [ a ] WITH [ 2 , MULT , 2 ] 


--------------------------[NEW ITERATION]
[ a ] 

[DOING] OPERator at INDEX: -1 <<PRIORITY>> 100 
[ a ] 
6 [3] 
false 


--------------------------[NEW ITERATION]
[ 2 , MULT , 2 ] 

[DOING] OPERator at INDEX: 1 <<PRIORITY>> 14 
 
[TRYING MULTIPLICATE] [ 2 ] WITH [ 2 ] 


--------------------------[NEW ITERATION]
[ 2 ] 

[DOING] OPERator at INDEX: -1 <<PRIORITY>> 100 
[ 2 ] 
3 [3] 
true 
[EXECUTING  METHODE<<2>>]
 
[ a , EQUALS , 2 , MULT , 2 , ; , a , EQUALS , 2 , MULT , 2 , ; ]---------NEW LINE---------
[ a , EQUALS , 2 , MULT , 2 ]
-------------------- 
---------NEW LINE---------
[ a , EQUALS , 2 , MULT , 2 ]
-------------------- 
--------[EXEC CODE]:
[ a , EQUALS , 2 , MULT , 2 ]
-------------- 


--------------------------[NEW ITERATION]
[ a , EQUALS , 2 , MULT , 2 ] 

[DOING] OPERator at INDEX: 1 <<PRIORITY>> 2 

[TRYING SETTING] [ a ] WITH [ 2 , MULT , 2 ] 


--------------------------[NEW ITERATION]
[ a ] 

[DOING] OPERator at INDEX: -1 <<PRIORITY>> 100 
[ a ] 
6 [3] 
false 


--------------------------[NEW ITERATION]
[ 2 , MULT , 2 ] 

[DOING] OPERator at INDEX: 1 <<PRIORITY>> 14 
 
[TRYING MULTIPLICATE] [ 2 ] WITH [ 2 ] 


--------------------------[NEW ITERATION]
[ 2 ] 

[DOING] OPERator at INDEX: -1 <<PRIORITY>> 100 
[ 2 ] 
1 [3] 
false 


--------------------------[NEW ITERATION]
[ 2 ] 

[DOING] OPERator at INDEX: -1 <<PRIORITY>> 100 
[ 2 ] 
2 [3] 
false 
[OPERATION Mult] 
4 
[STORING] id 82 name [ a ] with TOKEN 1111111000000000000000001010010 ON 6 value [ 4 ] 

-------Buffer----------
[2, 2, 2, 2, 2, 4, 4, 4, 4, 4, 4, 4, 4, 4, 4, 4, 4, 4, 4, 4, 4, 4, 4, 4, 4, 4, 4, 4, 4, 4, 4, 4, 4, 4, 4, 4, 4, 4, 4, 4, 4, 4, 4, 4, 4, 4, 4, 4, 4, 4, 4, 4, 4, 4, 4, 4, 4, 4, 4, 4, 4, 4, 4, 4, 4, 4, 4, 4, 4, 4, 4, 4, 4, 4, 4, 4, 4, 4, 4, 4, 4, 4, 4]
----------------------------- 
-------cBUFFER---------
[0, 98, 0, 104, 105, 0, 97, 0]
-------------------------- 
[RETURN VALUE] [ 4 ] 
--------[EXEC CODE]:
[ a , EQUALS , 2 , MULT , 2 ]
-------------- 


--------------------------[NEW ITERATION]
[ a , EQUALS , 2 , MULT , 2 ] 

[DOING] OPERator at INDEX: 1 <<PRIORITY>> 2 

[TRYING SETTING] [ a ] WITH [ 2 , MULT , 2 ] 


--------------------------[NEW ITERATION]
[ a ] 

[DOING] OPERator at INDEX: -1 <<PRIORITY>> 100 
[ a ] 
6 [3] 
false 


--------------------------[NEW ITERATION]
[ 2 , MULT , 2 ] 

[DOING] OPERator at INDEX: 1 <<PRIORITY>> 14 
 
[TRYING MULTIPLICATE] [ 2 ] WITH [ 2 ] 


--------------------------[NEW ITERATION]
[ 2 ] 

[DOING] OPERator at INDEX: -1 <<PRIORITY>> 100 
[ 2 ] 
3 [3] 
true 
[EXECUTING  METHODE<<2>>]
 
[ a , EQUALS , 2 , MULT , 2 , ; , a , EQUALS , 2 , MULT , 2 , ; ]---------NEW LINE---------
[ a , EQUALS , 2 , MULT , 2 ]
-------------------- 
---------NEW LINE---------
[ a , EQUALS , 2 , MULT , 2 ]
-------------------- 
--------[EXEC CODE]:
[ a , EQUALS , 2 , MULT , 2 ]
-------------- 


--------------------------[NEW ITERATION]
[ a , EQUALS , 2 , MULT , 2 ] 

[DOING] OPERator at INDEX: 1 <<PRIORITY>> 2 

[TRYING SETTING] [ a ] WITH [ 2 , MULT , 2 ] 


--------------------------[NEW ITERATION]
[ a ] 

[DOING] OPERator at INDEX: -1 <<PRIORITY>> 100 
[ a ] 
6 [3] 
false 


--------------------------[NEW ITERATION]
[ 2 , MULT , 2 ] 

[DOING] OPERator at INDEX: 1 <<PRIORITY>> 14 
 
[TRYING MULTIPLICATE] [ 2 ] WITH [ 2 ] 


--------------------------[NEW ITERATION]
[ 2 ] 

[DOING] OPERator at INDEX: -1 <<PRIORITY>> 100 
[ 2 ] 
1 [3] 
false 


--------------------------[NEW ITERATION]
[ 2 ] 

[DOING] OPERator at INDEX: -1 <<PRIORITY>> 100 
[ 2 ] 
2 [3] 
false 
[OPERATION Mult] 
4 
[STORING] id 83 name [ a ] with TOKEN 1111111000000000000000001010011 ON 6 value [ 4 ] 

-------Buffer----------
[2, 2, 2, 2, 2, 4, 4, 4, 4, 4, 4, 4, 4, 4, 4, 4, 4, 4, 4, 4, 4, 4, 4, 4, 4, 4, 4, 4, 4, 4, 4, 4, 4, 4, 4, 4, 4, 4, 4, 4, 4, 4, 4, 4, 4, 4, 4, 4, 4, 4, 4, 4, 4, 4, 4, 4, 4, 4, 4, 4, 4, 4, 4, 4, 4, 4, 4, 4, 4, 4, 4, 4, 4, 4, 4, 4, 4, 4, 4, 4, 4, 4, 4, 4]
----------------------------- 
-------cBUFFER---------
[0, 98, 0, 104, 105, 0, 97, 0]
-------------------------- 
[RETURN VALUE] [ 4 ] 
--------[EXEC CODE]:
[ a , EQUALS , 2 , MULT , 2 ]
-------------- 


--------------------------[NEW ITERATION]
[ a , EQUALS , 2 , MULT , 2 ] 

[DOING] OPERator at INDEX: 1 <<PRIORITY>> 2 

[TRYING SETTING] [ a ] WITH [ 2 , MULT , 2 ] 


--------------------------[NEW ITERATION]
[ a ] 

[DOING] OPERator at INDEX: -1 <<PRIORITY>> 100 
[ a ] 
6 [3] 
false 


--------------------------[NEW ITERATION]
[ 2 , MULT , 2 ] 

[DOING] OPERator at INDEX: 1 <<PRIORITY>> 14 
 
[TRYING MULTIPLICATE] [ 2 ] WITH [ 2 ] 


--------------------------[NEW ITERATION]
[ 2 ] 

[DOING] OPERator at INDEX: -1 <<PRIORITY>> 100 
[ 2 ] 
3 [3] 
true 
[EXECUTING  METHODE<<2>>]
 
[ a , EQUALS , 2 , MULT , 2 , ; , a , EQUALS , 2 , MULT , 2 , ; ]---------NEW LINE---------
[ a , EQUALS , 2 , MULT , 2 ]
-------------------- 
---------NEW LINE---------
[ a , EQUALS , 2 , MULT , 2 ]
-------------------- 
--------[EXEC CODE]:
[ a , EQUALS , 2 , MULT , 2 ]
-------------- 


--------------------------[NEW ITERATION]
[ a , EQUALS , 2 , MULT , 2 ] 

[DOING] OPERator at INDEX: 1 <<PRIORITY>> 2 

[TRYING SETTING] [ a ] WITH [ 2 , MULT , 2 ] 


--------------------------[NEW ITERATION]
[ a ] 

[DOING] OPERator at INDEX: -1 <<PRIORITY>> 100 
[ a ] 
6 [3] 
false 


--------------------------[NEW ITERATION]
[ 2 , MULT , 2 ] 

[DOING] OPERator at INDEX: 1 <<PRIORITY>> 14 
 
[TRYING MULTIPLICATE] [ 2 ] WITH [ 2 ] 


--------------------------[NEW ITERATION]
[ 2 ] 

[DOING] OPERator at INDEX: -1 <<PRIORITY>> 100 
[ 2 ] 
1 [3] 
false 


--------------------------[NEW ITERATION]
[ 2 ] 

[DOING] OPERator at INDEX: -1 <<PRIORITY>> 100 
[ 2 ] 
2 [3] 
false 
[OPERATION Mult] 
4 
[STORING] id 84 name [ a ] with TOKEN 1111111000000000000000001010100 ON 6 value [ 4 ] 

-------Buffer----------
[2, 2, 2, 2, 2, 4, 4, 4, 4, 4, 4, 4, 4, 4, 4, 4, 4, 4, 4, 4, 4, 4, 4, 4, 4, 4, 4, 4, 4, 4, 4, 4, 4, 4, 4, 4, 4, 4, 4, 4, 4, 4, 4, 4, 4, 4, 4, 4, 4, 4, 4, 4, 4, 4, 4, 4, 4, 4, 4, 4, 4, 4, 4, 4, 4, 4, 4, 4, 4, 4, 4, 4, 4, 4, 4, 4, 4, 4, 4, 4, 4, 4, 4, 4, 4]
----------------------------- 
-------cBUFFER---------
[0, 98, 0, 104, 105, 0, 97, 0]
-------------------------- 
[RETURN VALUE] [ 4 ] 
--------[EXEC CODE]:
[ a , EQUALS , 2 , MULT , 2 ]
-------------- 


--------------------------[NEW ITERATION]
[ a , EQUALS , 2 , MULT , 2 ] 

[DOING] OPERator at INDEX: 1 <<PRIORITY>> 2 

[TRYING SETTING] [ a ] WITH [ 2 , MULT , 2 ] 


--------------------------[NEW ITERATION]
[ a ] 

[DOING] OPERator at INDEX: -1 <<PRIORITY>> 100 
[ a ] 
6 [3] 
false 


--------------------------[NEW ITERATION]
[ 2 , MULT , 2 ] 

[DOING] OPERator at INDEX: 1 <<PRIORITY>> 14 
 
[TRYING MULTIPLICATE] [ 2 ] WITH [ 2 ] 


--------------------------[NEW ITERATION]
[ 2 ] 

[DOING] OPERator at INDEX: -1 <<PRIORITY>> 100 
[ 2 ] 
3 [3] 
true 
[EXECUTING  METHODE<<2>>]
 
[ a , EQUALS , 2 , MULT , 2 , ; , a , EQUALS , 2 , MULT , 2 , ; ]---------NEW LINE---------
[ a , EQUALS , 2 , MULT , 2 ]
-------------------- 
---------NEW LINE---------
[ a , EQUALS , 2 , MULT , 2 ]
-------------------- 
--------[EXEC CODE]:
[ a , EQUALS , 2 , MULT , 2 ]
-------------- 


--------------------------[NEW ITERATION]
[ a , EQUALS , 2 , MULT , 2 ] 

[DOING] OPERator at INDEX: 1 <<PRIORITY>> 2 

[TRYING SETTING] [ a ] WITH [ 2 , MULT , 2 ] 


--------------------------[NEW ITERATION]
[ a ] 

[DOING] OPERator at INDEX: -1 <<PRIORITY>> 100 
[ a ] 
6 [3] 
false 


--------------------------[NEW ITERATION]
[ 2 , MULT , 2 ] 

[DOING] OPERator at INDEX: 1 <<PRIORITY>> 14 
 
[TRYING MULTIPLICATE] [ 2 ] WITH [ 2 ] 


--------------------------[NEW ITERATION]
[ 2 ] 

[DOING] OPERator at INDEX: -1 <<PRIORITY>> 100 
[ 2 ] 
1 [3] 
false 


--------------------------[NEW ITERATION]
[ 2 ] 

[DOING] OPERator at INDEX: -1 <<PRIORITY>> 100 
[ 2 ] 
2 [3] 
false 
[OPERATION Mult] 
4 
[STORING] id 85 name [ a ] with TOKEN 1111111000000000000000001010101 ON 6 value [ 4 ] 

-------Buffer----------
[2, 2, 2, 2, 2, 4, 4, 4, 4, 4, 4, 4, 4, 4, 4, 4, 4, 4, 4, 4, 4, 4, 4, 4, 4, 4, 4, 4, 4, 4, 4, 4, 4, 4, 4, 4, 4, 4, 4, 4, 4, 4, 4, 4, 4, 4, 4, 4, 4, 4, 4, 4, 4, 4, 4, 4, 4, 4, 4, 4, 4, 4, 4, 4, 4, 4, 4, 4, 4, 4, 4, 4, 4, 4, 4, 4, 4, 4, 4, 4, 4, 4, 4, 4, 4, 4]
----------------------------- 
-------cBUFFER---------
[0, 98, 0, 104, 105, 0, 97, 0]
-------------------------- 
[RETURN VALUE] [ 4 ] 
--------[EXEC CODE]:
[ a , EQUALS , 2 , MULT , 2 ]
-------------- 


--------------------------[NEW ITERATION]
[ a , EQUALS , 2 , MULT , 2 ] 

[DOING] OPERator at INDEX: 1 <<PRIORITY>> 2 

[TRYING SETTING] [ a ] WITH [ 2 , MULT , 2 ] 


--------------------------[NEW ITERATION]
[ a ] 

[DOING] OPERator at INDEX: -1 <<PRIORITY>> 100 
[ a ] 
6 [3] 
false 


--------------------------[NEW ITERATION]
[ 2 , MULT , 2 ] 

[DOING] OPERator at INDEX: 1 <<PRIORITY>> 14 
 
[TRYING MULTIPLICATE] [ 2 ] WITH [ 2 ] 


--------------------------[NEW ITERATION]
[ 2 ] 

[DOING] OPERator at INDEX: -1 <<PRIORITY>> 100 
[ 2 ] 
3 [3] 
true 
[EXECUTING  METHODE<<2>>]
 
[ a , EQUALS , 2 , MULT , 2 , ; , a , EQUALS , 2 , MULT , 2 , ; ]---------NEW LINE---------
[ a , EQUALS , 2 , MULT , 2 ]
-------------------- 
---------NEW LINE---------
[ a , EQUALS , 2 , MULT , 2 ]
-------------------- 
--------[EXEC CODE]:
[ a , EQUALS , 2 , MULT , 2 ]
-------------- 


--------------------------[NEW ITERATION]
[ a , EQUALS , 2 , MULT , 2 ] 

[DOING] OPERator at INDEX: 1 <<PRIORITY>> 2 

[TRYING SETTING] [ a ] WITH [ 2 , MULT , 2 ] 


--------------------------[NEW ITERATION]
[ a ] 

[DOING] OPERator at INDEX: -1 <<PRIORITY>> 100 
[ a ] 
6 [3] 
false 


--------------------------[NEW ITERATION]
[ 2 , MULT , 2 ] 

[DOING] OPERator at INDEX: 1 <<PRIORITY>> 14 
 
[TRYING MULTIPLICATE] [ 2 ] WITH [ 2 ] 


--------------------------[NEW ITERATION]
[ 2 ] 

[DOING] OPERator at INDEX: -1 <<PRIORITY>> 100 
[ 2 ] 
1 [3] 
false 


--------------------------[NEW ITERATION]
[ 2 ] 

[DOING] OPERator at INDEX: -1 <<PRIORITY>> 100 
[ 2 ] 
2 [3] 
false 
[OPERATION Mult] 
4 
[STORING] id 86 name [ a ] with TOKEN 1111111000000000000000001010110 ON 6 value [ 4 ] 

-------Buffer----------
[2, 2, 2, 2, 2, 4, 4, 4, 4, 4, 4, 4, 4, 4, 4, 4, 4, 4, 4, 4, 4, 4, 4, 4, 4, 4, 4, 4, 4, 4, 4, 4, 4, 4, 4, 4, 4, 4, 4, 4, 4, 4, 4, 4, 4, 4, 4, 4, 4, 4, 4, 4, 4, 4, 4, 4, 4, 4, 4, 4, 4, 4, 4, 4, 4, 4, 4, 4, 4, 4, 4, 4, 4, 4, 4, 4, 4, 4, 4, 4, 4, 4, 4, 4, 4, 4, 4]
----------------------------- 
-------cBUFFER---------
[0, 98, 0, 104, 105, 0, 97, 0]
-------------------------- 
[RETURN VALUE] [ 4 ] 
--------[EXEC CODE]:
[ a , EQUALS , 2 , MULT , 2 ]
-------------- 


--------------------------[NEW ITERATION]
[ a , EQUALS , 2 , MULT , 2 ] 

[DOING] OPERator at INDEX: 1 <<PRIORITY>> 2 

[TRYING SETTING] [ a ] WITH [ 2 , MULT , 2 ] 


--------------------------[NEW ITERATION]
[ a ] 

[DOING] OPERator at INDEX: -1 <<PRIORITY>> 100 
[ a ] 
6 [3] 
false 


--------------------------[NEW ITERATION]
[ 2 , MULT , 2 ] 

[DOING] OPERator at INDEX: 1 <<PRIORITY>> 14 
 
[TRYING MULTIPLICATE] [ 2 ] WITH [ 2 ] 


--------------------------[NEW ITERATION]
[ 2 ] 

[DOING] OPERator at INDEX: -1 <<PRIORITY>> 100 
[ 2 ] 
3 [3] 
true 
[EXECUTING  METHODE<<2>>]
 
[ a , EQUALS , 2 , MULT , 2 , ; , a , EQUALS , 2 , MULT , 2 , ; ]---------NEW LINE---------
[ a , EQUALS , 2 , MULT , 2 ]
-------------------- 
---------NEW LINE---------
[ a , EQUALS , 2 , MULT , 2 ]
-------------------- 
--------[EXEC CODE]:
[ a , EQUALS , 2 , MULT , 2 ]
-------------- 


--------------------------[NEW ITERATION]
[ a , EQUALS , 2 , MULT , 2 ] 

[DOING] OPERator at INDEX: 1 <<PRIORITY>> 2 

[TRYING SETTING] [ a ] WITH [ 2 , MULT , 2 ] 


--------------------------[NEW ITERATION]
[ a ] 

[DOING] OPERator at INDEX: -1 <<PRIORITY>> 100 
[ a ] 
6 [3] 
false 


--------------------------[NEW ITERATION]
[ 2 , MULT , 2 ] 

[DOING] OPERator at INDEX: 1 <<PRIORITY>> 14 
 
[TRYING MULTIPLICATE] [ 2 ] WITH [ 2 ] 


--------------------------[NEW ITERATION]
[ 2 ] 

[DOING] OPERator at INDEX: -1 <<PRIORITY>> 100 
[ 2 ] 
1 [3] 
false 


--------------------------[NEW ITERATION]
[ 2 ] 

[DOING] OPERator at INDEX: -1 <<PRIORITY>> 100 
[ 2 ] 
2 [3] 
false 
[OPERATION Mult] 
4 
[STORING] id 87 name [ a ] with TOKEN 1111111000000000000000001010111 ON 6 value [ 4 ] 

-------Buffer----------
[2, 2, 2, 2, 2, 4, 4, 4, 4, 4, 4, 4, 4, 4, 4, 4, 4, 4, 4, 4, 4, 4, 4, 4, 4, 4, 4, 4, 4, 4, 4, 4, 4, 4, 4, 4, 4, 4, 4, 4, 4, 4, 4, 4, 4, 4, 4, 4, 4, 4, 4, 4, 4, 4, 4, 4, 4, 4, 4, 4, 4, 4, 4, 4, 4, 4, 4, 4, 4, 4, 4, 4, 4, 4, 4, 4, 4, 4, 4, 4, 4, 4, 4, 4, 4, 4, 4, 4]
----------------------------- 
-------cBUFFER---------
[0, 98, 0, 104, 105, 0, 97, 0]
-------------------------- 
[RETURN VALUE] [ 4 ] 
--------[EXEC CODE]:
[ a , EQUALS , 2 , MULT , 2 ]
-------------- 


--------------------------[NEW ITERATION]
[ a , EQUALS , 2 , MULT , 2 ] 

[DOING] OPERator at INDEX: 1 <<PRIORITY>> 2 

[TRYING SETTING] [ a ] WITH [ 2 , MULT , 2 ] 


--------------------------[NEW ITERATION]
[ a ] 

[DOING] OPERator at INDEX: -1 <<PRIORITY>> 100 
[ a ] 
6 [3] 
false 


--------------------------[NEW ITERATION]
[ 2 , MULT , 2 ] 

[DOING] OPERator at INDEX: 1 <<PRIORITY>> 14 
 
[TRYING MULTIPLICATE] [ 2 ] WITH [ 2 ] 


--------------------------[NEW ITERATION]
[ 2 ] 

[DOING] OPERator at INDEX: -1 <<PRIORITY>> 100 
[ 2 ] 
3 [3] 
true 
[EXECUTING  METHODE<<2>>]
 
[ a , EQUALS , 2 , MULT , 2 , ; , a , EQUALS , 2 , MULT , 2 , ; ]---------NEW LINE---------
[ a , EQUALS , 2 , MULT , 2 ]
-------------------- 
---------NEW LINE---------
[ a , EQUALS , 2 , MULT , 2 ]
-------------------- 
--------[EXEC CODE]:
[ a , EQUALS , 2 , MULT , 2 ]
-------------- 


--------------------------[NEW ITERATION]
[ a , EQUALS , 2 , MULT , 2 ] 

[DOING] OPERator at INDEX: 1 <<PRIORITY>> 2 

[TRYING SETTING] [ a ] WITH [ 2 , MULT , 2 ] 


--------------------------[NEW ITERATION]
[ a ] 

[DOING] OPERator at INDEX: -1 <<PRIORITY>> 100 
[ a ] 
6 [3] 
false 


--------------------------[NEW ITERATION]
[ 2 , MULT , 2 ] 

[DOING] OPERator at INDEX: 1 <<PRIORITY>> 14 
 
[TRYING MULTIPLICATE] [ 2 ] WITH [ 2 ] 


--------------------------[NEW ITERATION]
[ 2 ] 

[DOING] OPERator at INDEX: -1 <<PRIORITY>> 100 
[ 2 ] 
1 [3] 
false 


--------------------------[NEW ITERATION]
[ 2 ] 

[DOING] OPERator at INDEX: -1 <<PRIORITY>> 100 
[ 2 ] 
2 [3] 
false 
[OPERATION Mult] 
4 
[STORING] id 88 name [ a ] with TOKEN 1111111000000000000000001011000 ON 6 value [ 4 ] 

-------Buffer----------
[2, 2, 2, 2, 2, 4, 4, 4, 4, 4, 4, 4, 4, 4, 4, 4, 4, 4, 4, 4, 4, 4, 4, 4, 4, 4, 4, 4, 4, 4, 4, 4, 4, 4, 4, 4, 4, 4, 4, 4, 4, 4, 4, 4, 4, 4, 4, 4, 4, 4, 4, 4, 4, 4, 4, 4, 4, 4, 4, 4, 4, 4, 4, 4, 4, 4, 4, 4, 4, 4, 4, 4, 4, 4, 4, 4, 4, 4, 4, 4, 4, 4, 4, 4, 4, 4, 4, 4, 4]
----------------------------- 
-------cBUFFER---------
[0, 98, 0, 104, 105, 0, 97, 0]
-------------------------- 
[RETURN VALUE] [ 4 ] 
--------[EXEC CODE]:
[ a , EQUALS , 2 , MULT , 2 ]
-------------- 


--------------------------[NEW ITERATION]
[ a , EQUALS , 2 , MULT , 2 ] 

[DOING] OPERator at INDEX: 1 <<PRIORITY>> 2 

[TRYING SETTING] [ a ] WITH [ 2 , MULT , 2 ] 


--------------------------[NEW ITERATION]
[ a ] 

[DOING] OPERator at INDEX: -1 <<PRIORITY>> 100 
[ a ] 
6 [3] 
false 


--------------------------[NEW ITERATION]
[ 2 , MULT , 2 ] 

[DOING] OPERator at INDEX: 1 <<PRIORITY>> 14 
 
[TRYING MULTIPLICATE] [ 2 ] WITH [ 2 ] 


--------------------------[NEW ITERATION]
[ 2 ] 

[DOING] OPERator at INDEX: -1 <<PRIORITY>> 100 
[ 2 ] 
3 [3] 
true 
[EXECUTING  METHODE<<2>>]
 
[ a , EQUALS , 2 , MULT , 2 , ; , a , EQUALS , 2 , MULT , 2 , ; ]---------NEW LINE---------
[ a , EQUALS , 2 , MULT , 2 ]
-------------------- 
---------NEW LINE---------
[ a , EQUALS , 2 , MULT , 2 ]
-------------------- 
--------[EXEC CODE]:
[ a , EQUALS , 2 , MULT , 2 ]
-------------- 


--------------------------[NEW ITERATION]
[ a , EQUALS , 2 , MULT , 2 ] 

[DOING] OPERator at INDEX: 1 <<PRIORITY>> 2 

[TRYING SETTING] [ a ] WITH [ 2 , MULT , 2 ] 


--------------------------[NEW ITERATION]
[ a ] 

[DOING] OPERator at INDEX: -1 <<PRIORITY>> 100 
[ a ] 
6 [3] 
false 


--------------------------[NEW ITERATION]
[ 2 , MULT , 2 ] 

[DOING] OPERator at INDEX: 1 <<PRIORITY>> 14 
 
[TRYING MULTIPLICATE] [ 2 ] WITH [ 2 ] 


--------------------------[NEW ITERATION]
[ 2 ] 

[DOING] OPERator at INDEX: -1 <<PRIORITY>> 100 
[ 2 ] 
1 [3] 
false 


--------------------------[NEW ITERATION]
[ 2 ] 

[DOING] OPERator at INDEX: -1 <<PRIORITY>> 100 
[ 2 ] 
2 [3] 
false 
[OPERATION Mult] 
4 
[STORING] id 89 name [ a ] with TOKEN 1111111000000000000000001011001 ON 6 value [ 4 ] 

-------Buffer----------
[2, 2, 2, 2, 2, 4, 4, 4, 4, 4, 4, 4, 4, 4, 4, 4, 4, 4, 4, 4, 4, 4, 4, 4, 4, 4, 4, 4, 4, 4, 4, 4, 4, 4, 4, 4, 4, 4, 4, 4, 4, 4, 4, 4, 4, 4, 4, 4, 4, 4, 4, 4, 4, 4, 4, 4, 4, 4, 4, 4, 4, 4, 4, 4, 4, 4, 4, 4, 4, 4, 4, 4, 4, 4, 4, 4, 4, 4, 4, 4, 4, 4, 4, 4, 4, 4, 4, 4, 4, 4]
----------------------------- 
-------cBUFFER---------
[0, 98, 0, 104, 105, 0, 97, 0]
-------------------------- 
[RETURN VALUE] [ 4 ] 
--------[EXEC CODE]:
[ a , EQUALS , 2 , MULT , 2 ]
-------------- 


--------------------------[NEW ITERATION]
[ a , EQUALS , 2 , MULT , 2 ] 

[DOING] OPERator at INDEX: 1 <<PRIORITY>> 2 

[TRYING SETTING] [ a ] WITH [ 2 , MULT , 2 ] 


--------------------------[NEW ITERATION]
[ a ] 

[DOING] OPERator at INDEX: -1 <<PRIORITY>> 100 
[ a ] 
6 [3] 
false 


--------------------------[NEW ITERATION]
[ 2 , MULT , 2 ] 

[DOING] OPERator at INDEX: 1 <<PRIORITY>> 14 
 
[TRYING MULTIPLICATE] [ 2 ] WITH [ 2 ] 


--------------------------[NEW ITERATION]
[ 2 ] 

[DOING] OPERator at INDEX: -1 <<PRIORITY>> 100 
[ 2 ] 
3 [3] 
true 
[EXECUTING  METHODE<<2>>]
 
[ a , EQUALS , 2 , MULT , 2 , ; , a , EQUALS , 2 , MULT , 2 , ; ]---------NEW LINE---------
[ a , EQUALS , 2 , MULT , 2 ]
-------------------- 
---------NEW LINE---------
[ a , EQUALS , 2 , MULT , 2 ]
-------------------- 
--------[EXEC CODE]:
[ a , EQUALS , 2 , MULT , 2 ]
-------------- 


--------------------------[NEW ITERATION]
[ a , EQUALS , 2 , MULT , 2 ] 

[DOING] OPERator at INDEX: 1 <<PRIORITY>> 2 

[TRYING SETTING] [ a ] WITH [ 2 , MULT , 2 ] 


--------------------------[NEW ITERATION]
[ a ] 

[DOING] OPERator at INDEX: -1 <<PRIORITY>> 100 
[ a ] 
6 [3] 
false 


--------------------------[NEW ITERATION]
[ 2 , MULT , 2 ] 

[DOING] OPERator at INDEX: 1 <<PRIORITY>> 14 
 
[TRYING MULTIPLICATE] [ 2 ] WITH [ 2 ] 


--------------------------[NEW ITERATION]
[ 2 ] 

[DOING] OPERator at INDEX: -1 <<PRIORITY>> 100 
[ 2 ] 
1 [3] 
false 


--------------------------[NEW ITERATION]
[ 2 ] 

[DOING] OPERator at INDEX: -1 <<PRIORITY>> 100 
[ 2 ] 
2 [3] 
false 
[OPERATION Mult] 
4 
[STORING] id 90 name [ a ] with TOKEN 1111111000000000000000001011010 ON 6 value [ 4 ] 

-------Buffer----------
[2, 2, 2, 2, 2, 4, 4, 4, 4, 4, 4, 4, 4, 4, 4, 4, 4, 4, 4, 4, 4, 4, 4, 4, 4, 4, 4, 4, 4, 4, 4, 4, 4, 4, 4, 4, 4, 4, 4, 4, 4, 4, 4, 4, 4, 4, 4, 4, 4, 4, 4, 4, 4, 4, 4, 4, 4, 4, 4, 4, 4, 4, 4, 4, 4, 4, 4, 4, 4, 4, 4, 4, 4, 4, 4, 4, 4, 4, 4, 4, 4, 4, 4, 4, 4, 4, 4, 4, 4, 4, 4]
----------------------------- 
-------cBUFFER---------
[0, 98, 0, 104, 105, 0, 97, 0]
-------------------------- 
[RETURN VALUE] [ 4 ] 
--------[EXEC CODE]:
[ a , EQUALS , 2 , MULT , 2 ]
-------------- 


--------------------------[NEW ITERATION]
[ a , EQUALS , 2 , MULT , 2 ] 

[DOING] OPERator at INDEX: 1 <<PRIORITY>> 2 

[TRYING SETTING] [ a ] WITH [ 2 , MULT , 2 ] 


--------------------------[NEW ITERATION]
[ a ] 

[DOING] OPERator at INDEX: -1 <<PRIORITY>> 100 
[ a ] 
6 [3] 
false 


--------------------------[NEW ITERATION]
[ 2 , MULT , 2 ] 

[DOING] OPERator at INDEX: 1 <<PRIORITY>> 14 
 
[TRYING MULTIPLICATE] [ 2 ] WITH [ 2 ] 


--------------------------[NEW ITERATION]
[ 2 ] 

[DOING] OPERator at INDEX: -1 <<PRIORITY>> 100 
[ 2 ] 
3 [3] 
true 
[EXECUTING  METHODE<<2>>]
 
[ a , EQUALS , 2 , MULT , 2 , ; , a , EQUALS , 2 , MULT , 2 , ; ]---------NEW LINE---------
[ a , EQUALS , 2 , MULT , 2 ]
-------------------- 
---------NEW LINE---------
[ a , EQUALS , 2 , MULT , 2 ]
-------------------- 
--------[EXEC CODE]:
[ a , EQUALS , 2 , MULT , 2 ]
-------------- 


--------------------------[NEW ITERATION]
[ a , EQUALS , 2 , MULT , 2 ] 

[DOING] OPERator at INDEX: 1 <<PRIORITY>> 2 

[TRYING SETTING] [ a ] WITH [ 2 , MULT , 2 ] 


--------------------------[NEW ITERATION]
[ a ] 

[DOING] OPERator at INDEX: -1 <<PRIORITY>> 100 
[ a ] 
6 [3] 
false 


--------------------------[NEW ITERATION]
[ 2 , MULT , 2 ] 

[DOING] OPERator at INDEX: 1 <<PRIORITY>> 14 
 
[TRYING MULTIPLICATE] [ 2 ] WITH [ 2 ] 


--------------------------[NEW ITERATION]
[ 2 ] 

[DOING] OPERator at INDEX: -1 <<PRIORITY>> 100 
[ 2 ] 
1 [3] 
false 


--------------------------[NEW ITERATION]
[ 2 ] 

[DOING] OPERator at INDEX: -1 <<PRIORITY>> 100 
[ 2 ] 
2 [3] 
false 
[OPERATION Mult] 
4 
[STORING] id 91 name [ a ] with TOKEN 1111111000000000000000001011011 ON 6 value [ 4 ] 

-------Buffer----------
[2, 2, 2, 2, 2, 4, 4, 4, 4, 4, 4, 4, 4, 4, 4, 4, 4, 4, 4, 4, 4, 4, 4, 4, 4, 4, 4, 4, 4, 4, 4, 4, 4, 4, 4, 4, 4, 4, 4, 4, 4, 4, 4, 4, 4, 4, 4, 4, 4, 4, 4, 4, 4, 4, 4, 4, 4, 4, 4, 4, 4, 4, 4, 4, 4, 4, 4, 4, 4, 4, 4, 4, 4, 4, 4, 4, 4, 4, 4, 4, 4, 4, 4, 4, 4, 4, 4, 4, 4, 4, 4, 4]
----------------------------- 
-------cBUFFER---------
[0, 98, 0, 104, 105, 0, 97, 0]
-------------------------- 
[RETURN VALUE] [ 4 ] 
--------[EXEC CODE]:
[ a , EQUALS , 2 , MULT , 2 ]
-------------- 


--------------------------[NEW ITERATION]
[ a , EQUALS , 2 , MULT , 2 ] 

[DOING] OPERator at INDEX: 1 <<PRIORITY>> 2 

[TRYING SETTING] [ a ] WITH [ 2 , MULT , 2 ] 


--------------------------[NEW ITERATION]
[ a ] 

[DOING] OPERator at INDEX: -1 <<PRIORITY>> 100 
[ a ] 
6 [3] 
false 


--------------------------[NEW ITERATION]
[ 2 , MULT , 2 ] 

[DOING] OPERator at INDEX: 1 <<PRIORITY>> 14 
 
[TRYING MULTIPLICATE] [ 2 ] WITH [ 2 ] 


--------------------------[NEW ITERATION]
[ 2 ] 

[DOING] OPERator at INDEX: -1 <<PRIORITY>> 100 
[ 2 ] 
3 [3] 
true 
[EXECUTING  METHODE<<2>>]
 
[ a , EQUALS , 2 , MULT , 2 , ; , a , EQUALS , 2 , MULT , 2 , ; ]---------NEW LINE---------
[ a , EQUALS , 2 , MULT , 2 ]
-------------------- 
---------NEW LINE---------
[ a , EQUALS , 2 , MULT , 2 ]
-------------------- 
--------[EXEC CODE]:
[ a , EQUALS , 2 , MULT , 2 ]
-------------- 


--------------------------[NEW ITERATION]
[ a , EQUALS , 2 , MULT , 2 ] 

[DOING] OPERator at INDEX: 1 <<PRIORITY>> 2 

[TRYING SETTING] [ a ] WITH [ 2 , MULT , 2 ] 


--------------------------[NEW ITERATION]
[ a ] 

[DOING] OPERator at INDEX: -1 <<PRIORITY>> 100 
[ a ] 
6 [3] 
false 


--------------------------[NEW ITERATION]
[ 2 , MULT , 2 ] 

[DOING] OPERator at INDEX: 1 <<PRIORITY>> 14 
 
[TRYING MULTIPLICATE] [ 2 ] WITH [ 2 ] 


--------------------------[NEW ITERATION]
[ 2 ] 

[DOING] OPERator at INDEX: -1 <<PRIORITY>> 100 
[ 2 ] 
1 [3] 
false 


--------------------------[NEW ITERATION]
[ 2 ] 

[DOING] OPERator at INDEX: -1 <<PRIORITY>> 100 
[ 2 ] 
2 [3] 
false 
[OPERATION Mult] 
4 
[STORING] id 92 name [ a ] with TOKEN 1111111000000000000000001011100 ON 6 value [ 4 ] 

-------Buffer----------
[2, 2, 2, 2, 2, 4, 4, 4, 4, 4, 4, 4, 4, 4, 4, 4, 4, 4, 4, 4, 4, 4, 4, 4, 4, 4, 4, 4, 4, 4, 4, 4, 4, 4, 4, 4, 4, 4, 4, 4, 4, 4, 4, 4, 4, 4, 4, 4, 4, 4, 4, 4, 4, 4, 4, 4, 4, 4, 4, 4, 4, 4, 4, 4, 4, 4, 4, 4, 4, 4, 4, 4, 4, 4, 4, 4, 4, 4, 4, 4, 4, 4, 4, 4, 4, 4, 4, 4, 4, 4, 4, 4, 4]
----------------------------- 
-------cBUFFER---------
[0, 98, 0, 104, 105, 0, 97, 0]
-------------------------- 
[RETURN VALUE] [ 4 ] 
--------[EXEC CODE]:
[ a , EQUALS , 2 , MULT , 2 ]
-------------- 


--------------------------[NEW ITERATION]
[ a , EQUALS , 2 , MULT , 2 ] 

[DOING] OPERator at INDEX: 1 <<PRIORITY>> 2 

[TRYING SETTING] [ a ] WITH [ 2 , MULT , 2 ] 


--------------------------[NEW ITERATION]
[ a ] 

[DOING] OPERator at INDEX: -1 <<PRIORITY>> 100 
[ a ] 
6 [3] 
false 


--------------------------[NEW ITERATION]
[ 2 , MULT , 2 ] 

[DOING] OPERator at INDEX: 1 <<PRIORITY>> 14 
 
[TRYING MULTIPLICATE] [ 2 ] WITH [ 2 ] 


--------------------------[NEW ITERATION]
[ 2 ] 

[DOING] OPERator at INDEX: -1 <<PRIORITY>> 100 
[ 2 ] 
3 [3] 
true 
[EXECUTING  METHODE<<2>>]
 
[ a , EQUALS , 2 , MULT , 2 , ; , a , EQUALS , 2 , MULT , 2 , ; ]---------NEW LINE---------
[ a , EQUALS , 2 , MULT , 2 ]
-------------------- 
---------NEW LINE---------
[ a , EQUALS , 2 , MULT , 2 ]
-------------------- 
--------[EXEC CODE]:
[ a , EQUALS , 2 , MULT , 2 ]
-------------- 


--------------------------[NEW ITERATION]
[ a , EQUALS , 2 , MULT , 2 ] 

[DOING] OPERator at INDEX: 1 <<PRIORITY>> 2 

[TRYING SETTING] [ a ] WITH [ 2 , MULT , 2 ] 


--------------------------[NEW ITERATION]
[ a ] 

[DOING] OPERator at INDEX: -1 <<PRIORITY>> 100 
[ a ] 
6 [3] 
false 


--------------------------[NEW ITERATION]
[ 2 , MULT , 2 ] 

[DOING] OPERator at INDEX: 1 <<PRIORITY>> 14 
 
[TRYING MULTIPLICATE] [ 2 ] WITH [ 2 ] 


--------------------------[NEW ITERATION]
[ 2 ] 

[DOING] OPERator at INDEX: -1 <<PRIORITY>> 100 
[ 2 ] 
1 [3] 
false 


--------------------------[NEW ITERATION]
[ 2 ] 

[DOING] OPERator at INDEX: -1 <<PRIORITY>> 100 
[ 2 ] 
2 [3] 
false 
[OPERATION Mult] 
4 
[STORING] id 93 name [ a ] with TOKEN 1111111000000000000000001011101 ON 6 value [ 4 ] 

-------Buffer----------
[2, 2, 2, 2, 2, 4, 4, 4, 4, 4, 4, 4, 4, 4, 4, 4, 4, 4, 4, 4, 4, 4, 4, 4, 4, 4, 4, 4, 4, 4, 4, 4, 4, 4, 4, 4, 4, 4, 4, 4, 4, 4, 4, 4, 4, 4, 4, 4, 4, 4, 4, 4, 4, 4, 4, 4, 4, 4, 4, 4, 4, 4, 4, 4, 4, 4, 4, 4, 4, 4, 4, 4, 4, 4, 4, 4, 4, 4, 4, 4, 4, 4, 4, 4, 4, 4, 4, 4, 4, 4, 4, 4, 4, 4]
----------------------------- 
-------cBUFFER---------
[0, 98, 0, 104, 105, 0, 97, 0]
-------------------------- 
[RETURN VALUE] [ 4 ] 
--------[EXEC CODE]:
[ a , EQUALS , 2 , MULT , 2 ]
-------------- 


--------------------------[NEW ITERATION]
[ a , EQUALS , 2 , MULT , 2 ] 

[DOING] OPERator at INDEX: 1 <<PRIORITY>> 2 

[TRYING SETTING] [ a ] WITH [ 2 , MULT , 2 ] 


--------------------------[NEW ITERATION]
[ a ] 

[DOING] OPERator at INDEX: -1 <<PRIORITY>> 100 
[ a ] 
6 [3] 
false 


--------------------------[NEW ITERATION]
[ 2 , MULT , 2 ] 

[DOING] OPERator at INDEX: 1 <<PRIORITY>> 14 
 
[TRYING MULTIPLICATE] [ 2 ] WITH [ 2 ] 


--------------------------[NEW ITERATION]
[ 2 ] 

[DOING] OPERator at INDEX: -1 <<PRIORITY>> 100 
[ 2 ] 
3 [3] 
true 
[EXECUTING  METHODE<<2>>]
 
[ a , EQUALS , 2 , MULT , 2 , ; , a , EQUALS , 2 , MULT , 2 , ; ]---------NEW LINE---------
[ a , EQUALS , 2 , MULT , 2 ]
-------------------- 
---------NEW LINE---------
[ a , EQUALS , 2 , MULT , 2 ]
-------------------- 
--------[EXEC CODE]:
[ a , EQUALS , 2 , MULT , 2 ]
-------------- 


--------------------------[NEW ITERATION]
[ a , EQUALS , 2 , MULT , 2 ] 

[DOING] OPERator at INDEX: 1 <<PRIORITY>> 2 

[TRYING SETTING] [ a ] WITH [ 2 , MULT , 2 ] 


--------------------------[NEW ITERATION]
[ a ] 

[DOING] OPERator at INDEX: -1 <<PRIORITY>> 100 
[ a ] 
6 [3] 
false 


--------------------------[NEW ITERATION]
[ 2 , MULT , 2 ] 

[DOING] OPERator at INDEX: 1 <<PRIORITY>> 14 
 
[TRYING MULTIPLICATE] [ 2 ] WITH [ 2 ] 


--------------------------[NEW ITERATION]
[ 2 ] 

[DOING] OPERator at INDEX: -1 <<PRIORITY>> 100 
[ 2 ] 
1 [3] 
false 


--------------------------[NEW ITERATION]
[ 2 ] 

[DOING] OPERator at INDEX: -1 <<PRIORITY>> 100 
[ 2 ] 
2 [3] 
false 
[OPERATION Mult] 
4 
[STORING] id 94 name [ a ] with TOKEN 1111111000000000000000001011110 ON 6 value [ 4 ] 

-------Buffer----------
[2, 2, 2, 2, 2, 4, 4, 4, 4, 4, 4, 4, 4, 4, 4, 4, 4, 4, 4, 4, 4, 4, 4, 4, 4, 4, 4, 4, 4, 4, 4, 4, 4, 4, 4, 4, 4, 4, 4, 4, 4, 4, 4, 4, 4, 4, 4, 4, 4, 4, 4, 4, 4, 4, 4, 4, 4, 4, 4, 4, 4, 4, 4, 4, 4, 4, 4, 4, 4, 4, 4, 4, 4, 4, 4, 4, 4, 4, 4, 4, 4, 4, 4, 4, 4, 4, 4, 4, 4, 4, 4, 4, 4, 4, 4]
----------------------------- 
-------cBUFFER---------
[0, 98, 0, 104, 105, 0, 97, 0]
-------------------------- 
[RETURN VALUE] [ 4 ] 
--------[EXEC CODE]:
[ a , EQUALS , 2 , MULT , 2 ]
-------------- 


--------------------------[NEW ITERATION]
[ a , EQUALS , 2 , MULT , 2 ] 

[DOING] OPERator at INDEX: 1 <<PRIORITY>> 2 

[TRYING SETTING] [ a ] WITH [ 2 , MULT , 2 ] 


--------------------------[NEW ITERATION]
[ a ] 

[DOING] OPERator at INDEX: -1 <<PRIORITY>> 100 
[ a ] 
6 [3] 
false 


--------------------------[NEW ITERATION]
[ 2 , MULT , 2 ] 

[DOING] OPERator at INDEX: 1 <<PRIORITY>> 14 
 
[TRYING MULTIPLICATE] [ 2 ] WITH [ 2 ] 


--------------------------[NEW ITERATION]
[ 2 ] 

[DOING] OPERator at INDEX: -1 <<PRIORITY>> 100 
[ 2 ] 
3 [3] 
true 
[EXECUTING  METHODE<<2>>]
 
[ a , EQUALS , 2 , MULT , 2 , ; , a , EQUALS , 2 , MULT , 2 , ; ]---------NEW LINE---------
[ a , EQUALS , 2 , MULT , 2 ]
-------------------- 
---------NEW LINE---------
[ a , EQUALS , 2 , MULT , 2 ]
-------------------- 
--------[EXEC CODE]:
[ a , EQUALS , 2 , MULT , 2 ]
-------------- 


--------------------------[NEW ITERATION]
[ a , EQUALS , 2 , MULT , 2 ] 

[DOING] OPERator at INDEX: 1 <<PRIORITY>> 2 

[TRYING SETTING] [ a ] WITH [ 2 , MULT , 2 ] 


--------------------------[NEW ITERATION]
[ a ] 

[DOING] OPERator at INDEX: -1 <<PRIORITY>> 100 
[ a ] 
6 [3] 
false 


--------------------------[NEW ITERATION]
[ 2 , MULT , 2 ] 

[DOING] OPERator at INDEX: 1 <<PRIORITY>> 14 
 
[TRYING MULTIPLICATE] [ 2 ] WITH [ 2 ] 


--------------------------[NEW ITERATION]
[ 2 ] 

[DOING] OPERator at INDEX: -1 <<PRIORITY>> 100 
[ 2 ] 
1 [3] 
false 


--------------------------[NEW ITERATION]
[ 2 ] 

[DOING] OPERator at INDEX: -1 <<PRIORITY>> 100 
[ 2 ] 
2 [3] 
false 
[OPERATION Mult] 
4 
[STORING] id 95 name [ a ] with TOKEN 1111111000000000000000001011111 ON 6 value [ 4 ] 

-------Buffer----------
[2, 2, 2, 2, 2, 4, 4, 4, 4, 4, 4, 4, 4, 4, 4, 4, 4, 4, 4, 4, 4, 4, 4, 4, 4, 4, 4, 4, 4, 4, 4, 4, 4, 4, 4, 4, 4, 4, 4, 4, 4, 4, 4, 4, 4, 4, 4, 4, 4, 4, 4, 4, 4, 4, 4, 4, 4, 4, 4, 4, 4, 4, 4, 4, 4, 4, 4, 4, 4, 4, 4, 4, 4, 4, 4, 4, 4, 4, 4, 4, 4, 4, 4, 4, 4, 4, 4, 4, 4, 4, 4, 4, 4, 4, 4, 4]
----------------------------- 
-------cBUFFER---------
[0, 98, 0, 104, 105, 0, 97, 0]
-------------------------- 
[RETURN VALUE] [ 4 ] 
--------[EXEC CODE]:
[ a , EQUALS , 2 , MULT , 2 ]
-------------- 


--------------------------[NEW ITERATION]
[ a , EQUALS , 2 , MULT , 2 ] 

[DOING] OPERator at INDEX: 1 <<PRIORITY>> 2 

[TRYING SETTING] [ a ] WITH [ 2 , MULT , 2 ] 


--------------------------[NEW ITERATION]
[ a ] 

[DOING] OPERator at INDEX: -1 <<PRIORITY>> 100 
[ a ] 
6 [3] 
false 


--------------------------[NEW ITERATION]
[ 2 , MULT , 2 ] 

[DOING] OPERator at INDEX: 1 <<PRIORITY>> 14 
 
[TRYING MULTIPLICATE] [ 2 ] WITH [ 2 ] 


--------------------------[NEW ITERATION]
[ 2 ] 

[DOING] OPERator at INDEX: -1 <<PRIORITY>> 100 
[ 2 ] 
3 [3] 
true 
[EXECUTING  METHODE<<2>>]
 
[ a , EQUALS , 2 , MULT , 2 , ; , a , EQUALS , 2 , MULT , 2 , ; ]---------NEW LINE---------
[ a , EQUALS , 2 , MULT , 2 ]
-------------------- 
---------NEW LINE---------
[ a , EQUALS , 2 , MULT , 2 ]
-------------------- 
--------[EXEC CODE]:
[ a , EQUALS , 2 , MULT , 2 ]
-------------- 


--------------------------[NEW ITERATION]
[ a , EQUALS , 2 , MULT , 2 ] 

[DOING] OPERator at INDEX: 1 <<PRIORITY>> 2 

[TRYING SETTING] [ a ] WITH [ 2 , MULT , 2 ] 


--------------------------[NEW ITERATION]
[ a ] 

[DOING] OPERator at INDEX: -1 <<PRIORITY>> 100 
[ a ] 
6 [3] 
false 


--------------------------[NEW ITERATION]
[ 2 , MULT , 2 ] 

[DOING] OPERator at INDEX: 1 <<PRIORITY>> 14 
 
[TRYING MULTIPLICATE] [ 2 ] WITH [ 2 ] 


--------------------------[NEW ITERATION]
[ 2 ] 

[DOING] OPERator at INDEX: -1 <<PRIORITY>> 100 
[ 2 ] 
1 [3] 
false 


--------------------------[NEW ITERATION]
[ 2 ] 

[DOING] OPERator at INDEX: -1 <<PRIORITY>> 100 
[ 2 ] 
2 [3] 
false 
[OPERATION Mult] 
4 
[STORING] id 96 name [ a ] with TOKEN 1111111000000000000000001100000 ON 6 value [ 4 ] 

-------Buffer----------
[2, 2, 2, 2, 2, 4, 4, 4, 4, 4, 4, 4, 4, 4, 4, 4, 4, 4, 4, 4, 4, 4, 4, 4, 4, 4, 4, 4, 4, 4, 4, 4, 4, 4, 4, 4, 4, 4, 4, 4, 4, 4, 4, 4, 4, 4, 4, 4, 4, 4, 4, 4, 4, 4, 4, 4, 4, 4, 4, 4, 4, 4, 4, 4, 4, 4, 4, 4, 4, 4, 4, 4, 4, 4, 4, 4, 4, 4, 4, 4, 4, 4, 4, 4, 4, 4, 4, 4, 4, 4, 4, 4, 4, 4, 4, 4, 4]
----------------------------- 
-------cBUFFER---------
[0, 98, 0, 104, 105, 0, 97, 0]
-------------------------- 
[RETURN VALUE] [ 4 ] 
--------[EXEC CODE]:
[ a , EQUALS , 2 , MULT , 2 ]
-------------- 


--------------------------[NEW ITERATION]
[ a , EQUALS , 2 , MULT , 2 ] 

[DOING] OPERator at INDEX: 1 <<PRIORITY>> 2 

[TRYING SETTING] [ a ] WITH [ 2 , MULT , 2 ] 


--------------------------[NEW ITERATION]
[ a ] 

[DOING] OPERator at INDEX: -1 <<PRIORITY>> 100 
[ a ] 
6 [3] 
false 


--------------------------[NEW ITERATION]
[ 2 , MULT , 2 ] 

[DOING] OPERator at INDEX: 1 <<PRIORITY>> 14 
 
[TRYING MULTIPLICATE] [ 2 ] WITH [ 2 ] 


--------------------------[NEW ITERATION]
[ 2 ] 

[DOING] OPERator at INDEX: -1 <<PRIORITY>> 100 
[ 2 ] 
3 [3] 
true 
[EXECUTING  METHODE<<2>>]
 
[ a , EQUALS , 2 , MULT , 2 , ; , a , EQUALS , 2 , MULT , 2 , ; ]---------NEW LINE---------
[ a , EQUALS , 2 , MULT , 2 ]
-------------------- 
---------NEW LINE---------
[ a , EQUALS , 2 , MULT , 2 ]
-------------------- 
--------[EXEC CODE]:
[ a , EQUALS , 2 , MULT , 2 ]
-------------- 


--------------------------[NEW ITERATION]
[ a , EQUALS , 2 , MULT , 2 ] 

[DOING] OPERator at INDEX: 1 <<PRIORITY>> 2 

[TRYING SETTING] [ a ] WITH [ 2 , MULT , 2 ] 


--------------------------[NEW ITERATION]
[ a ] 

[DOING] OPERator at INDEX: -1 <<PRIORITY>> 100 
[ a ] 
6 [3] 
false 


--------------------------[NEW ITERATION]
[ 2 , MULT , 2 ] 

[DOING] OPERator at INDEX: 1 <<PRIORITY>> 14 
 
[TRYING MULTIPLICATE] [ 2 ] WITH [ 2 ] 


--------------------------[NEW ITERATION]
[ 2 ] 

[DOING] OPERator at INDEX: -1 <<PRIORITY>> 100 
[ 2 ] 
1 [3] 
false 


--------------------------[NEW ITERATION]
[ 2 ] 

[DOING] OPERator at INDEX: -1 <<PRIORITY>> 100 
[ 2 ] 
2 [3] 
false 
[OPERATION Mult] 
4 
[STORING] id 97 name [ a ] with TOKEN 1111111000000000000000001100001 ON 6 value [ 4 ] 

-------Buffer----------
[2, 2, 2, 2, 2, 4, 4, 4, 4, 4, 4, 4, 4, 4, 4, 4, 4, 4, 4, 4, 4, 4, 4, 4, 4, 4, 4, 4, 4, 4, 4, 4, 4, 4, 4, 4, 4, 4, 4, 4, 4, 4, 4, 4, 4, 4, 4, 4, 4, 4, 4, 4, 4, 4, 4, 4, 4, 4, 4, 4, 4, 4, 4, 4, 4, 4, 4, 4, 4, 4, 4, 4, 4, 4, 4, 4, 4, 4, 4, 4, 4, 4, 4, 4, 4, 4, 4, 4, 4, 4, 4, 4, 4, 4, 4, 4, 4, 4]
----------------------------- 
-------cBUFFER---------
[0, 98, 0, 104, 105, 0, 97, 0]
-------------------------- 
[RETURN VALUE] [ 4 ] 
--------[EXEC CODE]:
[ a , EQUALS , 2 , MULT , 2 ]
-------------- 


--------------------------[NEW ITERATION]
[ a , EQUALS , 2 , MULT , 2 ] 

[DOING] OPERator at INDEX: 1 <<PRIORITY>> 2 

[TRYING SETTING] [ a ] WITH [ 2 , MULT , 2 ] 


--------------------------[NEW ITERATION]
[ a ] 

[DOING] OPERator at INDEX: -1 <<PRIORITY>> 100 
[ a ] 
6 [3] 
false 


--------------------------[NEW ITERATION]
[ 2 , MULT , 2 ] 

[DOING] OPERator at INDEX: 1 <<PRIORITY>> 14 
 
[TRYING MULTIPLICATE] [ 2 ] WITH [ 2 ] 


--------------------------[NEW ITERATION]
[ 2 ] 

[DOING] OPERator at INDEX: -1 <<PRIORITY>> 100 
[ 2 ] 
3 [3] 
true 
[EXECUTING  METHODE<<2>>]
 
[ a , EQUALS , 2 , MULT , 2 , ; , a , EQUALS , 2 , MULT , 2 , ; ]---------NEW LINE---------
[ a , EQUALS , 2 , MULT , 2 ]
-------------------- 
---------NEW LINE---------
[ a , EQUALS , 2 , MULT , 2 ]
-------------------- 
--------[EXEC CODE]:
[ a , EQUALS , 2 , MULT , 2 ]
-------------- 


--------------------------[NEW ITERATION]
[ a , EQUALS , 2 , MULT , 2 ] 

[DOING] OPERator at INDEX: 1 <<PRIORITY>> 2 

[TRYING SETTING] [ a ] WITH [ 2 , MULT , 2 ] 


--------------------------[NEW ITERATION]
[ a ] 

[DOING] OPERator at INDEX: -1 <<PRIORITY>> 100 
[ a ] 
6 [3] 
false 


--------------------------[NEW ITERATION]
[ 2 , MULT , 2 ] 

[DOING] OPERator at INDEX: 1 <<PRIORITY>> 14 
 
[TRYING MULTIPLICATE] [ 2 ] WITH [ 2 ] 


--------------------------[NEW ITERATION]
[ 2 ] 

[DOING] OPERator at INDEX: -1 <<PRIORITY>> 100 
[ 2 ] 
1 [3] 
false 


--------------------------[NEW ITERATION]
[ 2 ] 

[DOING] OPERator at INDEX: -1 <<PRIORITY>> 100 
[ 2 ] 
2 [3] 
false 
[OPERATION Mult] 
4 
[STORING] id 98 name [ a ] with TOKEN 1111111000000000000000001100010 ON 6 value [ 4 ] 

-------Buffer----------
[2, 2, 2, 2, 2, 4, 4, 4, 4, 4, 4, 4, 4, 4, 4, 4, 4, 4, 4, 4, 4, 4, 4, 4, 4, 4, 4, 4, 4, 4, 4, 4, 4, 4, 4, 4, 4, 4, 4, 4, 4, 4, 4, 4, 4, 4, 4, 4, 4, 4, 4, 4, 4, 4, 4, 4, 4, 4, 4, 4, 4, 4, 4, 4, 4, 4, 4, 4, 4, 4, 4, 4, 4, 4, 4, 4, 4, 4, 4, 4, 4, 4, 4, 4, 4, 4, 4, 4, 4, 4, 4, 4, 4, 4, 4, 4, 4, 4, 4]
----------------------------- 
-------cBUFFER---------
[0, 98, 0, 104, 105, 0, 97, 0]
-------------------------- 
[RETURN VALUE] [ 4 ] 
--------[EXEC CODE]:
[ a , EQUALS , 2 , MULT , 2 ]
-------------- 


--------------------------[NEW ITERATION]
[ a , EQUALS , 2 , MULT , 2 ] 

[DOING] OPERator at INDEX: 1 <<PRIORITY>> 2 

[TRYING SETTING] [ a ] WITH [ 2 , MULT , 2 ] 


--------------------------[NEW ITERATION]
[ a ] 

[DOING] OPERator at INDEX: -1 <<PRIORITY>> 100 
[ a ] 
6 [3] 
false 


--------------------------[NEW ITERATION]
[ 2 , MULT , 2 ] 

[DOING] OPERator at INDEX: 1 <<PRIORITY>> 14 
 
[TRYING MULTIPLICATE] [ 2 ] WITH [ 2 ] 


--------------------------[NEW ITERATION]
[ 2 ] 

[DOING] OPERator at INDEX: -1 <<PRIORITY>> 100 
[ 2 ] 
3 [3] 
true 
[EXECUTING  METHODE<<2>>]
 
[ a , EQUALS , 2 , MULT , 2 , ; , a , EQUALS , 2 , MULT , 2 , ; ]---------NEW LINE---------
[ a , EQUALS , 2 , MULT , 2 ]
-------------------- 
---------NEW LINE---------
[ a , EQUALS , 2 , MULT , 2 ]
-------------------- 
--------[EXEC CODE]:
[ a , EQUALS , 2 , MULT , 2 ]
-------------- 


--------------------------[NEW ITERATION]
[ a , EQUALS , 2 , MULT , 2 ] 

[DOING] OPERator at INDEX: 1 <<PRIORITY>> 2 

[TRYING SETTING] [ a ] WITH [ 2 , MULT , 2 ] 


--------------------------[NEW ITERATION]
[ a ] 

[DOING] OPERator at INDEX: -1 <<PRIORITY>> 100 
[ a ] 
6 [3] 
false 


--------------------------[NEW ITERATION]
[ 2 , MULT , 2 ] 

[DOING] OPERator at INDEX: 1 <<PRIORITY>> 14 
 
[TRYING MULTIPLICATE] [ 2 ] WITH [ 2 ] 


--------------------------[NEW ITERATION]
[ 2 ] 

[DOING] OPERator at INDEX: -1 <<PRIORITY>> 100 
[ 2 ] 
1 [3] 
false 


--------------------------[NEW ITERATION]
[ 2 ] 

[DOING] OPERator at INDEX: -1 <<PRIORITY>> 100 
[ 2 ] 
2 [3] 
false 
[OPERATION Mult] 
4 
[STORING] id 99 name [ a ] with TOKEN 1111111000000000000000001100011 ON 6 value [ 4 ] 

-------Buffer----------
[2, 2, 2, 2, 2, 4, 4, 4, 4, 4, 4, 4, 4, 4, 4, 4, 4, 4, 4, 4, 4, 4, 4, 4, 4, 4, 4, 4, 4, 4, 4, 4, 4, 4, 4, 4, 4, 4, 4, 4, 4, 4, 4, 4, 4, 4, 4, 4, 4, 4, 4, 4, 4, 4, 4, 4, 4, 4, 4, 4, 4, 4, 4, 4, 4, 4, 4, 4, 4, 4, 4, 4, 4, 4, 4, 4, 4, 4, 4, 4, 4, 4, 4, 4, 4, 4, 4, 4, 4, 4, 4, 4, 4, 4, 4, 4, 4, 4, 4, 4]
----------------------------- 
-------cBUFFER---------
[0, 98, 0, 104, 105, 0, 97, 0]
-------------------------- 
[RETURN VALUE] [ 4 ] 
--------[EXEC CODE]:
[ a , EQUALS , 2 , MULT , 2 ]
-------------- 


--------------------------[NEW ITERATION]
[ a , EQUALS , 2 , MULT , 2 ] 

[DOING] OPERator at INDEX: 1 <<PRIORITY>> 2 

[TRYING SETTING] [ a ] WITH [ 2 , MULT , 2 ] 


--------------------------[NEW ITERATION]
[ a ] 

[DOING] OPERator at INDEX: -1 <<PRIORITY>> 100 
[ a ] 
6 [3] 
false 


--------------------------[NEW ITERATION]
[ 2 , MULT , 2 ] 

[DOING] OPERator at INDEX: 1 <<PRIORITY>> 14 
 
[TRYING MULTIPLICATE] [ 2 ] WITH [ 2 ] 


--------------------------[NEW ITERATION]
[ 2 ] 

[DOING] OPERator at INDEX: -1 <<PRIORITY>> 100 
[ 2 ] 
3 [3] 
true 
[EXECUTING  METHODE<<2>>]
 
[ a , EQUALS , 2 , MULT , 2 , ; , a , EQUALS , 2 , MULT , 2 , ; ]---------NEW LINE---------
[ a , EQUALS , 2 , MULT , 2 ]
-------------------- 
---------NEW LINE---------
[ a , EQUALS , 2 , MULT , 2 ]
-------------------- 
--------[EXEC CODE]:
[ a , EQUALS , 2 , MULT , 2 ]
-------------- 


--------------------------[NEW ITERATION]
[ a , EQUALS , 2 , MULT , 2 ] 

[DOING] OPERator at INDEX: 1 <<PRIORITY>> 2 

[TRYING SETTING] [ a ] WITH [ 2 , MULT , 2 ] 


--------------------------[NEW ITERATION]
[ a ] 

[DOING] OPERator at INDEX: -1 <<PRIORITY>> 100 
[ a ] 
6 [3] 
false 


--------------------------[NEW ITERATION]
[ 2 , MULT , 2 ] 

[DOING] OPERator at INDEX: 1 <<PRIORITY>> 14 
 
[TRYING MULTIPLICATE] [ 2 ] WITH [ 2 ] 


--------------------------[NEW ITERATION]
[ 2 ] 

[DOING] OPERator at INDEX: -1 <<PRIORITY>> 100 
[ 2 ] 
1 [3] 
false 


--------------------------[NEW ITERATION]
[ 2 ] 

[DOING] OPERator at INDEX: -1 <<PRIORITY>> 100 
[ 2 ] 
2 [3] 
false 
[OPERATION Mult] 
4 
[STORING] id 100 name [ a ] with TOKEN 1111111000000000000000001100100 ON 6 value [ 4 ] 

-------Buffer----------
[2, 2, 2, 2, 2, 4, 4, 4, 4, 4, 4, 4, 4, 4, 4, 4, 4, 4, 4, 4, 4, 4, 4, 4, 4, 4, 4, 4, 4, 4, 4, 4, 4, 4, 4, 4, 4, 4, 4, 4, 4, 4, 4, 4, 4, 4, 4, 4, 4, 4, 4, 4, 4, 4, 4, 4, 4, 4, 4, 4, 4, 4, 4, 4, 4, 4, 4, 4, 4, 4, 4, 4, 4, 4, 4, 4, 4, 4, 4, 4, 4, 4, 4, 4, 4, 4, 4, 4, 4, 4, 4, 4, 4, 4, 4, 4, 4, 4, 4, 4, 4]
----------------------------- 
-------cBUFFER---------
[0, 98, 0, 104, 105, 0, 97, 0]
-------------------------- 
[RETURN VALUE] [ 4 ] 
--------[EXEC CODE]:
[ a , EQUALS , 2 , MULT , 2 ]
-------------- 


--------------------------[NEW ITERATION]
[ a , EQUALS , 2 , MULT , 2 ] 

[DOING] OPERator at INDEX: 1 <<PRIORITY>> 2 

[TRYING SETTING] [ a ] WITH [ 2 , MULT , 2 ] 


--------------------------[NEW ITERATION]
[ a ] 

[DOING] OPERator at INDEX: -1 <<PRIORITY>> 100 
[ a ] 
6 [3] 
false 


--------------------------[NEW ITERATION]
[ 2 , MULT , 2 ] 

[DOING] OPERator at INDEX: 1 <<PRIORITY>> 14 
 
[TRYING MULTIPLICATE] [ 2 ] WITH [ 2 ] 


--------------------------[NEW ITERATION]
[ 2 ] 

[DOING] OPERator at INDEX: -1 <<PRIORITY>> 100 
[ 2 ] 
3 [3] 
true 
[EXECUTING  METHODE<<2>>]
 
[ a , EQUALS , 2 , MULT , 2 , ; , a , EQUALS , 2 , MULT , 2 , ; ]---------NEW LINE---------
[ a , EQUALS , 2 , MULT , 2 ]
-------------------- 
---------NEW LINE---------
[ a , EQUALS , 2 , MULT , 2 ]
-------------------- 
--------[EXEC CODE]:
[ a , EQUALS , 2 , MULT , 2 ]
-------------- 


--------------------------[NEW ITERATION]
[ a , EQUALS , 2 , MULT , 2 ] 

[DOING] OPERator at INDEX: 1 <<PRIORITY>> 2 

[TRYING SETTING] [ a ] WITH [ 2 , MULT , 2 ] 


--------------------------[NEW ITERATION]
[ a ] 

[DOING] OPERator at INDEX: -1 <<PRIORITY>> 100 
[ a ] 
6 [3] 
false 


--------------------------[NEW ITERATION]
[ 2 , MULT , 2 ] 

[DOING] OPERator at INDEX: 1 <<PRIORITY>> 14 
 
[TRYING MULTIPLICATE] [ 2 ] WITH [ 2 ] 


--------------------------[NEW ITERATION]
[ 2 ] 

[DOING] OPERator at INDEX: -1 <<PRIORITY>> 100 
[ 2 ] 
1 [3] 
false 


--------------------------[NEW ITERATION]
[ 2 ] 

[DOING] OPERator at INDEX: -1 <<PRIORITY>> 100 
[ 2 ] 
2 [3] 
false 
[OPERATION Mult] 
4 
[STORING] id 101 name [ a ] with TOKEN 1111111000000000000000001100101 ON 6 value [ 4 ] 

-------Buffer----------
[2, 2, 2, 2, 2, 4, 4, 4, 4, 4, 4, 4, 4, 4, 4, 4, 4, 4, 4, 4, 4, 4, 4, 4, 4, 4, 4, 4, 4, 4, 4, 4, 4, 4, 4, 4, 4, 4, 4, 4, 4, 4, 4, 4, 4, 4, 4, 4, 4, 4, 4, 4, 4, 4, 4, 4, 4, 4, 4, 4, 4, 4, 4, 4, 4, 4, 4, 4, 4, 4, 4, 4, 4, 4, 4, 4, 4, 4, 4, 4, 4, 4, 4, 4, 4, 4, 4, 4, 4, 4, 4, 4, 4, 4, 4, 4, 4, 4, 4, 4, 4, 4]
----------------------------- 
-------cBUFFER---------
[0, 98, 0, 104, 105, 0, 97, 0]
-------------------------- 
[RETURN VALUE] [ 4 ] 
--------[EXEC CODE]:
[ a , EQUALS , 2 , MULT , 2 ]
-------------- 


--------------------------[NEW ITERATION]
[ a , EQUALS , 2 , MULT , 2 ] 

[DOING] OPERator at INDEX: 1 <<PRIORITY>> 2 

[TRYING SETTING] [ a ] WITH [ 2 , MULT , 2 ] 


--------------------------[NEW ITERATION]
[ a ] 

[DOING] OPERator at INDEX: -1 <<PRIORITY>> 100 
[ a ] 
6 [3] 
false 


--------------------------[NEW ITERATION]
[ 2 , MULT , 2 ] 

[DOING] OPERator at INDEX: 1 <<PRIORITY>> 14 
 
[TRYING MULTIPLICATE] [ 2 ] WITH [ 2 ] 


--------------------------[NEW ITERATION]
[ 2 ] 

[DOING] OPERator at INDEX: -1 <<PRIORITY>> 100 
[ 2 ] 
3 [3] 
true 
[EXECUTING  METHODE<<2>>]
 
[ a , EQUALS , 2 , MULT , 2 , ; , a , EQUALS , 2 , MULT , 2 , ; ]---------NEW LINE---------
[ a , EQUALS , 2 , MULT , 2 ]
-------------------- 
---------NEW LINE---------
[ a , EQUALS , 2 , MULT , 2 ]
-------------------- 
--------[EXEC CODE]:
[ a , EQUALS , 2 , MULT , 2 ]
-------------- 


--------------------------[NEW ITERATION]
[ a , EQUALS , 2 , MULT , 2 ] 

[DOING] OPERator at INDEX: 1 <<PRIORITY>> 2 

[TRYING SETTING] [ a ] WITH [ 2 , MULT , 2 ] 


--------------------------[NEW ITERATION]
[ a ] 

[DOING] OPERator at INDEX: -1 <<PRIORITY>> 100 
[ a ] 
6 [3] 
false 


--------------------------[NEW ITERATION]
[ 2 , MULT , 2 ] 

[DOING] OPERator at INDEX: 1 <<PRIORITY>> 14 
 
[TRYING MULTIPLICATE] [ 2 ] WITH [ 2 ] 


--------------------------[NEW ITERATION]
[ 2 ] 

[DOING] OPERator at INDEX: -1 <<PRIORITY>> 100 
[ 2 ] 
1 [3] 
false 


--------------------------[NEW ITERATION]
[ 2 ] 

[DOING] OPERator at INDEX: -1 <<PRIORITY>> 100 
[ 2 ] 
2 [3] 
false 
[OPERATION Mult] 
4 
[STORING] id 102 name [ a ] with TOKEN 1111111000000000000000001100110 ON 6 value [ 4 ] 

-------Buffer----------
[2, 2, 2, 2, 2, 4, 4, 4, 4, 4, 4, 4, 4, 4, 4, 4, 4, 4, 4, 4, 4, 4, 4, 4, 4, 4, 4, 4, 4, 4, 4, 4, 4, 4, 4, 4, 4, 4, 4, 4, 4, 4, 4, 4, 4, 4, 4, 4, 4, 4, 4, 4, 4, 4, 4, 4, 4, 4, 4, 4, 4, 4, 4, 4, 4, 4, 4, 4, 4, 4, 4, 4, 4, 4, 4, 4, 4, 4, 4, 4, 4, 4, 4, 4, 4, 4, 4, 4, 4, 4, 4, 4, 4, 4, 4, 4, 4, 4, 4, 4, 4, 4, 4]
----------------------------- 
-------cBUFFER---------
[0, 98, 0, 104, 105, 0, 97, 0]
-------------------------- 
[RETURN VALUE] [ 4 ] 
--------[EXEC CODE]:
[ a , EQUALS , 2 , MULT , 2 ]
-------------- 


--------------------------[NEW ITERATION]
[ a , EQUALS , 2 , MULT , 2 ] 

[DOING] OPERator at INDEX: 1 <<PRIORITY>> 2 

[TRYING SETTING] [ a ] WITH [ 2 , MULT , 2 ] 


--------------------------[NEW ITERATION]
[ a ] 

[DOING] OPERator at INDEX: -1 <<PRIORITY>> 100 
[ a ] 
6 [3] 
false 


--------------------------[NEW ITERATION]
[ 2 , MULT , 2 ] 

[DOING] OPERator at INDEX: 1 <<PRIORITY>> 14 
 
[TRYING MULTIPLICATE] [ 2 ] WITH [ 2 ] 


--------------------------[NEW ITERATION]
[ 2 ] 

[DOING] OPERator at INDEX: -1 <<PRIORITY>> 100 
[ 2 ] 
3 [3] 
true 
[EXECUTING  METHODE<<2>>]
 
[ a , EQUALS , 2 , MULT , 2 , ; , a , EQUALS , 2 , MULT , 2 , ; ]---------NEW LINE---------
[ a , EQUALS , 2 , MULT , 2 ]
-------------------- 
---------NEW LINE---------
[ a , EQUALS , 2 , MULT , 2 ]
-------------------- 
--------[EXEC CODE]:
[ a , EQUALS , 2 , MULT , 2 ]
-------------- 


--------------------------[NEW ITERATION]
[ a , EQUALS , 2 , MULT , 2 ] 

[DOING] OPERator at INDEX: 1 <<PRIORITY>> 2 

[TRYING SETTING] [ a ] WITH [ 2 , MULT , 2 ] 


--------------------------[NEW ITERATION]
[ a ] 

[DOING] OPERator at INDEX: -1 <<PRIORITY>> 100 
[ a ] 
6 [3] 
false 


--------------------------[NEW ITERATION]
[ 2 , MULT , 2 ] 

[DOING] OPERator at INDEX: 1 <<PRIORITY>> 14 
 
[TRYING MULTIPLICATE] [ 2 ] WITH [ 2 ] 


--------------------------[NEW ITERATION]
[ 2 ] 

[DOING] OPERator at INDEX: -1 <<PRIORITY>> 100 
[ 2 ] 
1 [3] 
false 


--------------------------[NEW ITERATION]
[ 2 ] 

[DOING] OPERator at INDEX: -1 <<PRIORITY>> 100 
[ 2 ] 
2 [3] 
false 
[OPERATION Mult] 
4 
[STORING] id 103 name [ a ] with TOKEN 1111111000000000000000001100111 ON 6 value [ 4 ] 

-------Buffer----------
[2, 2, 2, 2, 2, 4, 4, 4, 4, 4, 4, 4, 4, 4, 4, 4, 4, 4, 4, 4, 4, 4, 4, 4, 4, 4, 4, 4, 4, 4, 4, 4, 4, 4, 4, 4, 4, 4, 4, 4, 4, 4, 4, 4, 4, 4, 4, 4, 4, 4, 4, 4, 4, 4, 4, 4, 4, 4, 4, 4, 4, 4, 4, 4, 4, 4, 4, 4, 4, 4, 4, 4, 4, 4, 4, 4, 4, 4, 4, 4, 4, 4, 4, 4, 4, 4, 4, 4, 4, 4, 4, 4, 4, 4, 4, 4, 4, 4, 4, 4, 4, 4, 4, 4]
----------------------------- 
-------cBUFFER---------
[0, 98, 0, 104, 105, 0, 97, 0]
-------------------------- 
[RETURN VALUE] [ 4 ] 
--------[EXEC CODE]:
[ a , EQUALS , 2 , MULT , 2 ]
-------------- 


--------------------------[NEW ITERATION]
[ a , EQUALS , 2 , MULT , 2 ] 

[DOING] OPERator at INDEX: 1 <<PRIORITY>> 2 

[TRYING SETTING] [ a ] WITH [ 2 , MULT , 2 ] 


--------------------------[NEW ITERATION]
[ a ] 

[DOING] OPERator at INDEX: -1 <<PRIORITY>> 100 
[ a ] 
6 [3] 
false 


--------------------------[NEW ITERATION]
[ 2 , MULT , 2 ] 

[DOING] OPERator at INDEX: 1 <<PRIORITY>> 14 
 
[TRYING MULTIPLICATE] [ 2 ] WITH [ 2 ] 


--------------------------[NEW ITERATION]
[ 2 ] 

[DOING] OPERator at INDEX: -1 <<PRIORITY>> 100 
[ 2 ] 
3 [3] 
true 
[EXECUTING  METHODE<<2>>]
 
[ a , EQUALS , 2 , MULT , 2 , ; , a , EQUALS , 2 , MULT , 2 , ; ]---------NEW LINE---------
[ a , EQUALS , 2 , MULT , 2 ]
-------------------- 
---------NEW LINE---------
[ a , EQUALS , 2 , MULT , 2 ]
-------------------- 
--------[EXEC CODE]:
[ a , EQUALS , 2 , MULT , 2 ]
-------------- 


--------------------------[NEW ITERATION]
[ a , EQUALS , 2 , MULT , 2 ] 

[DOING] OPERator at INDEX: 1 <<PRIORITY>> 2 

[TRYING SETTING] [ a ] WITH [ 2 , MULT , 2 ] 


--------------------------[NEW ITERATION]
[ a ] 

[DOING] OPERator at INDEX: -1 <<PRIORITY>> 100 
[ a ] 
6 [3] 
false 


--------------------------[NEW ITERATION]
[ 2 , MULT , 2 ] 

[DOING] OPERator at INDEX: 1 <<PRIORITY>> 14 
 
[TRYING MULTIPLICATE] [ 2 ] WITH [ 2 ] 


--------------------------[NEW ITERATION]
[ 2 ] 

[DOING] OPERator at INDEX: -1 <<PRIORITY>> 100 
[ 2 ] 
1 [3] 
false 


--------------------------[NEW ITERATION]
[ 2 ] 

[DOING] OPERator at INDEX: -1 <<PRIORITY>> 100 
[ 2 ] 
2 [3] 
false 
[OPERATION Mult] 
4 
[STORING] id 104 name [ a ] with TOKEN 1111111000000000000000001101000 ON 6 value [ 4 ] 

-------Buffer----------
[2, 2, 2, 2, 2, 4, 4, 4, 4, 4, 4, 4, 4, 4, 4, 4, 4, 4, 4, 4, 4, 4, 4, 4, 4, 4, 4, 4, 4, 4, 4, 4, 4, 4, 4, 4, 4, 4, 4, 4, 4, 4, 4, 4, 4, 4, 4, 4, 4, 4, 4, 4, 4, 4, 4, 4, 4, 4, 4, 4, 4, 4, 4, 4, 4, 4, 4, 4, 4, 4, 4, 4, 4, 4, 4, 4, 4, 4, 4, 4, 4, 4, 4, 4, 4, 4, 4, 4, 4, 4, 4, 4, 4, 4, 4, 4, 4, 4, 4, 4, 4, 4, 4, 4, 4]
----------------------------- 
-------cBUFFER---------
[0, 98, 0, 104, 105, 0, 97, 0]
-------------------------- 
[RETURN VALUE] [ 4 ] 
--------[EXEC CODE]:
[ a , EQUALS , 2 , MULT , 2 ]
-------------- 


--------------------------[NEW ITERATION]
[ a , EQUALS , 2 , MULT , 2 ] 

[DOING] OPERator at INDEX: 1 <<PRIORITY>> 2 

[TRYING SETTING] [ a ] WITH [ 2 , MULT , 2 ] 


--------------------------[NEW ITERATION]
[ a ] 

[DOING] OPERator at INDEX: -1 <<PRIORITY>> 100 
[ a ] 
6 [3] 
false 


--------------------------[NEW ITERATION]
[ 2 , MULT , 2 ] 

[DOING] OPERator at INDEX: 1 <<PRIORITY>> 14 
 
[TRYING MULTIPLICATE] [ 2 ] WITH [ 2 ] 


--------------------------[NEW ITERATION]
[ 2 ] 

[DOING] OPERator at INDEX: -1 <<PRIORITY>> 100 
[ 2 ] 
3 [3] 
true 
[EXECUTING  METHODE<<2>>]
 
[ a , EQUALS , 2 , MULT , 2 , ; , a , EQUALS , 2 , MULT , 2 , ; ]---------NEW LINE---------
[ a , EQUALS , 2 , MULT , 2 ]
-------------------- 
---------NEW LINE---------
[ a , EQUALS , 2 , MULT , 2 ]
-------------------- 
--------[EXEC CODE]:
[ a , EQUALS , 2 , MULT , 2 ]
-------------- 


--------------------------[NEW ITERATION]
[ a , EQUALS , 2 , MULT , 2 ] 

[DOING] OPERator at INDEX: 1 <<PRIORITY>> 2 

[TRYING SETTING] [ a ] WITH [ 2 , MULT , 2 ] 


--------------------------[NEW ITERATION]
[ a ] 

[DOING] OPERator at INDEX: -1 <<PRIORITY>> 100 
[ a ] 
6 [3] 
false 


--------------------------[NEW ITERATION]
[ 2 , MULT , 2 ] 

[DOING] OPERator at INDEX: 1 <<PRIORITY>> 14 
 
[TRYING MULTIPLICATE] [ 2 ] WITH [ 2 ] 


--------------------------[NEW ITERATION]
[ 2 ] 

[DOING] OPERator at INDEX: -1 <<PRIORITY>> 100 
[ 2 ] 
1 [3] 
false 


--------------------------[NEW ITERATION]
[ 2 ] 

[DOING] OPERator at INDEX: -1 <<PRIORITY>> 100 
[ 2 ] 
2 [3] 
false 
[OPERATION Mult] 
4 
[STORING] id 105 name [ a ] with TOKEN 1111111000000000000000001101001 ON 6 value [ 4 ] 

-------Buffer----------
[2, 2, 2, 2, 2, 4, 4, 4, 4, 4, 4, 4, 4, 4, 4, 4, 4, 4, 4, 4, 4, 4, 4, 4, 4, 4, 4, 4, 4, 4, 4, 4, 4, 4, 4, 4, 4, 4, 4, 4, 4, 4, 4, 4, 4, 4, 4, 4, 4, 4, 4, 4, 4, 4, 4, 4, 4, 4, 4, 4, 4, 4, 4, 4, 4, 4, 4, 4, 4, 4, 4, 4, 4, 4, 4, 4, 4, 4, 4, 4, 4, 4, 4, 4, 4, 4, 4, 4, 4, 4, 4, 4, 4, 4, 4, 4, 4, 4, 4, 4, 4, 4, 4, 4, 4, 4]
----------------------------- 
-------cBUFFER---------
[0, 98, 0, 104, 105, 0, 97, 0]
-------------------------- 
[RETURN VALUE] [ 4 ] 
--------[EXEC CODE]:
[ a , EQUALS , 2 , MULT , 2 ]
-------------- 


--------------------------[NEW ITERATION]
[ a , EQUALS , 2 , MULT , 2 ] 

[DOING] OPERator at INDEX: 1 <<PRIORITY>> 2 

[TRYING SETTING] [ a ] WITH [ 2 , MULT , 2 ] 


--------------------------[NEW ITERATION]
[ a ] 

[DOING] OPERator at INDEX: -1 <<PRIORITY>> 100 
[ a ] 
6 [3] 
false 


--------------------------[NEW ITERATION]
[ 2 , MULT , 2 ] 

[DOING] OPERator at INDEX: 1 <<PRIORITY>> 14 
 
[TRYING MULTIPLICATE] [ 2 ] WITH [ 2 ] 


--------------------------[NEW ITERATION]
[ 2 ] 

[DOING] OPERator at INDEX: -1 <<PRIORITY>> 100 
[ 2 ] 
3 [3] 
true 
[EXECUTING  METHODE<<2>>]
 
[ a , EQUALS , 2 , MULT , 2 , ; , a , EQUALS , 2 , MULT , 2 , ; ]---------NEW LINE---------
[ a , EQUALS , 2 , MULT , 2 ]
-------------------- 
---------NEW LINE---------
[ a , EQUALS , 2 , MULT , 2 ]
-------------------- 
--------[EXEC CODE]:
[ a , EQUALS , 2 , MULT , 2 ]
-------------- 


--------------------------[NEW ITERATION]
[ a , EQUALS , 2 , MULT , 2 ] 

[DOING] OPERator at INDEX: 1 <<PRIORITY>> 2 

[TRYING SETTING] [ a ] WITH [ 2 , MULT , 2 ] 


--------------------------[NEW ITERATION]
[ a ] 

[DOING] OPERator at INDEX: -1 <<PRIORITY>> 100 
[ a ] 
6 [3] 
false 


--------------------------[NEW ITERATION]
[ 2 , MULT , 2 ] 

[DOING] OPERator at INDEX: 1 <<PRIORITY>> 14 
 
[TRYING MULTIPLICATE] [ 2 ] WITH [ 2 ] 


--------------------------[NEW ITERATION]
[ 2 ] 

[DOING] OPERator at INDEX: -1 <<PRIORITY>> 100 
[ 2 ] 
1 [3] 
false 


--------------------------[NEW ITERATION]
[ 2 ] 

[DOING] OPERator at INDEX: -1 <<PRIORITY>> 100 
[ 2 ] 
2 [3] 
false 
[OPERATION Mult] 
4 
[STORING] id 106 name [ a ] with TOKEN 1111111000000000000000001101010 ON 6 value [ 4 ] 

-------Buffer----------
[2, 2, 2, 2, 2, 4, 4, 4, 4, 4, 4, 4, 4, 4, 4, 4, 4, 4, 4, 4, 4, 4, 4, 4, 4, 4, 4, 4, 4, 4, 4, 4, 4, 4, 4, 4, 4, 4, 4, 4, 4, 4, 4, 4, 4, 4, 4, 4, 4, 4, 4, 4, 4, 4, 4, 4, 4, 4, 4, 4, 4, 4, 4, 4, 4, 4, 4, 4, 4, 4, 4, 4, 4, 4, 4, 4, 4, 4, 4, 4, 4, 4, 4, 4, 4, 4, 4, 4, 4, 4, 4, 4, 4, 4, 4, 4, 4, 4, 4, 4, 4, 4, 4, 4, 4, 4, 4]
----------------------------- 
-------cBUFFER---------
[0, 98, 0, 104, 105, 0, 97, 0]
-------------------------- 
[RETURN VALUE] [ 4 ] 
--------[EXEC CODE]:
[ a , EQUALS , 2 , MULT , 2 ]
-------------- 


--------------------------[NEW ITERATION]
[ a , EQUALS , 2 , MULT , 2 ] 

[DOING] OPERator at INDEX: 1 <<PRIORITY>> 2 

[TRYING SETTING] [ a ] WITH [ 2 , MULT , 2 ] 


--------------------------[NEW ITERATION]
[ a ] 

[DOING] OPERator at INDEX: -1 <<PRIORITY>> 100 
[ a ] 
6 [3] 
false 


--------------------------[NEW ITERATION]
[ 2 , MULT , 2 ] 

[DOING] OPERator at INDEX: 1 <<PRIORITY>> 14 
 
[TRYING MULTIPLICATE] [ 2 ] WITH [ 2 ] 


--------------------------[NEW ITERATION]
[ 2 ] 

[DOING] OPERator at INDEX: -1 <<PRIORITY>> 100 
[ 2 ] 
3 [3] 
true 
[EXECUTING  METHODE<<2>>]
 
[ a , EQUALS , 2 , MULT , 2 , ; , a , EQUALS , 2 , MULT , 2 , ; ]---------NEW LINE---------
[ a , EQUALS , 2 , MULT , 2 ]
-------------------- 
---------NEW LINE---------
[ a , EQUALS , 2 , MULT , 2 ]
-------------------- 
--------[EXEC CODE]:
[ a , EQUALS , 2 , MULT , 2 ]
-------------- 


--------------------------[NEW ITERATION]
[ a , EQUALS , 2 , MULT , 2 ] 

[DOING] OPERator at INDEX: 1 <<PRIORITY>> 2 

[TRYING SETTING] [ a ] WITH [ 2 , MULT , 2 ] 


--------------------------[NEW ITERATION]
[ a ] 

[DOING] OPERator at INDEX: -1 <<PRIORITY>> 100 
[ a ] 
6 [3] 
false 


--------------------------[NEW ITERATION]
[ 2 , MULT , 2 ] 

[DOING] OPERator at INDEX: 1 <<PRIORITY>> 14 
 
[TRYING MULTIPLICATE] [ 2 ] WITH [ 2 ] 


--------------------------[NEW ITERATION]
[ 2 ] 

[DOING] OPERator at INDEX: -1 <<PRIORITY>> 100 
[ 2 ] 
1 [3] 
false 


--------------------------[NEW ITERATION]
[ 2 ] 

[DOING] OPERator at INDEX: -1 <<PRIORITY>> 100 
[ 2 ] 
2 [3] 
false 
[OPERATION Mult] 
4 
[STORING] id 107 name [ a ] with TOKEN 1111111000000000000000001101011 ON 6 value [ 4 ] 

-------Buffer----------
[2, 2, 2, 2, 2, 4, 4, 4, 4, 4, 4, 4, 4, 4, 4, 4, 4, 4, 4, 4, 4, 4, 4, 4, 4, 4, 4, 4, 4, 4, 4, 4, 4, 4, 4, 4, 4, 4, 4, 4, 4, 4, 4, 4, 4, 4, 4, 4, 4, 4, 4, 4, 4, 4, 4, 4, 4, 4, 4, 4, 4, 4, 4, 4, 4, 4, 4, 4, 4, 4, 4, 4, 4, 4, 4, 4, 4, 4, 4, 4, 4, 4, 4, 4, 4, 4, 4, 4, 4, 4, 4, 4, 4, 4, 4, 4, 4, 4, 4, 4, 4, 4, 4, 4, 4, 4, 4, 4]
----------------------------- 
-------cBUFFER---------
[0, 98, 0, 104, 105, 0, 97, 0]
-------------------------- 
[RETURN VALUE] [ 4 ] 
--------[EXEC CODE]:
[ a , EQUALS , 2 , MULT , 2 ]
-------------- 


--------------------------[NEW ITERATION]
[ a , EQUALS , 2 , MULT , 2 ] 

[DOING] OPERator at INDEX: 1 <<PRIORITY>> 2 

[TRYING SETTING] [ a ] WITH [ 2 , MULT , 2 ] 


--------------------------[NEW ITERATION]
[ a ] 

[DOING] OPERator at INDEX: -1 <<PRIORITY>> 100 
[ a ] 
6 [3] 
false 


--------------------------[NEW ITERATION]
[ 2 , MULT , 2 ] 

[DOING] OPERator at INDEX: 1 <<PRIORITY>> 14 
 
[TRYING MULTIPLICATE] [ 2 ] WITH [ 2 ] 


--------------------------[NEW ITERATION]
[ 2 ] 

[DOING] OPERator at INDEX: -1 <<PRIORITY>> 100 
[ 2 ] 
3 [3] 
true 
[EXECUTING  METHODE<<2>>]
 
[ a , EQUALS , 2 , MULT , 2 , ; , a , EQUALS , 2 , MULT , 2 , ; ]---------NEW LINE---------
[ a , EQUALS , 2 , MULT , 2 ]
-------------------- 
---------NEW LINE---------
[ a , EQUALS , 2 , MULT , 2 ]
-------------------- 
--------[EXEC CODE]:
[ a , EQUALS , 2 , MULT , 2 ]
-------------- 


--------------------------[NEW ITERATION]
[ a , EQUALS , 2 , MULT , 2 ] 

[DOING] OPERator at INDEX: 1 <<PRIORITY>> 2 

[TRYING SETTING] [ a ] WITH [ 2 , MULT , 2 ] 


--------------------------[NEW ITERATION]
[ a ] 

[DOING] OPERator at INDEX: -1 <<PRIORITY>> 100 
[ a ] 
6 [3] 
false 


--------------------------[NEW ITERATION]
[ 2 , MULT , 2 ] 

[DOING] OPERator at INDEX: 1 <<PRIORITY>> 14 
 
[TRYING MULTIPLICATE] [ 2 ] WITH [ 2 ] 


--------------------------[NEW ITERATION]
[ 2 ] 

[DOING] OPERator at INDEX: -1 <<PRIORITY>> 100 
[ 2 ] 
1 [3] 
false 


--------------------------[NEW ITERATION]
[ 2 ] 

[DOING] OPERator at INDEX: -1 <<PRIORITY>> 100 
[ 2 ] 
2 [3] 
false 
[OPERATION Mult] 
4 
[STORING] id 108 name [ a ] with TOKEN 1111111000000000000000001101100 ON 6 value [ 4 ] 

-------Buffer----------
[2, 2, 2, 2, 2, 4, 4, 4, 4, 4, 4, 4, 4, 4, 4, 4, 4, 4, 4, 4, 4, 4, 4, 4, 4, 4, 4, 4, 4, 4, 4, 4, 4, 4, 4, 4, 4, 4, 4, 4, 4, 4, 4, 4, 4, 4, 4, 4, 4, 4, 4, 4, 4, 4, 4, 4, 4, 4, 4, 4, 4, 4, 4, 4, 4, 4, 4, 4, 4, 4, 4, 4, 4, 4, 4, 4, 4, 4, 4, 4, 4, 4, 4, 4, 4, 4, 4, 4, 4, 4, 4, 4, 4, 4, 4, 4, 4, 4, 4, 4, 4, 4, 4, 4, 4, 4, 4, 4, 4]
----------------------------- 
-------cBUFFER---------
[0, 98, 0, 104, 105, 0, 97, 0]
-------------------------- 
[RETURN VALUE] [ 4 ] 
--------[EXEC CODE]:
[ a , EQUALS , 2 , MULT , 2 ]
-------------- 


--------------------------[NEW ITERATION]
[ a , EQUALS , 2 , MULT , 2 ] 

[DOING] OPERator at INDEX: 1 <<PRIORITY>> 2 

[TRYING SETTING] [ a ] WITH [ 2 , MULT , 2 ] 


--------------------------[NEW ITERATION]
[ a ] 

[DOING] OPERator at INDEX: -1 <<PRIORITY>> 100 
[ a ] 
6 [3] 
false 


--------------------------[NEW ITERATION]
[ 2 , MULT , 2 ] 

[DOING] OPERator at INDEX: 1 <<PRIORITY>> 14 
 
[TRYING MULTIPLICATE] [ 2 ] WITH [ 2 ] 


--------------------------[NEW ITERATION]
[ 2 ] 

[DOING] OPERator at INDEX: -1 <<PRIORITY>> 100 
[ 2 ] 
3 [3] 
true 
[EXECUTING  METHODE<<2>>]
 
[ a , EQUALS , 2 , MULT , 2 , ; , a , EQUALS , 2 , MULT , 2 , ; ]---------NEW LINE---------
[ a , EQUALS , 2 , MULT , 2 ]
-------------------- 
---------NEW LINE---------
[ a , EQUALS , 2 , MULT , 2 ]
-------------------- 
--------[EXEC CODE]:
[ a , EQUALS , 2 , MULT , 2 ]
-------------- 


--------------------------[NEW ITERATION]
[ a , EQUALS , 2 , MULT , 2 ] 

[DOING] OPERator at INDEX: 1 <<PRIORITY>> 2 

[TRYING SETTING] [ a ] WITH [ 2 , MULT , 2 ] 


--------------------------[NEW ITERATION]
[ a ] 

[DOING] OPERator at INDEX: -1 <<PRIORITY>> 100 
[ a ] 
6 [3] 
false 


--------------------------[NEW ITERATION]
[ 2 , MULT , 2 ] 

[DOING] OPERator at INDEX: 1 <<PRIORITY>> 14 
 
[TRYING MULTIPLICATE] [ 2 ] WITH [ 2 ] 


--------------------------[NEW ITERATION]
[ 2 ] 

[DOING] OPERator at INDEX: -1 <<PRIORITY>> 100 
[ 2 ] 
1 [3] 
false 


--------------------------[NEW ITERATION]
[ 2 ] 

[DOING] OPERator at INDEX: -1 <<PRIORITY>> 100 
[ 2 ] 
2 [3] 
false 
[OPERATION Mult] 
4 
[STORING] id 109 name [ a ] with TOKEN 1111111000000000000000001101101 ON 6 value [ 4 ] 

-------Buffer----------
[2, 2, 2, 2, 2, 4, 4, 4, 4, 4, 4, 4, 4, 4, 4, 4, 4, 4, 4, 4, 4, 4, 4, 4, 4, 4, 4, 4, 4, 4, 4, 4, 4, 4, 4, 4, 4, 4, 4, 4, 4, 4, 4, 4, 4, 4, 4, 4, 4, 4, 4, 4, 4, 4, 4, 4, 4, 4, 4, 4, 4, 4, 4, 4, 4, 4, 4, 4, 4, 4, 4, 4, 4, 4, 4, 4, 4, 4, 4, 4, 4, 4, 4, 4, 4, 4, 4, 4, 4, 4, 4, 4, 4, 4, 4, 4, 4, 4, 4, 4, 4, 4, 4, 4, 4, 4, 4, 4, 4, 4]
----------------------------- 
-------cBUFFER---------
[0, 98, 0, 104, 105, 0, 97, 0]
-------------------------- 
[RETURN VALUE] [ 4 ] 
--------[EXEC CODE]:
[ a , EQUALS , 2 , MULT , 2 ]
-------------- 


--------------------------[NEW ITERATION]
[ a , EQUALS , 2 , MULT , 2 ] 

[DOING] OPERator at INDEX: 1 <<PRIORITY>> 2 

[TRYING SETTING] [ a ] WITH [ 2 , MULT , 2 ] 


--------------------------[NEW ITERATION]
[ a ] 

[DOING] OPERator at INDEX: -1 <<PRIORITY>> 100 
[ a ] 
6 [3] 
false 


--------------------------[NEW ITERATION]
[ 2 , MULT , 2 ] 

[DOING] OPERator at INDEX: 1 <<PRIORITY>> 14 
 
[TRYING MULTIPLICATE] [ 2 ] WITH [ 2 ] 


--------------------------[NEW ITERATION]
[ 2 ] 

[DOING] OPERator at INDEX: -1 <<PRIORITY>> 100 
[ 2 ] 
3 [3] 
true 
[EXECUTING  METHODE<<2>>]
 
[ a , EQUALS , 2 , MULT , 2 , ; , a , EQUALS , 2 , MULT , 2 , ; ]---------NEW LINE---------
[ a , EQUALS , 2 , MULT , 2 ]
-------------------- 
---------NEW LINE---------
[ a , EQUALS , 2 , MULT , 2 ]
-------------------- 
--------[EXEC CODE]:
[ a , EQUALS , 2 , MULT , 2 ]
-------------- 


--------------------------[NEW ITERATION]
[ a , EQUALS , 2 , MULT , 2 ] 

[DOING] OPERator at INDEX: 1 <<PRIORITY>> 2 

[TRYING SETTING] [ a ] WITH [ 2 , MULT , 2 ] 


--------------------------[NEW ITERATION]
[ a ] 

[DOING] OPERator at INDEX: -1 <<PRIORITY>> 100 
[ a ] 
6 [3] 
false 


--------------------------[NEW ITERATION]
[ 2 , MULT , 2 ] 

[DOING] OPERator at INDEX: 1 <<PRIORITY>> 14 
 
[TRYING MULTIPLICATE] [ 2 ] WITH [ 2 ] 


--------------------------[NEW ITERATION]
[ 2 ] 

[DOING] OPERator at INDEX: -1 <<PRIORITY>> 100 
[ 2 ] 
1 [3] 
false 


--------------------------[NEW ITERATION]
[ 2 ] 

[DOING] OPERator at INDEX: -1 <<PRIORITY>> 100 
[ 2 ] 
2 [3] 
false 
[OPERATION Mult] 
4 
[STORING] id 110 name [ a ] with TOKEN 1111111000000000000000001101110 ON 6 value [ 4 ] 

-------Buffer----------
[2, 2, 2, 2, 2, 4, 4, 4, 4, 4, 4, 4, 4, 4, 4, 4, 4, 4, 4, 4, 4, 4, 4, 4, 4, 4, 4, 4, 4, 4, 4, 4, 4, 4, 4, 4, 4, 4, 4, 4, 4, 4, 4, 4, 4, 4, 4, 4, 4, 4, 4, 4, 4, 4, 4, 4, 4, 4, 4, 4, 4, 4, 4, 4, 4, 4, 4, 4, 4, 4, 4, 4, 4, 4, 4, 4, 4, 4, 4, 4, 4, 4, 4, 4, 4, 4, 4, 4, 4, 4, 4, 4, 4, 4, 4, 4, 4, 4, 4, 4, 4, 4, 4, 4, 4, 4, 4, 4, 4, 4, 4]
----------------------------- 
-------cBUFFER---------
[0, 98, 0, 104, 105, 0, 97, 0]
-------------------------- 
[RETURN VALUE] [ 4 ] 
--------[EXEC CODE]:
[ a , EQUALS , 2 , MULT , 2 ]
-------------- 


--------------------------[NEW ITERATION]
[ a , EQUALS , 2 , MULT , 2 ] 

[DOING] OPERator at INDEX: 1 <<PRIORITY>> 2 

[TRYING SETTING] [ a ] WITH [ 2 , MULT , 2 ] 


--------------------------[NEW ITERATION]
[ a ] 

[DOING] OPERator at INDEX: -1 <<PRIORITY>> 100 
[ a ] 
6 [3] 
false 


--------------------------[NEW ITERATION]
[ 2 , MULT , 2 ] 

[DOING] OPERator at INDEX: 1 <<PRIORITY>> 14 
 
[TRYING MULTIPLICATE] [ 2 ] WITH [ 2 ] 


--------------------------[NEW ITERATION]
[ 2 ] 

[DOING] OPERator at INDEX: -1 <<PRIORITY>> 100 
[ 2 ] 
3 [3] 
true 
[EXECUTING  METHODE<<2>>]
 
[ a , EQUALS , 2 , MULT , 2 , ; , a , EQUALS , 2 , MULT , 2 , ; ]---------NEW LINE---------
[ a , EQUALS , 2 , MULT , 2 ]
-------------------- 
---------NEW LINE---------
[ a , EQUALS , 2 , MULT , 2 ]
-------------------- 
--------[EXEC CODE]:
[ a , EQUALS , 2 , MULT , 2 ]
-------------- 


--------------------------[NEW ITERATION]
[ a , EQUALS , 2 , MULT , 2 ] 

[DOING] OPERator at INDEX: 1 <<PRIORITY>> 2 

[TRYING SETTING] [ a ] WITH [ 2 , MULT , 2 ] 


--------------------------[NEW ITERATION]
[ a ] 

[DOING] OPERator at INDEX: -1 <<PRIORITY>> 100 
[ a ] 
6 [3] 
false 


--------------------------[NEW ITERATION]
[ 2 , MULT , 2 ] 

[DOING] OPERator at INDEX: 1 <<PRIORITY>> 14 
 
[TRYING MULTIPLICATE] [ 2 ] WITH [ 2 ] 


--------------------------[NEW ITERATION]
[ 2 ] 

[DOING] OPERator at INDEX: -1 <<PRIORITY>> 100 
[ 2 ] 
1 [3] 
false 


--------------------------[NEW ITERATION]
[ 2 ] 

[DOING] OPERator at INDEX: -1 <<PRIORITY>> 100 
[ 2 ] 
2 [3] 
false 
[OPERATION Mult] 
4 
[STORING] id 111 name [ a ] with TOKEN 1111111000000000000000001101111 ON 6 value [ 4 ] 

-------Buffer----------
[2, 2, 2, 2, 2, 4, 4, 4, 4, 4, 4, 4, 4, 4, 4, 4, 4, 4, 4, 4, 4, 4, 4, 4, 4, 4, 4, 4, 4, 4, 4, 4, 4, 4, 4, 4, 4, 4, 4, 4, 4, 4, 4, 4, 4, 4, 4, 4, 4, 4, 4, 4, 4, 4, 4, 4, 4, 4, 4, 4, 4, 4, 4, 4, 4, 4, 4, 4, 4, 4, 4, 4, 4, 4, 4, 4, 4, 4, 4, 4, 4, 4, 4, 4, 4, 4, 4, 4, 4, 4, 4, 4, 4, 4, 4, 4, 4, 4, 4, 4, 4, 4, 4, 4, 4, 4, 4, 4, 4, 4, 4, 4]
----------------------------- 
-------cBUFFER---------
[0, 98, 0, 104, 105, 0, 97, 0]
-------------------------- 
[RETURN VALUE] [ 4 ] 
--------[EXEC CODE]:
[ a , EQUALS , 2 , MULT , 2 ]
-------------- 


--------------------------[NEW ITERATION]
[ a , EQUALS , 2 , MULT , 2 ] 

[DOING] OPERator at INDEX: 1 <<PRIORITY>> 2 

[TRYING SETTING] [ a ] WITH [ 2 , MULT , 2 ] 


--------------------------[NEW ITERATION]
[ a ] 

[DOING] OPERator at INDEX: -1 <<PRIORITY>> 100 
[ a ] 
6 [3] 
false 


--------------------------[NEW ITERATION]
[ 2 , MULT , 2 ] 

[DOING] OPERator at INDEX: 1 <<PRIORITY>> 14 
 
[TRYING MULTIPLICATE] [ 2 ] WITH [ 2 ] 


--------------------------[NEW ITERATION]
[ 2 ] 

[DOING] OPERator at INDEX: -1 <<PRIORITY>> 100 
[ 2 ] 
3 [3] 
true 
[EXECUTING  METHODE<<2>>]
 
[ a , EQUALS , 2 , MULT , 2 , ; , a , EQUALS , 2 , MULT , 2 , ; ]---------NEW LINE---------
[ a , EQUALS , 2 , MULT , 2 ]
-------------------- 
---------NEW LINE---------
[ a , EQUALS , 2 , MULT , 2 ]
-------------------- 
--------[EXEC CODE]:
[ a , EQUALS , 2 , MULT , 2 ]
-------------- 


--------------------------[NEW ITERATION]
[ a , EQUALS , 2 , MULT , 2 ] 

[DOING] OPERator at INDEX: 1 <<PRIORITY>> 2 

[TRYING SETTING] [ a ] WITH [ 2 , MULT , 2 ] 


--------------------------[NEW ITERATION]
[ a ] 

[DOING] OPERator at INDEX: -1 <<PRIORITY>> 100 
[ a ] 
6 [3] 
false 


--------------------------[NEW ITERATION]
[ 2 , MULT , 2 ] 

[DOING] OPERator at INDEX: 1 <<PRIORITY>> 14 
 
[TRYING MULTIPLICATE] [ 2 ] WITH [ 2 ] 


--------------------------[NEW ITERATION]
[ 2 ] 

[DOING] OPERator at INDEX: -1 <<PRIORITY>> 100 
[ 2 ] 
1 [3] 
false 


--------------------------[NEW ITERATION]
[ 2 ] 

[DOING] OPERator at INDEX: -1 <<PRIORITY>> 100 
[ 2 ] 
2 [3] 
false 
[OPERATION Mult] 
4 
[STORING] id 112 name [ a ] with TOKEN 1111111000000000000000001110000 ON 6 value [ 4 ] 

-------Buffer----------
[2, 2, 2, 2, 2, 4, 4, 4, 4, 4, 4, 4, 4, 4, 4, 4, 4, 4, 4, 4, 4, 4, 4, 4, 4, 4, 4, 4, 4, 4, 4, 4, 4, 4, 4, 4, 4, 4, 4, 4, 4, 4, 4, 4, 4, 4, 4, 4, 4, 4, 4, 4, 4, 4, 4, 4, 4, 4, 4, 4, 4, 4, 4, 4, 4, 4, 4, 4, 4, 4, 4, 4, 4, 4, 4, 4, 4, 4, 4, 4, 4, 4, 4, 4, 4, 4, 4, 4, 4, 4, 4, 4, 4, 4, 4, 4, 4, 4, 4, 4, 4, 4, 4, 4, 4, 4, 4, 4, 4, 4, 4, 4, 4]
----------------------------- 
-------cBUFFER---------
[0, 98, 0, 104, 105, 0, 97, 0]
-------------------------- 
[RETURN VALUE] [ 4 ] 
--------[EXEC CODE]:
[ a , EQUALS , 2 , MULT , 2 ]
-------------- 


--------------------------[NEW ITERATION]
[ a , EQUALS , 2 , MULT , 2 ] 

[DOING] OPERator at INDEX: 1 <<PRIORITY>> 2 

[TRYING SETTING] [ a ] WITH [ 2 , MULT , 2 ] 


--------------------------[NEW ITERATION]
[ a ] 

[DOING] OPERator at INDEX: -1 <<PRIORITY>> 100 
[ a ] 
6 [3] 
false 


--------------------------[NEW ITERATION]
[ 2 , MULT , 2 ] 

[DOING] OPERator at INDEX: 1 <<PRIORITY>> 14 
 
[TRYING MULTIPLICATE] [ 2 ] WITH [ 2 ] 


--------------------------[NEW ITERATION]
[ 2 ] 

[DOING] OPERator at INDEX: -1 <<PRIORITY>> 100 
[ 2 ] 
3 [3] 
true 
[EXECUTING  METHODE<<2>>]
 
[ a , EQUALS , 2 , MULT , 2 , ; , a , EQUALS , 2 , MULT , 2 , ; ]---------NEW LINE---------
[ a , EQUALS , 2 , MULT , 2 ]
-------------------- 
---------NEW LINE---------
[ a , EQUALS , 2 , MULT , 2 ]
-------------------- 
--------[EXEC CODE]:
[ a , EQUALS , 2 , MULT , 2 ]
-------------- 


--------------------------[NEW ITERATION]
[ a , EQUALS , 2 , MULT , 2 ] 

[DOING] OPERator at INDEX: 1 <<PRIORITY>> 2 

[TRYING SETTING] [ a ] WITH [ 2 , MULT , 2 ] 


--------------------------[NEW ITERATION]
[ a ] 

[DOING] OPERator at INDEX: -1 <<PRIORITY>> 100 
[ a ] 
6 [3] 
false 


--------------------------[NEW ITERATION]
[ 2 , MULT , 2 ] 

[DOING] OPERator at INDEX: 1 <<PRIORITY>> 14 
 
[TRYING MULTIPLICATE] [ 2 ] WITH [ 2 ] 


--------------------------[NEW ITERATION]
[ 2 ] 

[DOING] OPERator at INDEX: -1 <<PRIORITY>> 100 
[ 2 ] 
1 [3] 
false 


--------------------------[NEW ITERATION]
[ 2 ] 

[DOING] OPERator at INDEX: -1 <<PRIORITY>> 100 
[ 2 ] 
2 [3] 
false 
[OPERATION Mult] 
4 
[STORING] id 113 name [ a ] with TOKEN 1111111000000000000000001110001 ON 6 value [ 4 ] 

-------Buffer----------
[2, 2, 2, 2, 2, 4, 4, 4, 4, 4, 4, 4, 4, 4, 4, 4, 4, 4, 4, 4, 4, 4, 4, 4, 4, 4, 4, 4, 4, 4, 4, 4, 4, 4, 4, 4, 4, 4, 4, 4, 4, 4, 4, 4, 4, 4, 4, 4, 4, 4, 4, 4, 4, 4, 4, 4, 4, 4, 4, 4, 4, 4, 4, 4, 4, 4, 4, 4, 4, 4, 4, 4, 4, 4, 4, 4, 4, 4, 4, 4, 4, 4, 4, 4, 4, 4, 4, 4, 4, 4, 4, 4, 4, 4, 4, 4, 4, 4, 4, 4, 4, 4, 4, 4, 4, 4, 4, 4, 4, 4, 4, 4, 4, 4]
----------------------------- 
-------cBUFFER---------
[0, 98, 0, 104, 105, 0, 97, 0]
-------------------------- 
[RETURN VALUE] [ 4 ] 
--------[EXEC CODE]:
[ a , EQUALS , 2 , MULT , 2 ]
-------------- 


--------------------------[NEW ITERATION]
[ a , EQUALS , 2 , MULT , 2 ] 

[DOING] OPERator at INDEX: 1 <<PRIORITY>> 2 

[TRYING SETTING] [ a ] WITH [ 2 , MULT , 2 ] 


--------------------------[NEW ITERATION]
[ a ] 

[DOING] OPERator at INDEX: -1 <<PRIORITY>> 100 
[ a ] 
6 [3] 
false 


--------------------------[NEW ITERATION]
[ 2 , MULT , 2 ] 

[DOING] OPERator at INDEX: 1 <<PRIORITY>> 14 
 
[TRYING MULTIPLICATE] [ 2 ] WITH [ 2 ] 


--------------------------[NEW ITERATION]
[ 2 ] 

[DOING] OPERator at INDEX: -1 <<PRIORITY>> 100 
[ 2 ] 
3 [3] 
true 
[EXECUTING  METHODE<<2>>]
 
[ a , EQUALS , 2 , MULT , 2 , ; , a , EQUALS , 2 , MULT , 2 , ; ]---------NEW LINE---------
[ a , EQUALS , 2 , MULT , 2 ]
-------------------- 
---------NEW LINE---------
[ a , EQUALS , 2 , MULT , 2 ]
-------------------- 
--------[EXEC CODE]:
[ a , EQUALS , 2 , MULT , 2 ]
-------------- 


--------------------------[NEW ITERATION]
[ a , EQUALS , 2 , MULT , 2 ] 

[DOING] OPERator at INDEX: 1 <<PRIORITY>> 2 

[TRYING SETTING] [ a ] WITH [ 2 , MULT , 2 ] 


--------------------------[NEW ITERATION]
[ a ] 

[DOING] OPERator at INDEX: -1 <<PRIORITY>> 100 
[ a ] 
6 [3] 
false 


--------------------------[NEW ITERATION]
[ 2 , MULT , 2 ] 

[DOING] OPERator at INDEX: 1 <<PRIORITY>> 14 
 
[TRYING MULTIPLICATE] [ 2 ] WITH [ 2 ] 


--------------------------[NEW ITERATION]
[ 2 ] 

[DOING] OPERator at INDEX: -1 <<PRIORITY>> 100 
[ 2 ] 
1 [3] 
false 


--------------------------[NEW ITERATION]
[ 2 ] 

[DOING] OPERator at INDEX: -1 <<PRIORITY>> 100 
[ 2 ] 
2 [3] 
false 
[OPERATION Mult] 
4 
[STORING] id 114 name [ a ] with TOKEN 1111111000000000000000001110010 ON 6 value [ 4 ] 

-------Buffer----------
[2, 2, 2, 2, 2, 4, 4, 4, 4, 4, 4, 4, 4, 4, 4, 4, 4, 4, 4, 4, 4, 4, 4, 4, 4, 4, 4, 4, 4, 4, 4, 4, 4, 4, 4, 4, 4, 4, 4, 4, 4, 4, 4, 4, 4, 4, 4, 4, 4, 4, 4, 4, 4, 4, 4, 4, 4, 4, 4, 4, 4, 4, 4, 4, 4, 4, 4, 4, 4, 4, 4, 4, 4, 4, 4, 4, 4, 4, 4, 4, 4, 4, 4, 4, 4, 4, 4, 4, 4, 4, 4, 4, 4, 4, 4, 4, 4, 4, 4, 4, 4, 4, 4, 4, 4, 4, 4, 4, 4, 4, 4, 4, 4, 4, 4]
----------------------------- 
-------cBUFFER---------
[0, 98, 0, 104, 105, 0, 97, 0]
-------------------------- 
[RETURN VALUE] [ 4 ] 
--------[EXEC CODE]:
[ a , EQUALS , 2 , MULT , 2 ]
-------------- 


--------------------------[NEW ITERATION]
[ a , EQUALS , 2 , MULT , 2 ] 

[DOING] OPERator at INDEX: 1 <<PRIORITY>> 2 

[TRYING SETTING] [ a ] WITH [ 2 , MULT , 2 ] 


--------------------------[NEW ITERATION]
[ a ] 

[DOING] OPERator at INDEX: -1 <<PRIORITY>> 100 
[ a ] 
6 [3] 
false 


--------------------------[NEW ITERATION]
[ 2 , MULT , 2 ] 

[DOING] OPERator at INDEX: 1 <<PRIORITY>> 14 
 
[TRYING MULTIPLICATE] [ 2 ] WITH [ 2 ] 


--------------------------[NEW ITERATION]
[ 2 ] 

[DOING] OPERator at INDEX: -1 <<PRIORITY>> 100 
[ 2 ] 
3 [3] 
true 
[EXECUTING  METHODE<<2>>]
 
[ a , EQUALS , 2 , MULT , 2 , ; , a , EQUALS , 2 , MULT , 2 , ; ]---------NEW LINE---------
[ a , EQUALS , 2 , MULT , 2 ]
-------------------- 
---------NEW LINE---------
[ a , EQUALS , 2 , MULT , 2 ]
-------------------- 
--------[EXEC CODE]:
[ a , EQUALS , 2 , MULT , 2 ]
-------------- 


--------------------------[NEW ITERATION]
[ a , EQUALS , 2 , MULT , 2 ] 

[DOING] OPERator at INDEX: 1 <<PRIORITY>> 2 

[TRYING SETTING] [ a ] WITH [ 2 , MULT , 2 ] 


--------------------------[NEW ITERATION]
[ a ] 

[DOING] OPERator at INDEX: -1 <<PRIORITY>> 100 
[ a ] 
6 [3] 
false 


--------------------------[NEW ITERATION]
[ 2 , MULT , 2 ] 

[DOING] OPERator at INDEX: 1 <<PRIORITY>> 14 
 
[TRYING MULTIPLICATE] [ 2 ] WITH [ 2 ] 


--------------------------[NEW ITERATION]
[ 2 ] 

[DOING] OPERator at INDEX: -1 <<PRIORITY>> 100 
[ 2 ] 
1 [3] 
false 


--------------------------[NEW ITERATION]
[ 2 ] 

[DOING] OPERator at INDEX: -1 <<PRIORITY>> 100 
[ 2 ] 
2 [3] 
false 
[OPERATION Mult] 
4 
[STORING] id 115 name [ a ] with TOKEN 1111111000000000000000001110011 ON 6 value [ 4 ] 

-------Buffer----------
[2, 2, 2, 2, 2, 4, 4, 4, 4, 4, 4, 4, 4, 4, 4, 4, 4, 4, 4, 4, 4, 4, 4, 4, 4, 4, 4, 4, 4, 4, 4, 4, 4, 4, 4, 4, 4, 4, 4, 4, 4, 4, 4, 4, 4, 4, 4, 4, 4, 4, 4, 4, 4, 4, 4, 4, 4, 4, 4, 4, 4, 4, 4, 4, 4, 4, 4, 4, 4, 4, 4, 4, 4, 4, 4, 4, 4, 4, 4, 4, 4, 4, 4, 4, 4, 4, 4, 4, 4, 4, 4, 4, 4, 4, 4, 4, 4, 4, 4, 4, 4, 4, 4, 4, 4, 4, 4, 4, 4, 4, 4, 4, 4, 4, 4, 4]
----------------------------- 
-------cBUFFER---------
[0, 98, 0, 104, 105, 0, 97, 0]
-------------------------- 
[RETURN VALUE] [ 4 ] 
--------[EXEC CODE]:
[ a , EQUALS , 2 , MULT , 2 ]
-------------- 


--------------------------[NEW ITERATION]
[ a , EQUALS , 2 , MULT , 2 ] 

[DOING] OPERator at INDEX: 1 <<PRIORITY>> 2 

[TRYING SETTING] [ a ] WITH [ 2 , MULT , 2 ] 


--------------------------[NEW ITERATION]
[ a ] 

[DOING] OPERator at INDEX: -1 <<PRIORITY>> 100 
[ a ] 
6 [3] 
false 


--------------------------[NEW ITERATION]
[ 2 , MULT , 2 ] 

[DOING] OPERator at INDEX: 1 <<PRIORITY>> 14 
 
[TRYING MULTIPLICATE] [ 2 ] WITH [ 2 ] 


--------------------------[NEW ITERATION]
[ 2 ] 

[DOING] OPERator at INDEX: -1 <<PRIORITY>> 100 
[ 2 ] 
3 [3] 
true 
[EXECUTING  METHODE<<2>>]
 
[ a , EQUALS , 2 , MULT , 2 , ; , a , EQUALS , 2 , MULT , 2 , ; ]---------NEW LINE---------
[ a , EQUALS , 2 , MULT , 2 ]
-------------------- 
---------NEW LINE---------
[ a , EQUALS , 2 , MULT , 2 ]
-------------------- 
--------[EXEC CODE]:
[ a , EQUALS , 2 , MULT , 2 ]
-------------- 


--------------------------[NEW ITERATION]
[ a , EQUALS , 2 , MULT , 2 ] 

[DOING] OPERator at INDEX: 1 <<PRIORITY>> 2 

[TRYING SETTING] [ a ] WITH [ 2 , MULT , 2 ] 


--------------------------[NEW ITERATION]
[ a ] 

[DOING] OPERator at INDEX: -1 <<PRIORITY>> 100 
[ a ] 
6 [3] 
false 


--------------------------[NEW ITERATION]
[ 2 , MULT , 2 ] 

[DOING] OPERator at INDEX: 1 <<PRIORITY>> 14 
 
[TRYING MULTIPLICATE] [ 2 ] WITH [ 2 ] 


--------------------------[NEW ITERATION]
[ 2 ] 

[DOING] OPERator at INDEX: -1 <<PRIORITY>> 100 
[ 2 ] 
1 [3] 
false 


--------------------------[NEW ITERATION]
[ 2 ] 

[DOING] OPERator at INDEX: -1 <<PRIORITY>> 100 
[ 2 ] 
2 [3] 
false 
[OPERATION Mult] 
4 
[STORING] id 116 name [ a ] with TOKEN 1111111000000000000000001110100 ON 6 value [ 4 ] 

-------Buffer----------
[2, 2, 2, 2, 2, 4, 4, 4, 4, 4, 4, 4, 4, 4, 4, 4, 4, 4, 4, 4, 4, 4, 4, 4, 4, 4, 4, 4, 4, 4, 4, 4, 4, 4, 4, 4, 4, 4, 4, 4, 4, 4, 4, 4, 4, 4, 4, 4, 4, 4, 4, 4, 4, 4, 4, 4, 4, 4, 4, 4, 4, 4, 4, 4, 4, 4, 4, 4, 4, 4, 4, 4, 4, 4, 4, 4, 4, 4, 4, 4, 4, 4, 4, 4, 4, 4, 4, 4, 4, 4, 4, 4, 4, 4, 4, 4, 4, 4, 4, 4, 4, 4, 4, 4, 4, 4, 4, 4, 4, 4, 4, 4, 4, 4, 4, 4, 4]
----------------------------- 
-------cBUFFER---------
[0, 98, 0, 104, 105, 0, 97, 0]
-------------------------- 
[RETURN VALUE] [ 4 ] 
--------[EXEC CODE]:
[ a , EQUALS , 2 , MULT , 2 ]
-------------- 


--------------------------[NEW ITERATION]
[ a , EQUALS , 2 , MULT , 2 ] 

[DOING] OPERator at INDEX: 1 <<PRIORITY>> 2 

[TRYING SETTING] [ a ] WITH [ 2 , MULT , 2 ] 


--------------------------[NEW ITERATION]
[ a ] 

[DOING] OPERator at INDEX: -1 <<PRIORITY>> 100 
[ a ] 
6 [3] 
false 


--------------------------[NEW ITERATION]
[ 2 , MULT , 2 ] 

[DOING] OPERator at INDEX: 1 <<PRIORITY>> 14 
 
[TRYING MULTIPLICATE] [ 2 ] WITH [ 2 ] 


--------------------------[NEW ITERATION]
[ 2 ] 

[DOING] OPERator at INDEX: -1 <<PRIORITY>> 100 
[ 2 ] 
3 [3] 
true 
[EXECUTING  METHODE<<2>>]
 
[ a , EQUALS , 2 , MULT , 2 , ; , a , EQUALS , 2 , MULT , 2 , ; ]---------NEW LINE---------
[ a , EQUALS , 2 , MULT , 2 ]
-------------------- 
---------NEW LINE---------
[ a , EQUALS , 2 , MULT , 2 ]
-------------------- 
--------[EXEC CODE]:
[ a , EQUALS , 2 , MULT , 2 ]
-------------- 


--------------------------[NEW ITERATION]
[ a , EQUALS , 2 , MULT , 2 ] 

[DOING] OPERator at INDEX: 1 <<PRIORITY>> 2 

[TRYING SETTING] [ a ] WITH [ 2 , MULT , 2 ] 


--------------------------[NEW ITERATION]
[ a ] 

[DOING] OPERator at INDEX: -1 <<PRIORITY>> 100 
[ a ] 
6 [3] 
false 


--------------------------[NEW ITERATION]
[ 2 , MULT , 2 ] 

[DOING] OPERator at INDEX: 1 <<PRIORITY>> 14 
 
[TRYING MULTIPLICATE] [ 2 ] WITH [ 2 ] 


--------------------------[NEW ITERATION]
[ 2 ] 

[DOING] OPERator at INDEX: -1 <<PRIORITY>> 100 
[ 2 ] 
1 [3] 
false 


--------------------------[NEW ITERATION]
[ 2 ] 

[DOING] OPERator at INDEX: -1 <<PRIORITY>> 100 
[ 2 ] 
2 [3] 
false 
[OPERATION Mult] 
4 
[STORING] id 117 name [ a ] with TOKEN 1111111000000000000000001110101 ON 6 value [ 4 ] 

-------Buffer----------
[2, 2, 2, 2, 2, 4, 4, 4, 4, 4, 4, 4, 4, 4, 4, 4, 4, 4, 4, 4, 4, 4, 4, 4, 4, 4, 4, 4, 4, 4, 4, 4, 4, 4, 4, 4, 4, 4, 4, 4, 4, 4, 4, 4, 4, 4, 4, 4, 4, 4, 4, 4, 4, 4, 4, 4, 4, 4, 4, 4, 4, 4, 4, 4, 4, 4, 4, 4, 4, 4, 4, 4, 4, 4, 4, 4, 4, 4, 4, 4, 4, 4, 4, 4, 4, 4, 4, 4, 4, 4, 4, 4, 4, 4, 4, 4, 4, 4, 4, 4, 4, 4, 4, 4, 4, 4, 4, 4, 4, 4, 4, 4, 4, 4, 4, 4, 4, 4]
----------------------------- 
-------cBUFFER---------
[0, 98, 0, 104, 105, 0, 97, 0]
-------------------------- 
[RETURN VALUE] [ 4 ] 
--------[EXEC CODE]:
[ a , EQUALS , 2 , MULT , 2 ]
-------------- 


--------------------------[NEW ITERATION]
[ a , EQUALS , 2 , MULT , 2 ] 

[DOING] OPERator at INDEX: 1 <<PRIORITY>> 2 

[TRYING SETTING] [ a ] WITH [ 2 , MULT , 2 ] 


--------------------------[NEW ITERATION]
[ a ] 

[DOING] OPERator at INDEX: -1 <<PRIORITY>> 100 
[ a ] 
6 [3] 
false 


--------------------------[NEW ITERATION]
[ 2 , MULT , 2 ] 

[DOING] OPERator at INDEX: 1 <<PRIORITY>> 14 
 
[TRYING MULTIPLICATE] [ 2 ] WITH [ 2 ] 


--------------------------[NEW ITERATION]
[ 2 ] 

[DOING] OPERator at INDEX: -1 <<PRIORITY>> 100 
[ 2 ] 
3 [3] 
true 
[EXECUTING  METHODE<<2>>]
 
[ a , EQUALS , 2 , MULT , 2 , ; , a , EQUALS , 2 , MULT , 2 , ; ]---------NEW LINE---------
[ a , EQUALS , 2 , MULT , 2 ]
-------------------- 
---------NEW LINE---------
[ a , EQUALS , 2 , MULT , 2 ]
-------------------- 
--------[EXEC CODE]:
[ a , EQUALS , 2 , MULT , 2 ]
-------------- 


--------------------------[NEW ITERATION]
[ a , EQUALS , 2 , MULT , 2 ] 

[DOING] OPERator at INDEX: 1 <<PRIORITY>> 2 

[TRYING SETTING] [ a ] WITH [ 2 , MULT , 2 ] 


--------------------------[NEW ITERATION]
[ a ] 

[DOING] OPERator at INDEX: -1 <<PRIORITY>> 100 
[ a ] 
6 [3] 
false 


--------------------------[NEW ITERATION]
[ 2 , MULT , 2 ] 

[DOING] OPERator at INDEX: 1 <<PRIORITY>> 14 
 
[TRYING MULTIPLICATE] [ 2 ] WITH [ 2 ] 


--------------------------[NEW ITERATION]
[ 2 ] 

[DOING] OPERator at INDEX: -1 <<PRIORITY>> 100 
[ 2 ] 
1 [3] 
false 


--------------------------[NEW ITERATION]
[ 2 ] 

[DOING] OPERator at INDEX: -1 <<PRIORITY>> 100 
[ 2 ] 
2 [3] 
false 
[OPERATION Mult] 
4 
[STORING] id 118 name [ a ] with TOKEN 1111111000000000000000001110110 ON 6 value [ 4 ] 

-------Buffer----------
[2, 2, 2, 2, 2, 4, 4, 4, 4, 4, 4, 4, 4, 4, 4, 4, 4, 4, 4, 4, 4, 4, 4, 4, 4, 4, 4, 4, 4, 4, 4, 4, 4, 4, 4, 4, 4, 4, 4, 4, 4, 4, 4, 4, 4, 4, 4, 4, 4, 4, 4, 4, 4, 4, 4, 4, 4, 4, 4, 4, 4, 4, 4, 4, 4, 4, 4, 4, 4, 4, 4, 4, 4, 4, 4, 4, 4, 4, 4, 4, 4, 4, 4, 4, 4, 4, 4, 4, 4, 4, 4, 4, 4, 4, 4, 4, 4, 4, 4, 4, 4, 4, 4, 4, 4, 4, 4, 4, 4, 4, 4, 4, 4, 4, 4, 4, 4, 4, 4]
----------------------------- 
-------cBUFFER---------
[0, 98, 0, 104, 105, 0, 97, 0]
-------------------------- 
[RETURN VALUE] [ 4 ] 
--------[EXEC CODE]:
[ a , EQUALS , 2 , MULT , 2 ]
-------------- 


--------------------------[NEW ITERATION]
[ a , EQUALS , 2 , MULT , 2 ] 

[DOING] OPERator at INDEX: 1 <<PRIORITY>> 2 

[TRYING SETTING] [ a ] WITH [ 2 , MULT , 2 ] 


--------------------------[NEW ITERATION]
[ a ] 

[DOING] OPERator at INDEX: -1 <<PRIORITY>> 100 
[ a ] 
6 [3] 
false 


--------------------------[NEW ITERATION]
[ 2 , MULT , 2 ] 

[DOING] OPERator at INDEX: 1 <<PRIORITY>> 14 
 
[TRYING MULTIPLICATE] [ 2 ] WITH [ 2 ] 


--------------------------[NEW ITERATION]
[ 2 ] 

[DOING] OPERator at INDEX: -1 <<PRIORITY>> 100 
[ 2 ] 
3 [3] 
true 
[EXECUTING  METHODE<<2>>]
 
[ a , EQUALS , 2 , MULT , 2 , ; , a , EQUALS , 2 , MULT , 2 , ; ]---------NEW LINE---------
[ a , EQUALS , 2 , MULT , 2 ]
-------------------- 
---------NEW LINE---------
[ a , EQUALS , 2 , MULT , 2 ]
-------------------- 
--------[EXEC CODE]:
[ a , EQUALS , 2 , MULT , 2 ]
-------------- 


--------------------------[NEW ITERATION]
[ a , EQUALS , 2 , MULT , 2 ] 

[DOING] OPERator at INDEX: 1 <<PRIORITY>> 2 

[TRYING SETTING] [ a ] WITH [ 2 , MULT , 2 ] 


--------------------------[NEW ITERATION]
[ a ] 

[DOING] OPERator at INDEX: -1 <<PRIORITY>> 100 
[ a ] 
6 [3] 
false 


--------------------------[NEW ITERATION]
[ 2 , MULT , 2 ] 

[DOING] OPERator at INDEX: 1 <<PRIORITY>> 14 
 
[TRYING MULTIPLICATE] [ 2 ] WITH [ 2 ] 


--------------------------[NEW ITERATION]
[ 2 ] 

[DOING] OPERator at INDEX: -1 <<PRIORITY>> 100 
[ 2 ] 
1 [3] 
false 


--------------------------[NEW ITERATION]
[ 2 ] 

[DOING] OPERator at INDEX: -1 <<PRIORITY>> 100 
[ 2 ] 
2 [3] 
false 
[OPERATION Mult] 
4 
[STORING] id 119 name [ a ] with TOKEN 1111111000000000000000001110111 ON 6 value [ 4 ] 

-------Buffer----------
[2, 2, 2, 2, 2, 4, 4, 4, 4, 4, 4, 4, 4, 4, 4, 4, 4, 4, 4, 4, 4, 4, 4, 4, 4, 4, 4, 4, 4, 4, 4, 4, 4, 4, 4, 4, 4, 4, 4, 4, 4, 4, 4, 4, 4, 4, 4, 4, 4, 4, 4, 4, 4, 4, 4, 4, 4, 4, 4, 4, 4, 4, 4, 4, 4, 4, 4, 4, 4, 4, 4, 4, 4, 4, 4, 4, 4, 4, 4, 4, 4, 4, 4, 4, 4, 4, 4, 4, 4, 4, 4, 4, 4, 4, 4, 4, 4, 4, 4, 4, 4, 4, 4, 4, 4, 4, 4, 4, 4, 4, 4, 4, 4, 4, 4, 4, 4, 4, 4, 4]
----------------------------- 
-------cBUFFER---------
[0, 98, 0, 104, 105, 0, 97, 0]
-------------------------- 
[RETURN VALUE] [ 4 ] 
--------[EXEC CODE]:
[ a , EQUALS , 2 , MULT , 2 ]
-------------- 


--------------------------[NEW ITERATION]
[ a , EQUALS , 2 , MULT , 2 ] 

[DOING] OPERator at INDEX: 1 <<PRIORITY>> 2 

[TRYING SETTING] [ a ] WITH [ 2 , MULT , 2 ] 


--------------------------[NEW ITERATION]
[ a ] 

[DOING] OPERator at INDEX: -1 <<PRIORITY>> 100 
[ a ] 
6 [3] 
false 


--------------------------[NEW ITERATION]
[ 2 , MULT , 2 ] 

[DOING] OPERator at INDEX: 1 <<PRIORITY>> 14 
 
[TRYING MULTIPLICATE] [ 2 ] WITH [ 2 ] 


--------------------------[NEW ITERATION]
[ 2 ] 

[DOING] OPERator at INDEX: -1 <<PRIORITY>> 100 
[ 2 ] 
3 [3] 
true 
[EXECUTING  METHODE<<2>>]
 
[ a , EQUALS , 2 , MULT , 2 , ; , a , EQUALS , 2 , MULT , 2 , ; ]---------NEW LINE---------
[ a , EQUALS , 2 , MULT , 2 ]
-------------------- 
---------NEW LINE---------
[ a , EQUALS , 2 , MULT , 2 ]
-------------------- 
--------[EXEC CODE]:
[ a , EQUALS , 2 , MULT , 2 ]
-------------- 


--------------------------[NEW ITERATION]
[ a , EQUALS , 2 , MULT , 2 ] 

[DOING] OPERator at INDEX: 1 <<PRIORITY>> 2 

[TRYING SETTING] [ a ] WITH [ 2 , MULT , 2 ] 


--------------------------[NEW ITERATION]
[ a ] 

[DOING] OPERator at INDEX: -1 <<PRIORITY>> 100 
[ a ] 
6 [3] 
false 


--------------------------[NEW ITERATION]
[ 2 , MULT , 2 ] 

[DOING] OPERator at INDEX: 1 <<PRIORITY>> 14 
 
[TRYING MULTIPLICATE] [ 2 ] WITH [ 2 ] 


--------------------------[NEW ITERATION]
[ 2 ] 

[DOING] OPERator at INDEX: -1 <<PRIORITY>> 100 
[ 2 ] 
1 [3] 
false 


--------------------------[NEW ITERATION]
[ 2 ] 

[DOING] OPERator at INDEX: -1 <<PRIORITY>> 100 
[ 2 ] 
2 [3] 
false 
[OPERATION Mult] 
4 
[STORING] id 120 name [ a ] with TOKEN 1111111000000000000000001111000 ON 6 value [ 4 ] 

-------Buffer----------
[2, 2, 2, 2, 2, 4, 4, 4, 4, 4, 4, 4, 4, 4, 4, 4, 4, 4, 4, 4, 4, 4, 4, 4, 4, 4, 4, 4, 4, 4, 4, 4, 4, 4, 4, 4, 4, 4, 4, 4, 4, 4, 4, 4, 4, 4, 4, 4, 4, 4, 4, 4, 4, 4, 4, 4, 4, 4, 4, 4, 4, 4, 4, 4, 4, 4, 4, 4, 4, 4, 4, 4, 4, 4, 4, 4, 4, 4, 4, 4, 4, 4, 4, 4, 4, 4, 4, 4, 4, 4, 4, 4, 4, 4, 4, 4, 4, 4, 4, 4, 4, 4, 4, 4, 4, 4, 4, 4, 4, 4, 4, 4, 4, 4, 4, 4, 4, 4, 4, 4, 4]
----------------------------- 
-------cBUFFER---------
[0, 98, 0, 104, 105, 0, 97, 0]
-------------------------- 
[RETURN VALUE] [ 4 ] 
--------[EXEC CODE]:
[ a , EQUALS , 2 , MULT , 2 ]
-------------- 


--------------------------[NEW ITERATION]
[ a , EQUALS , 2 , MULT , 2 ] 

[DOING] OPERator at INDEX: 1 <<PRIORITY>> 2 

[TRYING SETTING] [ a ] WITH [ 2 , MULT , 2 ] 


--------------------------[NEW ITERATION]
[ a ] 

[DOING] OPERator at INDEX: -1 <<PRIORITY>> 100 
[ a ] 
6 [3] 
false 


--------------------------[NEW ITERATION]
[ 2 , MULT , 2 ] 

[DOING] OPERator at INDEX: 1 <<PRIORITY>> 14 
 
[TRYING MULTIPLICATE] [ 2 ] WITH [ 2 ] 


--------------------------[NEW ITERATION]
[ 2 ] 

[DOING] OPERator at INDEX: -1 <<PRIORITY>> 100 
[ 2 ] 
3 [3] 
true 
[EXECUTING  METHODE<<2>>]
 
[ a , EQUALS , 2 , MULT , 2 , ; , a , EQUALS , 2 , MULT , 2 , ; ]---------NEW LINE---------
[ a , EQUALS , 2 , MULT , 2 ]
-------------------- 
---------NEW LINE---------
[ a , EQUALS , 2 , MULT , 2 ]
-------------------- 
--------[EXEC CODE]:
[ a , EQUALS , 2 , MULT , 2 ]
-------------- 


--------------------------[NEW ITERATION]
[ a , EQUALS , 2 , MULT , 2 ] 

[DOING] OPERator at INDEX: 1 <<PRIORITY>> 2 

[TRYING SETTING] [ a ] WITH [ 2 , MULT , 2 ] 


--------------------------[NEW ITERATION]
[ a ] 

[DOING] OPERator at INDEX: -1 <<PRIORITY>> 100 
[ a ] 
6 [3] 
false 


--------------------------[NEW ITERATION]
[ 2 , MULT , 2 ] 

[DOING] OPERator at INDEX: 1 <<PRIORITY>> 14 
 
[TRYING MULTIPLICATE] [ 2 ] WITH [ 2 ] 


--------------------------[NEW ITERATION]
[ 2 ] 

[DOING] OPERator at INDEX: -1 <<PRIORITY>> 100 
[ 2 ] 
1 [3] 
false 


--------------------------[NEW ITERATION]
[ 2 ] 

[DOING] OPERator at INDEX: -1 <<PRIORITY>> 100 
[ 2 ] 
2 [3] 
false 
[OPERATION Mult] 
4 
[STORING] id 121 name [ a ] with TOKEN 1111111000000000000000001111001 ON 6 value [ 4 ] 

-------Buffer----------
[2, 2, 2, 2, 2, 4, 4, 4, 4, 4, 4, 4, 4, 4, 4, 4, 4, 4, 4, 4, 4, 4, 4, 4, 4, 4, 4, 4, 4, 4, 4, 4, 4, 4, 4, 4, 4, 4, 4, 4, 4, 4, 4, 4, 4, 4, 4, 4, 4, 4, 4, 4, 4, 4, 4, 4, 4, 4, 4, 4, 4, 4, 4, 4, 4, 4, 4, 4, 4, 4, 4, 4, 4, 4, 4, 4, 4, 4, 4, 4, 4, 4, 4, 4, 4, 4, 4, 4, 4, 4, 4, 4, 4, 4, 4, 4, 4, 4, 4, 4, 4, 4, 4, 4, 4, 4, 4, 4, 4, 4, 4, 4, 4, 4, 4, 4, 4, 4, 4, 4, 4, 4]
----------------------------- 
-------cBUFFER---------
[0, 98, 0, 104, 105, 0, 97, 0]
-------------------------- 
[RETURN VALUE] [ 4 ] 
--------[EXEC CODE]:
[ a , EQUALS , 2 , MULT , 2 ]
-------------- 


--------------------------[NEW ITERATION]
[ a , EQUALS , 2 , MULT , 2 ] 

[DOING] OPERator at INDEX: 1 <<PRIORITY>> 2 

[TRYING SETTING] [ a ] WITH [ 2 , MULT , 2 ] 


--------------------------[NEW ITERATION]
[ a ] 

[DOING] OPERator at INDEX: -1 <<PRIORITY>> 100 
[ a ] 
6 [3] 
false 


--------------------------[NEW ITERATION]
[ 2 , MULT , 2 ] 

[DOING] OPERator at INDEX: 1 <<PRIORITY>> 14 
 
[TRYING MULTIPLICATE] [ 2 ] WITH [ 2 ] 


--------------------------[NEW ITERATION]
[ 2 ] 

[DOING] OPERator at INDEX: -1 <<PRIORITY>> 100 
[ 2 ] 
3 [3] 
true 
[EXECUTING  METHODE<<2>>]
 
[ a , EQUALS , 2 , MULT , 2 , ; , a , EQUALS , 2 , MULT , 2 , ; ]---------NEW LINE---------
[ a , EQUALS , 2 , MULT , 2 ]
-------------------- 
---------NEW LINE---------
[ a , EQUALS , 2 , MULT , 2 ]
-------------------- 
--------[EXEC CODE]:
[ a , EQUALS , 2 , MULT , 2 ]
-------------- 


--------------------------[NEW ITERATION]
[ a , EQUALS , 2 , MULT , 2 ] 

[DOING] OPERator at INDEX: 1 <<PRIORITY>> 2 

[TRYING SETTING] [ a ] WITH [ 2 , MULT , 2 ] 


--------------------------[NEW ITERATION]
[ a ] 

[DOING] OPERator at INDEX: -1 <<PRIORITY>> 100 
[ a ] 
6 [3] 
false 


--------------------------[NEW ITERATION]
[ 2 , MULT , 2 ] 

[DOING] OPERator at INDEX: 1 <<PRIORITY>> 14 
 
[TRYING MULTIPLICATE] [ 2 ] WITH [ 2 ] 


--------------------------[NEW ITERATION]
[ 2 ] 

[DOING] OPERator at INDEX: -1 <<PRIORITY>> 100 
[ 2 ] 
1 [3] 
false 


--------------------------[NEW ITERATION]
[ 2 ] 

[DOING] OPERator at INDEX: -1 <<PRIORITY>> 100 
[ 2 ] 
2 [3] 
false 
[OPERATION Mult] 
4 
[STORING] id 122 name [ a ] with TOKEN 1111111000000000000000001111010 ON 6 value [ 4 ] 

-------Buffer----------
[2, 2, 2, 2, 2, 4, 4, 4, 4, 4, 4, 4, 4, 4, 4, 4, 4, 4, 4, 4, 4, 4, 4, 4, 4, 4, 4, 4, 4, 4, 4, 4, 4, 4, 4, 4, 4, 4, 4, 4, 4, 4, 4, 4, 4, 4, 4, 4, 4, 4, 4, 4, 4, 4, 4, 4, 4, 4, 4, 4, 4, 4, 4, 4, 4, 4, 4, 4, 4, 4, 4, 4, 4, 4, 4, 4, 4, 4, 4, 4, 4, 4, 4, 4, 4, 4, 4, 4, 4, 4, 4, 4, 4, 4, 4, 4, 4, 4, 4, 4, 4, 4, 4, 4, 4, 4, 4, 4, 4, 4, 4, 4, 4, 4, 4, 4, 4, 4, 4, 4, 4, 4, 4]
----------------------------- 
-------cBUFFER---------
[0, 98, 0, 104, 105, 0, 97, 0]
-------------------------- 
[RETURN VALUE] [ 4 ] 
--------[EXEC CODE]:
[ a , EQUALS , 2 , MULT , 2 ]
-------------- 


--------------------------[NEW ITERATION]
[ a , EQUALS , 2 , MULT , 2 ] 

[DOING] OPERator at INDEX: 1 <<PRIORITY>> 2 

[TRYING SETTING] [ a ] WITH [ 2 , MULT , 2 ] 


--------------------------[NEW ITERATION]
[ a ] 

[DOING] OPERator at INDEX: -1 <<PRIORITY>> 100 
[ a ] 
6 [3] 
false 


--------------------------[NEW ITERATION]
[ 2 , MULT , 2 ] 

[DOING] OPERator at INDEX: 1 <<PRIORITY>> 14 
 
[TRYING MULTIPLICATE] [ 2 ] WITH [ 2 ] 


--------------------------[NEW ITERATION]
[ 2 ] 

[DOING] OPERator at INDEX: -1 <<PRIORITY>> 100 
[ 2 ] 
3 [3] 
true 
[EXECUTING  METHODE<<2>>]
 
[ a , EQUALS , 2 , MULT , 2 , ; , a , EQUALS , 2 , MULT , 2 , ; ]---------NEW LINE---------
[ a , EQUALS , 2 , MULT , 2 ]
-------------------- 
---------NEW LINE---------
[ a , EQUALS , 2 , MULT , 2 ]
-------------------- 
--------[EXEC CODE]:
[ a , EQUALS , 2 , MULT , 2 ]
-------------- 


--------------------------[NEW ITERATION]
[ a , EQUALS , 2 , MULT , 2 ] 

[DOING] OPERator at INDEX: 1 <<PRIORITY>> 2 

[TRYING SETTING] [ a ] WITH [ 2 , MULT , 2 ] 


--------------------------[NEW ITERATION]
[ a ] 

[DOING] OPERator at INDEX: -1 <<PRIORITY>> 100 
[ a ] 
6 [3] 
false 


--------------------------[NEW ITERATION]
[ 2 , MULT , 2 ] 

[DOING] OPERator at INDEX: 1 <<PRIORITY>> 14 
 
[TRYING MULTIPLICATE] [ 2 ] WITH [ 2 ] 


--------------------------[NEW ITERATION]
[ 2 ] 

[DOING] OPERator at INDEX: -1 <<PRIORITY>> 100 
[ 2 ] 
1 [3] 
false 


--------------------------[NEW ITERATION]
[ 2 ] 

[DOING] OPERator at INDEX: -1 <<PRIORITY>> 100 
[ 2 ] 
2 [3] 
false 
[OPERATION Mult] 
4 
[STORING] id 123 name [ a ] with TOKEN 1111111000000000000000001111011 ON 6 value [ 4 ] 

-------Buffer----------
[2, 2, 2, 2, 2, 4, 4, 4, 4, 4, 4, 4, 4, 4, 4, 4, 4, 4, 4, 4, 4, 4, 4, 4, 4, 4, 4, 4, 4, 4, 4, 4, 4, 4, 4, 4, 4, 4, 4, 4, 4, 4, 4, 4, 4, 4, 4, 4, 4, 4, 4, 4, 4, 4, 4, 4, 4, 4, 4, 4, 4, 4, 4, 4, 4, 4, 4, 4, 4, 4, 4, 4, 4, 4, 4, 4, 4, 4, 4, 4, 4, 4, 4, 4, 4, 4, 4, 4, 4, 4, 4, 4, 4, 4, 4, 4, 4, 4, 4, 4, 4, 4, 4, 4, 4, 4, 4, 4, 4, 4, 4, 4, 4, 4, 4, 4, 4, 4, 4, 4, 4, 4, 4, 4]
----------------------------- 
-------cBUFFER---------
[0, 98, 0, 104, 105, 0, 97, 0]
-------------------------- 
[RETURN VALUE] [ 4 ] 
--------[EXEC CODE]:
[ a , EQUALS , 2 , MULT , 2 ]
-------------- 


--------------------------[NEW ITERATION]
[ a , EQUALS , 2 , MULT , 2 ] 

[DOING] OPERator at INDEX: 1 <<PRIORITY>> 2 

[TRYING SETTING] [ a ] WITH [ 2 , MULT , 2 ] 


--------------------------[NEW ITERATION]
[ a ] 

[DOING] OPERator at INDEX: -1 <<PRIORITY>> 100 
[ a ] 
6 [3] 
false 


--------------------------[NEW ITERATION]
[ 2 , MULT , 2 ] 

[DOING] OPERator at INDEX: 1 <<PRIORITY>> 14 
 
[TRYING MULTIPLICATE] [ 2 ] WITH [ 2 ] 


--------------------------[NEW ITERATION]
[ 2 ] 

[DOING] OPERator at INDEX: -1 <<PRIORITY>> 100 
[ 2 ] 
3 [3] 
true 
[EXECUTING  METHODE<<2>>]
 
[ a , EQUALS , 2 , MULT , 2 , ; , a , EQUALS , 2 , MULT , 2 , ; ]---------NEW LINE---------
[ a , EQUALS , 2 , MULT , 2 ]
-------------------- 
---------NEW LINE---------
[ a , EQUALS , 2 , MULT , 2 ]
-------------------- 
--------[EXEC CODE]:
[ a , EQUALS , 2 , MULT , 2 ]
-------------- 


--------------------------[NEW ITERATION]
[ a , EQUALS , 2 , MULT , 2 ] 

[DOING] OPERator at INDEX: 1 <<PRIORITY>> 2 

[TRYING SETTING] [ a ] WITH [ 2 , MULT , 2 ] 


--------------------------[NEW ITERATION]
[ a ] 

[DOING] OPERator at INDEX: -1 <<PRIORITY>> 100 
[ a ] 
6 [3] 
false 


--------------------------[NEW ITERATION]
[ 2 , MULT , 2 ] 

[DOING] OPERator at INDEX: 1 <<PRIORITY>> 14 
 
[TRYING MULTIPLICATE] [ 2 ] WITH [ 2 ] 


--------------------------[NEW ITERATION]
[ 2 ] 

[DOING] OPERator at INDEX: -1 <<PRIORITY>> 100 
[ 2 ] 
1 [3] 
false 


--------------------------[NEW ITERATION]
[ 2 ] 

[DOING] OPERator at INDEX: -1 <<PRIORITY>> 100 
[ 2 ] 
2 [3] 
false 
[OPERATION Mult] 
4 
[STORING] id 124 name [ a ] with TOKEN 1111111000000000000000001111100 ON 6 value [ 4 ] 

-------Buffer----------
[2, 2, 2, 2, 2, 4, 4, 4, 4, 4, 4, 4, 4, 4, 4, 4, 4, 4, 4, 4, 4, 4, 4, 4, 4, 4, 4, 4, 4, 4, 4, 4, 4, 4, 4, 4, 4, 4, 4, 4, 4, 4, 4, 4, 4, 4, 4, 4, 4, 4, 4, 4, 4, 4, 4, 4, 4, 4, 4, 4, 4, 4, 4, 4, 4, 4, 4, 4, 4, 4, 4, 4, 4, 4, 4, 4, 4, 4, 4, 4, 4, 4, 4, 4, 4, 4, 4, 4, 4, 4, 4, 4, 4, 4, 4, 4, 4, 4, 4, 4, 4, 4, 4, 4, 4, 4, 4, 4, 4, 4, 4, 4, 4, 4, 4, 4, 4, 4, 4, 4, 4, 4, 4, 4, 4]
----------------------------- 
-------cBUFFER---------
[0, 98, 0, 104, 105, 0, 97, 0]
-------------------------- 
[RETURN VALUE] [ 4 ] 
--------[EXEC CODE]:
[ a , EQUALS , 2 , MULT , 2 ]
-------------- 


--------------------------[NEW ITERATION]
[ a , EQUALS , 2 , MULT , 2 ] 

[DOING] OPERator at INDEX: 1 <<PRIORITY>> 2 

[TRYING SETTING] [ a ] WITH [ 2 , MULT , 2 ] 


--------------------------[NEW ITERATION]
[ a ] 

[DOING] OPERator at INDEX: -1 <<PRIORITY>> 100 
[ a ] 
6 [3] 
false 


--------------------------[NEW ITERATION]
[ 2 , MULT , 2 ] 

[DOING] OPERator at INDEX: 1 <<PRIORITY>> 14 
 
[TRYING MULTIPLICATE] [ 2 ] WITH [ 2 ] 


--------------------------[NEW ITERATION]
[ 2 ] 

[DOING] OPERator at INDEX: -1 <<PRIORITY>> 100 
[ 2 ] 
3 [3] 
true 
[EXECUTING  METHODE<<2>>]
 
[ a , EQUALS , 2 , MULT , 2 , ; , a , EQUALS , 2 , MULT , 2 , ; ]---------NEW LINE---------
[ a , EQUALS , 2 , MULT , 2 ]
-------------------- 
---------NEW LINE---------
[ a , EQUALS , 2 , MULT , 2 ]
-------------------- 
--------[EXEC CODE]:
[ a , EQUALS , 2 , MULT , 2 ]
-------------- 


--------------------------[NEW ITERATION]
[ a , EQUALS , 2 , MULT , 2 ] 

[DOING] OPERator at INDEX: 1 <<PRIORITY>> 2 

[TRYING SETTING] [ a ] WITH [ 2 , MULT , 2 ] 


--------------------------[NEW ITERATION]
[ a ] 

[DOING] OPERator at INDEX: -1 <<PRIORITY>> 100 
[ a ] 
6 [3] 
false 


--------------------------[NEW ITERATION]
[ 2 , MULT , 2 ] 

[DOING] OPERator at INDEX: 1 <<PRIORITY>> 14 
 
[TRYING MULTIPLICATE] [ 2 ] WITH [ 2 ] 


--------------------------[NEW ITERATION]
[ 2 ] 

[DOING] OPERator at INDEX: -1 <<PRIORITY>> 100 
[ 2 ] 
1 [3] 
false 


--------------------------[NEW ITERATION]
[ 2 ] 

[DOING] OPERator at INDEX: -1 <<PRIORITY>> 100 
[ 2 ] 
2 [3] 
false 
[OPERATION Mult] 
4 
[STORING] id 125 name [ a ] with TOKEN 1111111000000000000000001111101 ON 6 value [ 4 ] 

-------Buffer----------
[2, 2, 2, 2, 2, 4, 4, 4, 4, 4, 4, 4, 4, 4, 4, 4, 4, 4, 4, 4, 4, 4, 4, 4, 4, 4, 4, 4, 4, 4, 4, 4, 4, 4, 4, 4, 4, 4, 4, 4, 4, 4, 4, 4, 4, 4, 4, 4, 4, 4, 4, 4, 4, 4, 4, 4, 4, 4, 4, 4, 4, 4, 4, 4, 4, 4, 4, 4, 4, 4, 4, 4, 4, 4, 4, 4, 4, 4, 4, 4, 4, 4, 4, 4, 4, 4, 4, 4, 4, 4, 4, 4, 4, 4, 4, 4, 4, 4, 4, 4, 4, 4, 4, 4, 4, 4, 4, 4, 4, 4, 4, 4, 4, 4, 4, 4, 4, 4, 4, 4, 4, 4, 4, 4, 4, 4]
----------------------------- 
-------cBUFFER---------
[0, 98, 0, 104, 105, 0, 97, 0]
-------------------------- 
[RETURN VALUE] [ 4 ] 
--------[EXEC CODE]:
[ a , EQUALS , 2 , MULT , 2 ]
-------------- 


--------------------------[NEW ITERATION]
[ a , EQUALS , 2 , MULT , 2 ] 

[DOING] OPERator at INDEX: 1 <<PRIORITY>> 2 

[TRYING SETTING] [ a ] WITH [ 2 , MULT , 2 ] 


--------------------------[NEW ITERATION]
[ a ] 

[DOING] OPERator at INDEX: -1 <<PRIORITY>> 100 
[ a ] 
6 [3] 
false 


--------------------------[NEW ITERATION]
[ 2 , MULT , 2 ] 

[DOING] OPERator at INDEX: 1 <<PRIORITY>> 14 
 
[TRYING MULTIPLICATE] [ 2 ] WITH [ 2 ] 


--------------------------[NEW ITERATION]
[ 2 ] 

[DOING] OPERator at INDEX: -1 <<PRIORITY>> 100 
[ 2 ] 
3 [3] 
true 
[EXECUTING  METHODE<<2>>]
 
[ a , EQUALS , 2 , MULT , 2 , ; , a , EQUALS , 2 , MULT , 2 , ; ]---------NEW LINE---------
[ a , EQUALS , 2 , MULT , 2 ]
-------------------- 
---------NEW LINE---------
[ a , EQUALS , 2 , MULT , 2 ]
-------------------- 
--------[EXEC CODE]:
[ a , EQUALS , 2 , MULT , 2 ]
-------------- 


--------------------------[NEW ITERATION]
[ a , EQUALS , 2 , MULT , 2 ] 

[DOING] OPERator at INDEX: 1 <<PRIORITY>> 2 

[TRYING SETTING] [ a ] WITH [ 2 , MULT , 2 ] 


--------------------------[NEW ITERATION]
[ a ] 

[DOING] OPERator at INDEX: -1 <<PRIORITY>> 100 
[ a ] 
6 [3] 
false 


--------------------------[NEW ITERATION]
[ 2 , MULT , 2 ] 

[DOING] OPERator at INDEX: 1 <<PRIORITY>> 14 
 
[TRYING MULTIPLICATE] [ 2 ] WITH [ 2 ] 


--------------------------[NEW ITERATION]
[ 2 ] 

[DOING] OPERator at INDEX: -1 <<PRIORITY>> 100 
[ 2 ] 
1 [3] 
false 


--------------------------[NEW ITERATION]
[ 2 ] 

[DOING] OPERator at INDEX: -1 <<PRIORITY>> 100 
[ 2 ] 
2 [3] 
false 
[OPERATION Mult] 
4 
[STORING] id 126 name [ a ] with TOKEN 1111111000000000000000001111110 ON 6 value [ 4 ] 

-------Buffer----------
[2, 2, 2, 2, 2, 4, 4, 4, 4, 4, 4, 4, 4, 4, 4, 4, 4, 4, 4, 4, 4, 4, 4, 4, 4, 4, 4, 4, 4, 4, 4, 4, 4, 4, 4, 4, 4, 4, 4, 4, 4, 4, 4, 4, 4, 4, 4, 4, 4, 4, 4, 4, 4, 4, 4, 4, 4, 4, 4, 4, 4, 4, 4, 4, 4, 4, 4, 4, 4, 4, 4, 4, 4, 4, 4, 4, 4, 4, 4, 4, 4, 4, 4, 4, 4, 4, 4, 4, 4, 4, 4, 4, 4, 4, 4, 4, 4, 4, 4, 4, 4, 4, 4, 4, 4, 4, 4, 4, 4, 4, 4, 4, 4, 4, 4, 4, 4, 4, 4, 4, 4, 4, 4, 4, 4, 4, 4]
----------------------------- 
-------cBUFFER---------
[0, 98, 0, 104, 105, 0, 97, 0]
-------------------------- 
[RETURN VALUE] [ 4 ] 
--------[EXEC CODE]:
[ a , EQUALS , 2 , MULT , 2 ]
-------------- 


--------------------------[NEW ITERATION]
[ a , EQUALS , 2 , MULT , 2 ] 

[DOING] OPERator at INDEX: 1 <<PRIORITY>> 2 

[TRYING SETTING] [ a ] WITH [ 2 , MULT , 2 ] 


--------------------------[NEW ITERATION]
[ a ] 

[DOING] OPERator at INDEX: -1 <<PRIORITY>> 100 
[ a ] 
6 [3] 
false 


--------------------------[NEW ITERATION]
[ 2 , MULT , 2 ] 

[DOING] OPERator at INDEX: 1 <<PRIORITY>> 14 
 
[TRYING MULTIPLICATE] [ 2 ] WITH [ 2 ] 


--------------------------[NEW ITERATION]
[ 2 ] 

[DOING] OPERator at INDEX: -1 <<PRIORITY>> 100 
[ 2 ] 
3 [3] 
true 
[EXECUTING  METHODE<<2>>]
 
[ a , EQUALS , 2 , MULT , 2 , ; , a , EQUALS , 2 , MULT , 2 , ; ]---------NEW LINE---------
[ a , EQUALS , 2 , MULT , 2 ]
-------------------- 
---------NEW LINE---------
[ a , EQUALS , 2 , MULT , 2 ]
-------------------- 
--------[EXEC CODE]:
[ a , EQUALS , 2 , MULT , 2 ]
-------------- 


--------------------------[NEW ITERATION]
[ a , EQUALS , 2 , MULT , 2 ] 

[DOING] OPERator at INDEX: 1 <<PRIORITY>> 2 

[TRYING SETTING] [ a ] WITH [ 2 , MULT , 2 ] 


--------------------------[NEW ITERATION]
[ a ] 

[DOING] OPERator at INDEX: -1 <<PRIORITY>> 100 
[ a ] 
6 [3] 
false 


--------------------------[NEW ITERATION]
[ 2 , MULT , 2 ] 

[DOING] OPERator at INDEX: 1 <<PRIORITY>> 14 
 
[TRYING MULTIPLICATE] [ 2 ] WITH [ 2 ] 


--------------------------[NEW ITERATION]
[ 2 ] 

[DOING] OPERator at INDEX: -1 <<PRIORITY>> 100 
[ 2 ] 
1 [3] 
false 


--------------------------[NEW ITERATION]
[ 2 ] 

[DOING] OPERator at INDEX: -1 <<PRIORITY>> 100 
[ 2 ] 
2 [3] 
false 
[OPERATION Mult] 
4 
[STORING] id 127 name [ a ] with TOKEN 1111111000000000000000001111111 ON 6 value [ 4 ] 

-------Buffer----------
[2, 2, 2, 2, 2, 4, 4, 4, 4, 4, 4, 4, 4, 4, 4, 4, 4, 4, 4, 4, 4, 4, 4, 4, 4, 4, 4, 4, 4, 4, 4, 4, 4, 4, 4, 4, 4, 4, 4, 4, 4, 4, 4, 4, 4, 4, 4, 4, 4, 4, 4, 4, 4, 4, 4, 4, 4, 4, 4, 4, 4, 4, 4, 4, 4, 4, 4, 4, 4, 4, 4, 4, 4, 4, 4, 4, 4, 4, 4, 4, 4, 4, 4, 4, 4, 4, 4, 4, 4, 4, 4, 4, 4, 4, 4, 4, 4, 4, 4, 4, 4, 4, 4, 4, 4, 4, 4, 4, 4, 4, 4, 4, 4, 4, 4, 4, 4, 4, 4, 4, 4, 4, 4, 4, 4, 4, 4, 4]
----------------------------- 
-------cBUFFER---------
[0, 98, 0, 104, 105, 0, 97, 0]
-------------------------- 
[RETURN VALUE] [ 4 ] 
--------[EXEC CODE]:
[ a , EQUALS , 2 , MULT , 2 ]
-------------- 


--------------------------[NEW ITERATION]
[ a , EQUALS , 2 , MULT , 2 ] 

[DOING] OPERator at INDEX: 1 <<PRIORITY>> 2 

[TRYING SETTING] [ a ] WITH [ 2 , MULT , 2 ] 


--------------------------[NEW ITERATION]
[ a ] 

[DOING] OPERator at INDEX: -1 <<PRIORITY>> 100 
[ a ] 
6 [3] 
false 


--------------------------[NEW ITERATION]
[ 2 , MULT , 2 ] 

[DOING] OPERator at INDEX: 1 <<PRIORITY>> 14 
 
[TRYING MULTIPLICATE] [ 2 ] WITH [ 2 ] 


--------------------------[NEW ITERATION]
[ 2 ] 

[DOING] OPERator at INDEX: -1 <<PRIORITY>> 100 
[ 2 ] 
3 [3] 
true 
[EXECUTING  METHODE<<2>>]
 
[ a , EQUALS , 2 , MULT , 2 , ; , a , EQUALS , 2 , MULT , 2 , ; ]---------NEW LINE---------
[ a , EQUALS , 2 , MULT , 2 ]
-------------------- 
---------NEW LINE---------
[ a , EQUALS , 2 , MULT , 2 ]
-------------------- 
--------[EXEC CODE]:
[ a , EQUALS , 2 , MULT , 2 ]
-------------- 


--------------------------[NEW ITERATION]
[ a , EQUALS , 2 , MULT , 2 ] 

[DOING] OPERator at INDEX: 1 <<PRIORITY>> 2 

[TRYING SETTING] [ a ] WITH [ 2 , MULT , 2 ] 


--------------------------[NEW ITERATION]
[ a ] 

[DOING] OPERator at INDEX: -1 <<PRIORITY>> 100 
[ a ] 
6 [3] 
false 


--------------------------[NEW ITERATION]
[ 2 , MULT , 2 ] 

[DOING] OPERator at INDEX: 1 <<PRIORITY>> 14 
 
[TRYING MULTIPLICATE] [ 2 ] WITH [ 2 ] 


--------------------------[NEW ITERATION]
[ 2 ] 

[DOING] OPERator at INDEX: -1 <<PRIORITY>> 100 
[ 2 ] 
1 [3] 
false 


--------------------------[NEW ITERATION]
[ 2 ] 

[DOING] OPERator at INDEX: -1 <<PRIORITY>> 100 
[ 2 ] 
2 [3] 
false 
[OPERATION Mult] 
4 
[STORING] id 128 name [ a ] with TOKEN 1111111000000000000000010000000 ON 6 value [ 4 ] 

-------Buffer----------
[2, 2, 2, 2, 2, 4, 4, 4, 4, 4, 4, 4, 4, 4, 4, 4, 4, 4, 4, 4, 4, 4, 4, 4, 4, 4, 4, 4, 4, 4, 4, 4, 4, 4, 4, 4, 4, 4, 4, 4, 4, 4, 4, 4, 4, 4, 4, 4, 4, 4, 4, 4, 4, 4, 4, 4, 4, 4, 4, 4, 4, 4, 4, 4, 4, 4, 4, 4, 4, 4, 4, 4, 4, 4, 4, 4, 4, 4, 4, 4, 4, 4, 4, 4, 4, 4, 4, 4, 4, 4, 4, 4, 4, 4, 4, 4, 4, 4, 4, 4, 4, 4, 4, 4, 4, 4, 4, 4, 4, 4, 4, 4, 4, 4, 4, 4, 4, 4, 4, 4, 4, 4, 4, 4, 4, 4, 4, 4, 4]
----------------------------- 
-------cBUFFER---------
[0, 98, 0, 104, 105, 0, 97, 0]
-------------------------- 
[RETURN VALUE] [ 4 ] 
--------[EXEC CODE]:
[ a , EQUALS , 2 , MULT , 2 ]
-------------- 


--------------------------[NEW ITERATION]
[ a , EQUALS , 2 , MULT , 2 ] 

[DOING] OPERator at INDEX: 1 <<PRIORITY>> 2 

[TRYING SETTING] [ a ] WITH [ 2 , MULT , 2 ] 


--------------------------[NEW ITERATION]
[ a ] 

[DOING] OPERator at INDEX: -1 <<PRIORITY>> 100 
[ a ] 
6 [3] 
false 


--------------------------[NEW ITERATION]
[ 2 , MULT , 2 ] 

[DOING] OPERator at INDEX: 1 <<PRIORITY>> 14 
 
[TRYING MULTIPLICATE] [ 2 ] WITH [ 2 ] 


--------------------------[NEW ITERATION]
[ 2 ] 

[DOING] OPERator at INDEX: -1 <<PRIORITY>> 100 
[ 2 ] 
3 [3] 
true 
[EXECUTING  METHODE<<2>>]
 
[ a , EQUALS , 2 , MULT , 2 , ; , a , EQUALS , 2 , MULT , 2 , ; ]---------NEW LINE---------
[ a , EQUALS , 2 , MULT , 2 ]
-------------------- 
---------NEW LINE---------
[ a , EQUALS , 2 , MULT , 2 ]
-------------------- 
--------[EXEC CODE]:
[ a , EQUALS , 2 , MULT , 2 ]
-------------- 


--------------------------[NEW ITERATION]
[ a , EQUALS , 2 , MULT , 2 ] 

[DOING] OPERator at INDEX: 1 <<PRIORITY>> 2 

[TRYING SETTING] [ a ] WITH [ 2 , MULT , 2 ] 


--------------------------[NEW ITERATION]
[ a ] 

[DOING] OPERator at INDEX: -1 <<PRIORITY>> 100 
[ a ] 
6 [3] 
false 


--------------------------[NEW ITERATION]
[ 2 , MULT , 2 ] 

[DOING] OPERator at INDEX: 1 <<PRIORITY>> 14 
 
[TRYING MULTIPLICATE] [ 2 ] WITH [ 2 ] 


--------------------------[NEW ITERATION]
[ 2 ] 

[DOING] OPERator at INDEX: -1 <<PRIORITY>> 100 
[ 2 ] 
1 [3] 
false 


--------------------------[NEW ITERATION]
[ 2 ] 

[DOING] OPERator at INDEX: -1 <<PRIORITY>> 100 
[ 2 ] 
2 [3] 
false 
[OPERATION Mult] 
4 
[STORING] id 129 name [ a ] with TOKEN 1111111000000000000000010000001 ON 6 value [ 4 ] 

-------Buffer----------
[2, 2, 2, 2, 2, 4, 4, 4, 4, 4, 4, 4, 4, 4, 4, 4, 4, 4, 4, 4, 4, 4, 4, 4, 4, 4, 4, 4, 4, 4, 4, 4, 4, 4, 4, 4, 4, 4, 4, 4, 4, 4, 4, 4, 4, 4, 4, 4, 4, 4, 4, 4, 4, 4, 4, 4, 4, 4, 4, 4, 4, 4, 4, 4, 4, 4, 4, 4, 4, 4, 4, 4, 4, 4, 4, 4, 4, 4, 4, 4, 4, 4, 4, 4, 4, 4, 4, 4, 4, 4, 4, 4, 4, 4, 4, 4, 4, 4, 4, 4, 4, 4, 4, 4, 4, 4, 4, 4, 4, 4, 4, 4, 4, 4, 4, 4, 4, 4, 4, 4, 4, 4, 4, 4, 4, 4, 4, 4, 4, 4]
----------------------------- 
-------cBUFFER---------
[0, 98, 0, 104, 105, 0, 97, 0]
-------------------------- 
[RETURN VALUE] [ 4 ] 
--------[EXEC CODE]:
[ a , EQUALS , 2 , MULT , 2 ]
-------------- 


--------------------------[NEW ITERATION]
[ a , EQUALS , 2 , MULT , 2 ] 

[DOING] OPERator at INDEX: 1 <<PRIORITY>> 2 

[TRYING SETTING] [ a ] WITH [ 2 , MULT , 2 ] 


--------------------------[NEW ITERATION]
[ a ] 

[DOING] OPERator at INDEX: -1 <<PRIORITY>> 100 
[ a ] 
6 [3] 
false 


--------------------------[NEW ITERATION]
[ 2 , MULT , 2 ] 

[DOING] OPERator at INDEX: 1 <<PRIORITY>> 14 
 
[TRYING MULTIPLICATE] [ 2 ] WITH [ 2 ] 


--------------------------[NEW ITERATION]
[ 2 ] 

[DOING] OPERator at INDEX: -1 <<PRIORITY>> 100 
[ 2 ] 
3 [3] 
true 
[EXECUTING  METHODE<<2>>]
 
[ a , EQUALS , 2 , MULT , 2 , ; , a , EQUALS , 2 , MULT , 2 , ; ]---------NEW LINE---------
[ a , EQUALS , 2 , MULT , 2 ]
-------------------- 
---------NEW LINE---------
[ a , EQUALS , 2 , MULT , 2 ]
-------------------- 
--------[EXEC CODE]:
[ a , EQUALS , 2 , MULT , 2 ]
-------------- 


--------------------------[NEW ITERATION]
[ a , EQUALS , 2 , MULT , 2 ] 

[DOING] OPERator at INDEX: 1 <<PRIORITY>> 2 

[TRYING SETTING] [ a ] WITH [ 2 , MULT , 2 ] 


--------------------------[NEW ITERATION]
[ a ] 

[DOING] OPERator at INDEX: -1 <<PRIORITY>> 100 
[ a ] 
6 [3] 
false 


--------------------------[NEW ITERATION]
[ 2 , MULT , 2 ] 

[DOING] OPERator at INDEX: 1 <<PRIORITY>> 14 
 
[TRYING MULTIPLICATE] [ 2 ] WITH [ 2 ] 


--------------------------[NEW ITERATION]
[ 2 ] 

[DOING] OPERator at INDEX: -1 <<PRIORITY>> 100 
[ 2 ] 
1 [3] 
false 


--------------------------[NEW ITERATION]
[ 2 ] 

[DOING] OPERator at INDEX: -1 <<PRIORITY>> 100 
[ 2 ] 
2 [3] 
false 
[OPERATION Mult] 
4 
[STORING] id 130 name [ a ] with TOKEN 1111111000000000000000010000010 ON 6 value [ 4 ] 

-------Buffer----------
[2, 2, 2, 2, 2, 4, 4, 4, 4, 4, 4, 4, 4, 4, 4, 4, 4, 4, 4, 4, 4, 4, 4, 4, 4, 4, 4, 4, 4, 4, 4, 4, 4, 4, 4, 4, 4, 4, 4, 4, 4, 4, 4, 4, 4, 4, 4, 4, 4, 4, 4, 4, 4, 4, 4, 4, 4, 4, 4, 4, 4, 4, 4, 4, 4, 4, 4, 4, 4, 4, 4, 4, 4, 4, 4, 4, 4, 4, 4, 4, 4, 4, 4, 4, 4, 4, 4, 4, 4, 4, 4, 4, 4, 4, 4, 4, 4, 4, 4, 4, 4, 4, 4, 4, 4, 4, 4, 4, 4, 4, 4, 4, 4, 4, 4, 4, 4, 4, 4, 4, 4, 4, 4, 4, 4, 4, 4, 4, 4, 4, 4]
----------------------------- 
-------cBUFFER---------
[0, 98, 0, 104, 105, 0, 97, 0]
-------------------------- 
[RETURN VALUE] [ 4 ] 
--------[EXEC CODE]:
[ a , EQUALS , 2 , MULT , 2 ]
-------------- 


--------------------------[NEW ITERATION]
[ a , EQUALS , 2 , MULT , 2 ] 

[DOING] OPERator at INDEX: 1 <<PRIORITY>> 2 

[TRYING SETTING] [ a ] WITH [ 2 , MULT , 2 ] 


--------------------------[NEW ITERATION]
[ a ] 

[DOING] OPERator at INDEX: -1 <<PRIORITY>> 100 
[ a ] 
6 [3] 
false 


--------------------------[NEW ITERATION]
[ 2 , MULT , 2 ] 

[DOING] OPERator at INDEX: 1 <<PRIORITY>> 14 
 
[TRYING MULTIPLICATE] [ 2 ] WITH [ 2 ] 


--------------------------[NEW ITERATION]
[ 2 ] 

[DOING] OPERator at INDEX: -1 <<PRIORITY>> 100 
[ 2 ] 
3 [3] 
true 
[EXECUTING  METHODE<<2>>]
 
[ a , EQUALS , 2 , MULT , 2 , ; , a , EQUALS , 2 , MULT , 2 , ; ]---------NEW LINE---------
[ a , EQUALS , 2 , MULT , 2 ]
-------------------- 
---------NEW LINE---------
[ a , EQUALS , 2 , MULT , 2 ]
-------------------- 
--------[EXEC CODE]:
[ a , EQUALS , 2 , MULT , 2 ]
-------------- 


--------------------------[NEW ITERATION]
[ a , EQUALS , 2 , MULT , 2 ] 

[DOING] OPERator at INDEX: 1 <<PRIORITY>> 2 

[TRYING SETTING] [ a ] WITH [ 2 , MULT , 2 ] 


--------------------------[NEW ITERATION]
[ a ] 

[DOING] OPERator at INDEX: -1 <<PRIORITY>> 100 
[ a ] 
6 [3] 
false 


--------------------------[NEW ITERATION]
[ 2 , MULT , 2 ] 

[DOING] OPERator at INDEX: 1 <<PRIORITY>> 14 
 
[TRYING MULTIPLICATE] [ 2 ] WITH [ 2 ] 


--------------------------[NEW ITERATION]
[ 2 ] 

[DOING] OPERator at INDEX: -1 <<PRIORITY>> 100 
[ 2 ] 
1 [3] 
false 


--------------------------[NEW ITERATION]
[ 2 ] 

[DOING] OPERator at INDEX: -1 <<PRIORITY>> 100 
[ 2 ] 
2 [3] 
false 
[OPERATION Mult] 
4 
[STORING] id 131 name [ a ] with TOKEN 1111111000000000000000010000011 ON 6 value [ 4 ] 

-------Buffer----------
[2, 2, 2, 2, 2, 4, 4, 4, 4, 4, 4, 4, 4, 4, 4, 4, 4, 4, 4, 4, 4, 4, 4, 4, 4, 4, 4, 4, 4, 4, 4, 4, 4, 4, 4, 4, 4, 4, 4, 4, 4, 4, 4, 4, 4, 4, 4, 4, 4, 4, 4, 4, 4, 4, 4, 4, 4, 4, 4, 4, 4, 4, 4, 4, 4, 4, 4, 4, 4, 4, 4, 4, 4, 4, 4, 4, 4, 4, 4, 4, 4, 4, 4, 4, 4, 4, 4, 4, 4, 4, 4, 4, 4, 4, 4, 4, 4, 4, 4, 4, 4, 4, 4, 4, 4, 4, 4, 4, 4, 4, 4, 4, 4, 4, 4, 4, 4, 4, 4, 4, 4, 4, 4, 4, 4, 4, 4, 4, 4, 4, 4, 4]
----------------------------- 
-------cBUFFER---------
[0, 98, 0, 104, 105, 0, 97, 0]
-------------------------- 
[RETURN VALUE] [ 4 ] 
--------[EXEC CODE]:
[ a , EQUALS , 2 , MULT , 2 ]
-------------- 


--------------------------[NEW ITERATION]
[ a , EQUALS , 2 , MULT , 2 ] 

[DOING] OPERator at INDEX: 1 <<PRIORITY>> 2 

[TRYING SETTING] [ a ] WITH [ 2 , MULT , 2 ] 


--------------------------[NEW ITERATION]
[ a ] 

[DOING] OPERator at INDEX: -1 <<PRIORITY>> 100 
[ a ] 
6 [3] 
false 


--------------------------[NEW ITERATION]
[ 2 , MULT , 2 ] 

[DOING] OPERator at INDEX: 1 <<PRIORITY>> 14 
 
[TRYING MULTIPLICATE] [ 2 ] WITH [ 2 ] 


--------------------------[NEW ITERATION]
[ 2 ] 

[DOING] OPERator at INDEX: -1 <<PRIORITY>> 100 
[ 2 ] 
3 [3] 
true 
[EXECUTING  METHODE<<2>>]
 
[ a , EQUALS , 2 , MULT , 2 , ; , a , EQUALS , 2 , MULT , 2 , ; ]---------NEW LINE---------
[ a , EQUALS , 2 , MULT , 2 ]
-------------------- 
---------NEW LINE---------
[ a , EQUALS , 2 , MULT , 2 ]
-------------------- 
--------[EXEC CODE]:
[ a , EQUALS , 2 , MULT , 2 ]
-------------- 


--------------------------[NEW ITERATION]
[ a , EQUALS , 2 , MULT , 2 ] 

[DOING] OPERator at INDEX: 1 <<PRIORITY>> 2 

[TRYING SETTING] [ a ] WITH [ 2 , MULT , 2 ] 


--------------------------[NEW ITERATION]
[ a ] 

[DOING] OPERator at INDEX: -1 <<PRIORITY>> 100 
[ a ] 
6 [3] 
false 


--------------------------[NEW ITERATION]
[ 2 , MULT , 2 ] 

[DOING] OPERator at INDEX: 1 <<PRIORITY>> 14 
 
[TRYING MULTIPLICATE] [ 2 ] WITH [ 2 ] 


--------------------------[NEW ITERATION]
[ 2 ] 

[DOING] OPERator at INDEX: -1 <<PRIORITY>> 100 
[ 2 ] 
1 [3] 
false 


--------------------------[NEW ITERATION]
[ 2 ] 

[DOING] OPERator at INDEX: -1 <<PRIORITY>> 100 
[ 2 ] 
2 [3] 
false 
[OPERATION Mult] 
4 
[STORING] id 132 name [ a ] with TOKEN 1111111000000000000000010000100 ON 6 value [ 4 ] 

-------Buffer----------
[2, 2, 2, 2, 2, 4, 4, 4, 4, 4, 4, 4, 4, 4, 4, 4, 4, 4, 4, 4, 4, 4, 4, 4, 4, 4, 4, 4, 4, 4, 4, 4, 4, 4, 4, 4, 4, 4, 4, 4, 4, 4, 4, 4, 4, 4, 4, 4, 4, 4, 4, 4, 4, 4, 4, 4, 4, 4, 4, 4, 4, 4, 4, 4, 4, 4, 4, 4, 4, 4, 4, 4, 4, 4, 4, 4, 4, 4, 4, 4, 4, 4, 4, 4, 4, 4, 4, 4, 4, 4, 4, 4, 4, 4, 4, 4, 4, 4, 4, 4, 4, 4, 4, 4, 4, 4, 4, 4, 4, 4, 4, 4, 4, 4, 4, 4, 4, 4, 4, 4, 4, 4, 4, 4, 4, 4, 4, 4, 4, 4, 4, 4, 4]
----------------------------- 
-------cBUFFER---------
[0, 98, 0, 104, 105, 0, 97, 0]
-------------------------- 
[RETURN VALUE] [ 4 ] 
--------[EXEC CODE]:
[ a , EQUALS , 2 , MULT , 2 ]
-------------- 


--------------------------[NEW ITERATION]
[ a , EQUALS , 2 , MULT , 2 ] 

[DOING] OPERator at INDEX: 1 <<PRIORITY>> 2 

[TRYING SETTING] [ a ] WITH [ 2 , MULT , 2 ] 


--------------------------[NEW ITERATION]
[ a ] 

[DOING] OPERator at INDEX: -1 <<PRIORITY>> 100 
[ a ] 
6 [3] 
false 


--------------------------[NEW ITERATION]
[ 2 , MULT , 2 ] 

[DOING] OPERator at INDEX: 1 <<PRIORITY>> 14 
 
[TRYING MULTIPLICATE] [ 2 ] WITH [ 2 ] 


--------------------------[NEW ITERATION]
[ 2 ] 

[DOING] OPERator at INDEX: -1 <<PRIORITY>> 100 
[ 2 ] 
3 [3] 
true 
[EXECUTING  METHODE<<2>>]
 
[ a , EQUALS , 2 , MULT , 2 , ; , a , EQUALS , 2 , MULT , 2 , ; ]---------NEW LINE---------
[ a , EQUALS , 2 , MULT , 2 ]
-------------------- 
---------NEW LINE---------
[ a , EQUALS , 2 , MULT , 2 ]
-------------------- 
--------[EXEC CODE]:
[ a , EQUALS , 2 , MULT , 2 ]
-------------- 


--------------------------[NEW ITERATION]
[ a , EQUALS , 2 , MULT , 2 ] 

[DOING] OPERator at INDEX: 1 <<PRIORITY>> 2 

[TRYING SETTING] [ a ] WITH [ 2 , MULT , 2 ] 


--------------------------[NEW ITERATION]
[ a ] 

[DOING] OPERator at INDEX: -1 <<PRIORITY>> 100 
[ a ] 
6 [3] 
false 


--------------------------[NEW ITERATION]
[ 2 , MULT , 2 ] 

[DOING] OPERator at INDEX: 1 <<PRIORITY>> 14 
 
[TRYING MULTIPLICATE] [ 2 ] WITH [ 2 ] 


--------------------------[NEW ITERATION]
[ 2 ] 

[DOING] OPERator at INDEX: -1 <<PRIORITY>> 100 
[ 2 ] 
1 [3] 
false 


--------------------------[NEW ITERATION]
[ 2 ] 

[DOING] OPERator at INDEX: -1 <<PRIORITY>> 100 
[ 2 ] 
2 [3] 
false 
[OPERATION Mult] 
4 
[STORING] id 133 name [ a ] with TOKEN 1111111000000000000000010000101 ON 6 value [ 4 ] 

-------Buffer----------
[2, 2, 2, 2, 2, 4, 4, 4, 4, 4, 4, 4, 4, 4, 4, 4, 4, 4, 4, 4, 4, 4, 4, 4, 4, 4, 4, 4, 4, 4, 4, 4, 4, 4, 4, 4, 4, 4, 4, 4, 4, 4, 4, 4, 4, 4, 4, 4, 4, 4, 4, 4, 4, 4, 4, 4, 4, 4, 4, 4, 4, 4, 4, 4, 4, 4, 4, 4, 4, 4, 4, 4, 4, 4, 4, 4, 4, 4, 4, 4, 4, 4, 4, 4, 4, 4, 4, 4, 4, 4, 4, 4, 4, 4, 4, 4, 4, 4, 4, 4, 4, 4, 4, 4, 4, 4, 4, 4, 4, 4, 4, 4, 4, 4, 4, 4, 4, 4, 4, 4, 4, 4, 4, 4, 4, 4, 4, 4, 4, 4, 4, 4, 4, 4]
----------------------------- 
-------cBUFFER---------
[0, 98, 0, 104, 105, 0, 97, 0]
-------------------------- 
[RETURN VALUE] [ 4 ] 
--------[EXEC CODE]:
[ a , EQUALS , 2 , MULT , 2 ]
-------------- 


--------------------------[NEW ITERATION]
[ a , EQUALS , 2 , MULT , 2 ] 

[DOING] OPERator at INDEX: 1 <<PRIORITY>> 2 

[TRYING SETTING] [ a ] WITH [ 2 , MULT , 2 ] 


--------------------------[NEW ITERATION]
[ a ] 

[DOING] OPERator at INDEX: -1 <<PRIORITY>> 100 
[ a ] 
6 [3] 
false 


--------------------------[NEW ITERATION]
[ 2 , MULT , 2 ] 

[DOING] OPERator at INDEX: 1 <<PRIORITY>> 14 
 
[TRYING MULTIPLICATE] [ 2 ] WITH [ 2 ] 


--------------------------[NEW ITERATION]
[ 2 ] 

[DOING] OPERator at INDEX: -1 <<PRIORITY>> 100 
[ 2 ] 
3 [3] 
true 
[EXECUTING  METHODE<<2>>]
 
[ a , EQUALS , 2 , MULT , 2 , ; , a , EQUALS , 2 , MULT , 2 , ; ]---------NEW LINE---------
[ a , EQUALS , 2 , MULT , 2 ]
-------------------- 
---------NEW LINE---------
[ a , EQUALS , 2 , MULT , 2 ]
-------------------- 
--------[EXEC CODE]:
[ a , EQUALS , 2 , MULT , 2 ]
-------------- 


--------------------------[NEW ITERATION]
[ a , EQUALS , 2 , MULT , 2 ] 

[DOING] OPERator at INDEX: 1 <<PRIORITY>> 2 

[TRYING SETTING] [ a ] WITH [ 2 , MULT , 2 ] 


--------------------------[NEW ITERATION]
[ a ] 

[DOING] OPERator at INDEX: -1 <<PRIORITY>> 100 
[ a ] 
6 [3] 
false 


--------------------------[NEW ITERATION]
[ 2 , MULT , 2 ] 

[DOING] OPERator at INDEX: 1 <<PRIORITY>> 14 
 
[TRYING MULTIPLICATE] [ 2 ] WITH [ 2 ] 


--------------------------[NEW ITERATION]
[ 2 ] 

[DOING] OPERator at INDEX: -1 <<PRIORITY>> 100 
[ 2 ] 
1 [3] 
false 


--------------------------[NEW ITERATION]
[ 2 ] 

[DOING] OPERator at INDEX: -1 <<PRIORITY>> 100 
[ 2 ] 
2 [3] 
false 
[OPERATION Mult] 
4 
[STORING] id 134 name [ a ] with TOKEN 1111111000000000000000010000110 ON 6 value [ 4 ] 

-------Buffer----------
[2, 2, 2, 2, 2, 4, 4, 4, 4, 4, 4, 4, 4, 4, 4, 4, 4, 4, 4, 4, 4, 4, 4, 4, 4, 4, 4, 4, 4, 4, 4, 4, 4, 4, 4, 4, 4, 4, 4, 4, 4, 4, 4, 4, 4, 4, 4, 4, 4, 4, 4, 4, 4, 4, 4, 4, 4, 4, 4, 4, 4, 4, 4, 4, 4, 4, 4, 4, 4, 4, 4, 4, 4, 4, 4, 4, 4, 4, 4, 4, 4, 4, 4, 4, 4, 4, 4, 4, 4, 4, 4, 4, 4, 4, 4, 4, 4, 4, 4, 4, 4, 4, 4, 4, 4, 4, 4, 4, 4, 4, 4, 4, 4, 4, 4, 4, 4, 4, 4, 4, 4, 4, 4, 4, 4, 4, 4, 4, 4, 4, 4, 4, 4, 4, 4]
----------------------------- 
-------cBUFFER---------
[0, 98, 0, 104, 105, 0, 97, 0]
-------------------------- 
[RETURN VALUE] [ 4 ] 
--------[EXEC CODE]:
[ a , EQUALS , 2 , MULT , 2 ]
-------------- 


--------------------------[NEW ITERATION]
[ a , EQUALS , 2 , MULT , 2 ] 

[DOING] OPERator at INDEX: 1 <<PRIORITY>> 2 

[TRYING SETTING] [ a ] WITH [ 2 , MULT , 2 ] 


--------------------------[NEW ITERATION]
[ a ] 

[DOING] OPERator at INDEX: -1 <<PRIORITY>> 100 
[ a ] 
6 [3] 
false 


--------------------------[NEW ITERATION]
[ 2 , MULT , 2 ] 

[DOING] OPERator at INDEX: 1 <<PRIORITY>> 14 
 
[TRYING MULTIPLICATE] [ 2 ] WITH [ 2 ] 


--------------------------[NEW ITERATION]
[ 2 ] 

[DOING] OPERator at INDEX: -1 <<PRIORITY>> 100 
[ 2 ] 
3 [3] 
true 
[EXECUTING  METHODE<<2>>]
 
[ a , EQUALS , 2 , MULT , 2 , ; , a , EQUALS , 2 , MULT , 2 , ; ]---------NEW LINE---------
[ a , EQUALS , 2 , MULT , 2 ]
-------------------- 
---------NEW LINE---------
[ a , EQUALS , 2 , MULT , 2 ]
-------------------- 
--------[EXEC CODE]:
[ a , EQUALS , 2 , MULT , 2 ]
-------------- 


--------------------------[NEW ITERATION]
[ a , EQUALS , 2 , MULT , 2 ] 

[DOING] OPERator at INDEX: 1 <<PRIORITY>> 2 

[TRYING SETTING] [ a ] WITH [ 2 , MULT , 2 ] 


--------------------------[NEW ITERATION]
[ a ] 

[DOING] OPERator at INDEX: -1 <<PRIORITY>> 100 
[ a ] 
6 [3] 
false 


--------------------------[NEW ITERATION]
[ 2 , MULT , 2 ] 

[DOING] OPERator at INDEX: 1 <<PRIORITY>> 14 
 
[TRYING MULTIPLICATE] [ 2 ] WITH [ 2 ] 


--------------------------[NEW ITERATION]
[ 2 ] 

[DOING] OPERator at INDEX: -1 <<PRIORITY>> 100 
[ 2 ] 
1 [3] 
false 


--------------------------[NEW ITERATION]
[ 2 ] 

[DOING] OPERator at INDEX: -1 <<PRIORITY>> 100 
[ 2 ] 
2 [3] 
false 
[OPERATION Mult] 
4 
[STORING] id 135 name [ a ] with TOKEN 1111111000000000000000010000111 ON 6 value [ 4 ] 

-------Buffer----------
[2, 2, 2, 2, 2, 4, 4, 4, 4, 4, 4, 4, 4, 4, 4, 4, 4, 4, 4, 4, 4, 4, 4, 4, 4, 4, 4, 4, 4, 4, 4, 4, 4, 4, 4, 4, 4, 4, 4, 4, 4, 4, 4, 4, 4, 4, 4, 4, 4, 4, 4, 4, 4, 4, 4, 4, 4, 4, 4, 4, 4, 4, 4, 4, 4, 4, 4, 4, 4, 4, 4, 4, 4, 4, 4, 4, 4, 4, 4, 4, 4, 4, 4, 4, 4, 4, 4, 4, 4, 4, 4, 4, 4, 4, 4, 4, 4, 4, 4, 4, 4, 4, 4, 4, 4, 4, 4, 4, 4, 4, 4, 4, 4, 4, 4, 4, 4, 4, 4, 4, 4, 4, 4, 4, 4, 4, 4, 4, 4, 4, 4, 4, 4, 4, 4, 4]
----------------------------- 
-------cBUFFER---------
[0, 98, 0, 104, 105, 0, 97, 0]
-------------------------- 
[RETURN VALUE] [ 4 ] 
--------[EXEC CODE]:
[ a , EQUALS , 2 , MULT , 2 ]
-------------- 


--------------------------[NEW ITERATION]
[ a , EQUALS , 2 , MULT , 2 ] 

[DOING] OPERator at INDEX: 1 <<PRIORITY>> 2 

[TRYING SETTING] [ a ] WITH [ 2 , MULT , 2 ] 


--------------------------[NEW ITERATION]
[ a ] 

[DOING] OPERator at INDEX: -1 <<PRIORITY>> 100 
[ a ] 
6 [3] 
false 


--------------------------[NEW ITERATION]
[ 2 , MULT , 2 ] 

[DOING] OPERator at INDEX: 1 <<PRIORITY>> 14 
 
[TRYING MULTIPLICATE] [ 2 ] WITH [ 2 ] 


--------------------------[NEW ITERATION]
[ 2 ] 

[DOING] OPERator at INDEX: -1 <<PRIORITY>> 100 
[ 2 ] 
3 [3] 
true 
[EXECUTING  METHODE<<2>>]
 
[ a , EQUALS , 2 , MULT , 2 , ; , a , EQUALS , 2 , MULT , 2 , ; ]---------NEW LINE---------
[ a , EQUALS , 2 , MULT , 2 ]
-------------------- 
---------NEW LINE---------
[ a , EQUALS , 2 , MULT , 2 ]
-------------------- 
--------[EXEC CODE]:
[ a , EQUALS , 2 , MULT , 2 ]
-------------- 


--------------------------[NEW ITERATION]
[ a , EQUALS , 2 , MULT , 2 ] 

[DOING] OPERator at INDEX: 1 <<PRIORITY>> 2 

[TRYING SETTING] [ a ] WITH [ 2 , MULT , 2 ] 


--------------------------[NEW ITERATION]
[ a ] 

[DOING] OPERator at INDEX: -1 <<PRIORITY>> 100 
[ a ] 
6 [3] 
false 


--------------------------[NEW ITERATION]
[ 2 , MULT , 2 ] 

[DOING] OPERator at INDEX: 1 <<PRIORITY>> 14 
 
[TRYING MULTIPLICATE] [ 2 ] WITH [ 2 ] 


--------------------------[NEW ITERATION]
[ 2 ] 

[DOING] OPERator at INDEX: -1 <<PRIORITY>> 100 
[ 2 ] 
1 [3] 
false 


--------------------------[NEW ITERATION]
[ 2 ] 

[DOING] OPERator at INDEX: -1 <<PRIORITY>> 100 
[ 2 ] 
2 [3] 
false 
[OPERATION Mult] 
4 
[STORING] id 136 name [ a ] with TOKEN 1111111000000000000000010001000 ON 6 value [ 4 ] 

-------Buffer----------
[2, 2, 2, 2, 2, 4, 4, 4, 4, 4, 4, 4, 4, 4, 4, 4, 4, 4, 4, 4, 4, 4, 4, 4, 4, 4, 4, 4, 4, 4, 4, 4, 4, 4, 4, 4, 4, 4, 4, 4, 4, 4, 4, 4, 4, 4, 4, 4, 4, 4, 4, 4, 4, 4, 4, 4, 4, 4, 4, 4, 4, 4, 4, 4, 4, 4, 4, 4, 4, 4, 4, 4, 4, 4, 4, 4, 4, 4, 4, 4, 4, 4, 4, 4, 4, 4, 4, 4, 4, 4, 4, 4, 4, 4, 4, 4, 4, 4, 4, 4, 4, 4, 4, 4, 4, 4, 4, 4, 4, 4, 4, 4, 4, 4, 4, 4, 4, 4, 4, 4, 4, 4, 4, 4, 4, 4, 4, 4, 4, 4, 4, 4, 4, 4, 4, 4, 4]
----------------------------- 
-------cBUFFER---------
[0, 98, 0, 104, 105, 0, 97, 0]
-------------------------- 
[RETURN VALUE] [ 4 ] 
--------[EXEC CODE]:
[ a , EQUALS , 2 , MULT , 2 ]
-------------- 


--------------------------[NEW ITERATION]
[ a , EQUALS , 2 , MULT , 2 ] 

[DOING] OPERator at INDEX: 1 <<PRIORITY>> 2 

[TRYING SETTING] [ a ] WITH [ 2 , MULT , 2 ] 


--------------------------[NEW ITERATION]
[ a ] 

[DOING] OPERator at INDEX: -1 <<PRIORITY>> 100 
[ a ] 
6 [3] 
false 


--------------------------[NEW ITERATION]
[ 2 , MULT , 2 ] 

[DOING] OPERator at INDEX: 1 <<PRIORITY>> 14 
 
[TRYING MULTIPLICATE] [ 2 ] WITH [ 2 ] 


--------------------------[NEW ITERATION]
[ 2 ] 

[DOING] OPERator at INDEX: -1 <<PRIORITY>> 100 
[ 2 ] 
3 [3] 
true 
[EXECUTING  METHODE<<2>>]
 
[ a , EQUALS , 2 , MULT , 2 , ; , a , EQUALS , 2 , MULT , 2 , ; ]---------NEW LINE---------
[ a , EQUALS , 2 , MULT , 2 ]
-------------------- 
---------NEW LINE---------
[ a , EQUALS , 2 , MULT , 2 ]
-------------------- 
--------[EXEC CODE]:
[ a , EQUALS , 2 , MULT , 2 ]
-------------- 


--------------------------[NEW ITERATION]
[ a , EQUALS , 2 , MULT , 2 ] 

[DOING] OPERator at INDEX: 1 <<PRIORITY>> 2 

[TRYING SETTING] [ a ] WITH [ 2 , MULT , 2 ] 


--------------------------[NEW ITERATION]
[ a ] 

[DOING] OPERator at INDEX: -1 <<PRIORITY>> 100 
[ a ] 
6 [3] 
false 


--------------------------[NEW ITERATION]
[ 2 , MULT , 2 ] 

[DOING] OPERator at INDEX: 1 <<PRIORITY>> 14 
 
[TRYING MULTIPLICATE] [ 2 ] WITH [ 2 ] 


--------------------------[NEW ITERATION]
[ 2 ] 

[DOING] OPERator at INDEX: -1 <<PRIORITY>> 100 
[ 2 ] 
1 [3] 
false 


--------------------------[NEW ITERATION]
[ 2 ] 

[DOING] OPERator at INDEX: -1 <<PRIORITY>> 100 
[ 2 ] 
2 [3] 
false 
[OPERATION Mult] 
4 
[STORING] id 137 name [ a ] with TOKEN 1111111000000000000000010001001 ON 6 value [ 4 ] 

-------Buffer----------
[2, 2, 2, 2, 2, 4, 4, 4, 4, 4, 4, 4, 4, 4, 4, 4, 4, 4, 4, 4, 4, 4, 4, 4, 4, 4, 4, 4, 4, 4, 4, 4, 4, 4, 4, 4, 4, 4, 4, 4, 4, 4, 4, 4, 4, 4, 4, 4, 4, 4, 4, 4, 4, 4, 4, 4, 4, 4, 4, 4, 4, 4, 4, 4, 4, 4, 4, 4, 4, 4, 4, 4, 4, 4, 4, 4, 4, 4, 4, 4, 4, 4, 4, 4, 4, 4, 4, 4, 4, 4, 4, 4, 4, 4, 4, 4, 4, 4, 4, 4, 4, 4, 4, 4, 4, 4, 4, 4, 4, 4, 4, 4, 4, 4, 4, 4, 4, 4, 4, 4, 4, 4, 4, 4, 4, 4, 4, 4, 4, 4, 4, 4, 4, 4, 4, 4, 4, 4]
----------------------------- 
-------cBUFFER---------
[0, 98, 0, 104, 105, 0, 97, 0]
-------------------------- 
[RETURN VALUE] [ 4 ] 
--------[EXEC CODE]:
[ a , EQUALS , 2 , MULT , 2 ]
-------------- 


--------------------------[NEW ITERATION]
[ a , EQUALS , 2 , MULT , 2 ] 

[DOING] OPERator at INDEX: 1 <<PRIORITY>> 2 

[TRYING SETTING] [ a ] WITH [ 2 , MULT , 2 ] 


--------------------------[NEW ITERATION]
[ a ] 

[DOING] OPERator at INDEX: -1 <<PRIORITY>> 100 
[ a ] 
6 [3] 
false 


--------------------------[NEW ITERATION]
[ 2 , MULT , 2 ] 

[DOING] OPERator at INDEX: 1 <<PRIORITY>> 14 
 
[TRYING MULTIPLICATE] [ 2 ] WITH [ 2 ] 


--------------------------[NEW ITERATION]
[ 2 ] 

[DOING] OPERator at INDEX: -1 <<PRIORITY>> 100 
[ 2 ] 
3 [3] 
true 
[EXECUTING  METHODE<<2>>]
 
[ a , EQUALS , 2 , MULT , 2 , ; , a , EQUALS , 2 , MULT , 2 , ; ]---------NEW LINE---------
[ a , EQUALS , 2 , MULT , 2 ]
-------------------- 
---------NEW LINE---------
[ a , EQUALS , 2 , MULT , 2 ]
-------------------- 
--------[EXEC CODE]:
[ a , EQUALS , 2 , MULT , 2 ]
-------------- 


--------------------------[NEW ITERATION]
[ a , EQUALS , 2 , MULT , 2 ] 

[DOING] OPERator at INDEX: 1 <<PRIORITY>> 2 

[TRYING SETTING] [ a ] WITH [ 2 , MULT , 2 ] 


--------------------------[NEW ITERATION]
[ a ] 

[DOING] OPERator at INDEX: -1 <<PRIORITY>> 100 
[ a ] 
6 [3] 
false 


--------------------------[NEW ITERATION]
[ 2 , MULT , 2 ] 

[DOING] OPERator at INDEX: 1 <<PRIORITY>> 14 
 
[TRYING MULTIPLICATE] [ 2 ] WITH [ 2 ] 


--------------------------[NEW ITERATION]
[ 2 ] 

[DOING] OPERator at INDEX: -1 <<PRIORITY>> 100 
[ 2 ] 
1 [3] 
false 


--------------------------[NEW ITERATION]
[ 2 ] 

[DOING] OPERator at INDEX: -1 <<PRIORITY>> 100 
[ 2 ] 
2 [3] 
false 
[OPERATION Mult] 
4 
[STORING] id 138 name [ a ] with TOKEN 1111111000000000000000010001010 ON 6 value [ 4 ] 

-------Buffer----------
[2, 2, 2, 2, 2, 4, 4, 4, 4, 4, 4, 4, 4, 4, 4, 4, 4, 4, 4, 4, 4, 4, 4, 4, 4, 4, 4, 4, 4, 4, 4, 4, 4, 4, 4, 4, 4, 4, 4, 4, 4, 4, 4, 4, 4, 4, 4, 4, 4, 4, 4, 4, 4, 4, 4, 4, 4, 4, 4, 4, 4, 4, 4, 4, 4, 4, 4, 4, 4, 4, 4, 4, 4, 4, 4, 4, 4, 4, 4, 4, 4, 4, 4, 4, 4, 4, 4, 4, 4, 4, 4, 4, 4, 4, 4, 4, 4, 4, 4, 4, 4, 4, 4, 4, 4, 4, 4, 4, 4, 4, 4, 4, 4, 4, 4, 4, 4, 4, 4, 4, 4, 4, 4, 4, 4, 4, 4, 4, 4, 4, 4, 4, 4, 4, 4, 4, 4, 4, 4]
----------------------------- 
-------cBUFFER---------
[0, 98, 0, 104, 105, 0, 97, 0]
-------------------------- 
[RETURN VALUE] [ 4 ] 
--------[EXEC CODE]:
[ a , EQUALS , 2 , MULT , 2 ]
-------------- 


--------------------------[NEW ITERATION]
[ a , EQUALS , 2 , MULT , 2 ] 

[DOING] OPERator at INDEX: 1 <<PRIORITY>> 2 

[TRYING SETTING] [ a ] WITH [ 2 , MULT , 2 ] 


--------------------------[NEW ITERATION]
[ a ] 

[DOING] OPERator at INDEX: -1 <<PRIORITY>> 100 
[ a ] 
6 [3] 
false 


--------------------------[NEW ITERATION]
[ 2 , MULT , 2 ] 

[DOING] OPERator at INDEX: 1 <<PRIORITY>> 14 
 
[TRYING MULTIPLICATE] [ 2 ] WITH [ 2 ] 


--------------------------[NEW ITERATION]
[ 2 ] 

[DOING] OPERator at INDEX: -1 <<PRIORITY>> 100 
[ 2 ] 
3 [3] 
true 
[EXECUTING  METHODE<<2>>]
 
[ a , EQUALS , 2 , MULT , 2 , ; , a , EQUALS , 2 , MULT , 2 , ; ]---------NEW LINE---------
[ a , EQUALS , 2 , MULT , 2 ]
-------------------- 
---------NEW LINE---------
[ a , EQUALS , 2 , MULT , 2 ]
-------------------- 
--------[EXEC CODE]:
[ a , EQUALS , 2 , MULT , 2 ]
-------------- 


--------------------------[NEW ITERATION]
[ a , EQUALS , 2 , MULT , 2 ] 

[DOING] OPERator at INDEX: 1 <<PRIORITY>> 2 

[TRYING SETTING] [ a ] WITH [ 2 , MULT , 2 ] 


--------------------------[NEW ITERATION]
[ a ] 

[DOING] OPERator at INDEX: -1 <<PRIORITY>> 100 
[ a ] 
6 [3] 
false 


--------------------------[NEW ITERATION]
[ 2 , MULT , 2 ] 

[DOING] OPERator at INDEX: 1 <<PRIORITY>> 14 
 
[TRYING MULTIPLICATE] [ 2 ] WITH [ 2 ] 


--------------------------[NEW ITERATION]
[ 2 ] 

[DOING] OPERator at INDEX: -1 <<PRIORITY>> 100 
[ 2 ] 
1 [3] 
false 


--------------------------[NEW ITERATION]
[ 2 ] 

[DOING] OPERator at INDEX: -1 <<PRIORITY>> 100 
[ 2 ] 
2 [3] 
false 
[OPERATION Mult] 
4 
[STORING] id 139 name [ a ] with TOKEN 1111111000000000000000010001011 ON 6 value [ 4 ] 

-------Buffer----------
[2, 2, 2, 2, 2, 4, 4, 4, 4, 4, 4, 4, 4, 4, 4, 4, 4, 4, 4, 4, 4, 4, 4, 4, 4, 4, 4, 4, 4, 4, 4, 4, 4, 4, 4, 4, 4, 4, 4, 4, 4, 4, 4, 4, 4, 4, 4, 4, 4, 4, 4, 4, 4, 4, 4, 4, 4, 4, 4, 4, 4, 4, 4, 4, 4, 4, 4, 4, 4, 4, 4, 4, 4, 4, 4, 4, 4, 4, 4, 4, 4, 4, 4, 4, 4, 4, 4, 4, 4, 4, 4, 4, 4, 4, 4, 4, 4, 4, 4, 4, 4, 4, 4, 4, 4, 4, 4, 4, 4, 4, 4, 4, 4, 4, 4, 4, 4, 4, 4, 4, 4, 4, 4, 4, 4, 4, 4, 4, 4, 4, 4, 4, 4, 4, 4, 4, 4, 4, 4, 4]
----------------------------- 
-------cBUFFER---------
[0, 98, 0, 104, 105, 0, 97, 0]
-------------------------- 
[RETURN VALUE] [ 4 ] 
--------[EXEC CODE]:
[ a , EQUALS , 2 , MULT , 2 ]
-------------- 


--------------------------[NEW ITERATION]
[ a , EQUALS , 2 , MULT , 2 ] 

[DOING] OPERator at INDEX: 1 <<PRIORITY>> 2 

[TRYING SETTING] [ a ] WITH [ 2 , MULT , 2 ] 


--------------------------[NEW ITERATION]
[ a ] 

[DOING] OPERator at INDEX: -1 <<PRIORITY>> 100 
[ a ] 
6 [3] 
false 


--------------------------[NEW ITERATION]
[ 2 , MULT , 2 ] 

[DOING] OPERator at INDEX: 1 <<PRIORITY>> 14 
 
[TRYING MULTIPLICATE] [ 2 ] WITH [ 2 ] 


--------------------------[NEW ITERATION]
[ 2 ] 

[DOING] OPERator at INDEX: -1 <<PRIORITY>> 100 
[ 2 ] 
3 [3] 
true 
[EXECUTING  METHODE<<2>>]
 
[ a , EQUALS , 2 , MULT , 2 , ; , a , EQUALS , 2 , MULT , 2 , ; ]---------NEW LINE---------
[ a , EQUALS , 2 , MULT , 2 ]
-------------------- 
---------NEW LINE---------
[ a , EQUALS , 2 , MULT , 2 ]
-------------------- 
--------[EXEC CODE]:
[ a , EQUALS , 2 , MULT , 2 ]
-------------- 


--------------------------[NEW ITERATION]
[ a , EQUALS , 2 , MULT , 2 ] 

[DOING] OPERator at INDEX: 1 <<PRIORITY>> 2 

[TRYING SETTING] [ a ] WITH [ 2 , MULT , 2 ] 


--------------------------[NEW ITERATION]
[ a ] 

[DOING] OPERator at INDEX: -1 <<PRIORITY>> 100 
[ a ] 
6 [3] 
false 


--------------------------[NEW ITERATION]
[ 2 , MULT , 2 ] 

[DOING] OPERator at INDEX: 1 <<PRIORITY>> 14 
 
[TRYING MULTIPLICATE] [ 2 ] WITH [ 2 ] 


--------------------------[NEW ITERATION]
[ 2 ] 

[DOING] OPERator at INDEX: -1 <<PRIORITY>> 100 
[ 2 ] 
1 [3] 
false 


--------------------------[NEW ITERATION]
[ 2 ] 

[DOING] OPERator at INDEX: -1 <<PRIORITY>> 100 
[ 2 ] 
2 [3] 
false 
[OPERATION Mult] 
4 
[STORING] id 140 name [ a ] with TOKEN 1111111000000000000000010001100 ON 6 value [ 4 ] 

-------Buffer----------
[2, 2, 2, 2, 2, 4, 4, 4, 4, 4, 4, 4, 4, 4, 4, 4, 4, 4, 4, 4, 4, 4, 4, 4, 4, 4, 4, 4, 4, 4, 4, 4, 4, 4, 4, 4, 4, 4, 4, 4, 4, 4, 4, 4, 4, 4, 4, 4, 4, 4, 4, 4, 4, 4, 4, 4, 4, 4, 4, 4, 4, 4, 4, 4, 4, 4, 4, 4, 4, 4, 4, 4, 4, 4, 4, 4, 4, 4, 4, 4, 4, 4, 4, 4, 4, 4, 4, 4, 4, 4, 4, 4, 4, 4, 4, 4, 4, 4, 4, 4, 4, 4, 4, 4, 4, 4, 4, 4, 4, 4, 4, 4, 4, 4, 4, 4, 4, 4, 4, 4, 4, 4, 4, 4, 4, 4, 4, 4, 4, 4, 4, 4, 4, 4, 4, 4, 4, 4, 4, 4, 4]
----------------------------- 
-------cBUFFER---------
[0, 98, 0, 104, 105, 0, 97, 0]
-------------------------- 
[RETURN VALUE] [ 4 ] 
--------[EXEC CODE]:
[ a , EQUALS , 2 , MULT , 2 ]
-------------- 


--------------------------[NEW ITERATION]
[ a , EQUALS , 2 , MULT , 2 ] 

[DOING] OPERator at INDEX: 1 <<PRIORITY>> 2 

[TRYING SETTING] [ a ] WITH [ 2 , MULT , 2 ] 


--------------------------[NEW ITERATION]
[ a ] 

[DOING] OPERator at INDEX: -1 <<PRIORITY>> 100 
[ a ] 
6 [3] 
false 


--------------------------[NEW ITERATION]
[ 2 , MULT , 2 ] 

[DOING] OPERator at INDEX: 1 <<PRIORITY>> 14 
 
[TRYING MULTIPLICATE] [ 2 ] WITH [ 2 ] 


--------------------------[NEW ITERATION]
[ 2 ] 

[DOING] OPERator at INDEX: -1 <<PRIORITY>> 100 
[ 2 ] 
3 [3] 
true 
[EXECUTING  METHODE<<2>>]
 
[ a , EQUALS , 2 , MULT , 2 , ; , a , EQUALS , 2 , MULT , 2 , ; ]---------NEW LINE---------
[ a , EQUALS , 2 , MULT , 2 ]
-------------------- 
---------NEW LINE---------
[ a , EQUALS , 2 , MULT , 2 ]
-------------------- 
--------[EXEC CODE]:
[ a , EQUALS , 2 , MULT , 2 ]
-------------- 


--------------------------[NEW ITERATION]
[ a , EQUALS , 2 , MULT , 2 ] 

[DOING] OPERator at INDEX: 1 <<PRIORITY>> 2 

[TRYING SETTING] [ a ] WITH [ 2 , MULT , 2 ] 


--------------------------[NEW ITERATION]
[ a ] 

[DOING] OPERator at INDEX: -1 <<PRIORITY>> 100 
[ a ] 
6 [3] 
false 


--------------------------[NEW ITERATION]
[ 2 , MULT , 2 ] 

[DOING] OPERator at INDEX: 1 <<PRIORITY>> 14 
 
[TRYING MULTIPLICATE] [ 2 ] WITH [ 2 ] 


--------------------------[NEW ITERATION]
[ 2 ] 

[DOING] OPERator at INDEX: -1 <<PRIORITY>> 100 
[ 2 ] 
1 [3] 
false 


--------------------------[NEW ITERATION]
[ 2 ] 

[DOING] OPERator at INDEX: -1 <<PRIORITY>> 100 
[ 2 ] 
2 [3] 
false 
[OPERATION Mult] 
4 
[STORING] id 141 name [ a ] with TOKEN 1111111000000000000000010001101 ON 6 value [ 4 ] 

-------Buffer----------
[2, 2, 2, 2, 2, 4, 4, 4, 4, 4, 4, 4, 4, 4, 4, 4, 4, 4, 4, 4, 4, 4, 4, 4, 4, 4, 4, 4, 4, 4, 4, 4, 4, 4, 4, 4, 4, 4, 4, 4, 4, 4, 4, 4, 4, 4, 4, 4, 4, 4, 4, 4, 4, 4, 4, 4, 4, 4, 4, 4, 4, 4, 4, 4, 4, 4, 4, 4, 4, 4, 4, 4, 4, 4, 4, 4, 4, 4, 4, 4, 4, 4, 4, 4, 4, 4, 4, 4, 4, 4, 4, 4, 4, 4, 4, 4, 4, 4, 4, 4, 4, 4, 4, 4, 4, 4, 4, 4, 4, 4, 4, 4, 4, 4, 4, 4, 4, 4, 4, 4, 4, 4, 4, 4, 4, 4, 4, 4, 4, 4, 4, 4, 4, 4, 4, 4, 4, 4, 4, 4, 4, 4]
----------------------------- 
-------cBUFFER---------
[0, 98, 0, 104, 105, 0, 97, 0]
-------------------------- 
[RETURN VALUE] [ 4 ] 
--------[EXEC CODE]:
[ a , EQUALS , 2 , MULT , 2 ]
-------------- 


--------------------------[NEW ITERATION]
[ a , EQUALS , 2 , MULT , 2 ] 

[DOING] OPERator at INDEX: 1 <<PRIORITY>> 2 

[TRYING SETTING] [ a ] WITH [ 2 , MULT , 2 ] 


--------------------------[NEW ITERATION]
[ a ] 

[DOING] OPERator at INDEX: -1 <<PRIORITY>> 100 
[ a ] 
6 [3] 
false 


--------------------------[NEW ITERATION]
[ 2 , MULT , 2 ] 

[DOING] OPERator at INDEX: 1 <<PRIORITY>> 14 
 
[TRYING MULTIPLICATE] [ 2 ] WITH [ 2 ] 


--------------------------[NEW ITERATION]
[ 2 ] 

[DOING] OPERator at INDEX: -1 <<PRIORITY>> 100 
[ 2 ] 
3 [3] 
true 
[EXECUTING  METHODE<<2>>]
 
[ a , EQUALS , 2 , MULT , 2 , ; , a , EQUALS , 2 , MULT , 2 , ; ]---------NEW LINE---------
[ a , EQUALS , 2 , MULT , 2 ]
-------------------- 
---------NEW LINE---------
[ a , EQUALS , 2 , MULT , 2 ]
-------------------- 
--------[EXEC CODE]:
[ a , EQUALS , 2 , MULT , 2 ]
-------------- 


--------------------------[NEW ITERATION]
[ a , EQUALS , 2 , MULT , 2 ] 

[DOING] OPERator at INDEX: 1 <<PRIORITY>> 2 

[TRYING SETTING] [ a ] WITH [ 2 , MULT , 2 ] 


--------------------------[NEW ITERATION]
[ a ] 

[DOING] OPERator at INDEX: -1 <<PRIORITY>> 100 
[ a ] 
6 [3] 
false 


--------------------------[NEW ITERATION]
[ 2 , MULT , 2 ] 

[DOING] OPERator at INDEX: 1 <<PRIORITY>> 14 
 
[TRYING MULTIPLICATE] [ 2 ] WITH [ 2 ] 


--------------------------[NEW ITERATION]
[ 2 ] 

[DOING] OPERator at INDEX: -1 <<PRIORITY>> 100 
[ 2 ] 
1 [3] 
false 


--------------------------[NEW ITERATION]
[ 2 ] 

[DOING] OPERator at INDEX: -1 <<PRIORITY>> 100 
[ 2 ] 
2 [3] 
false 
[OPERATION Mult] 
4 
[STORING] id 142 name [ a ] with TOKEN 1111111000000000000000010001110 ON 6 value [ 4 ] 

-------Buffer----------
[2, 2, 2, 2, 2, 4, 4, 4, 4, 4, 4, 4, 4, 4, 4, 4, 4, 4, 4, 4, 4, 4, 4, 4, 4, 4, 4, 4, 4, 4, 4, 4, 4, 4, 4, 4, 4, 4, 4, 4, 4, 4, 4, 4, 4, 4, 4, 4, 4, 4, 4, 4, 4, 4, 4, 4, 4, 4, 4, 4, 4, 4, 4, 4, 4, 4, 4, 4, 4, 4, 4, 4, 4, 4, 4, 4, 4, 4, 4, 4, 4, 4, 4, 4, 4, 4, 4, 4, 4, 4, 4, 4, 4, 4, 4, 4, 4, 4, 4, 4, 4, 4, 4, 4, 4, 4, 4, 4, 4, 4, 4, 4, 4, 4, 4, 4, 4, 4, 4, 4, 4, 4, 4, 4, 4, 4, 4, 4, 4, 4, 4, 4, 4, 4, 4, 4, 4, 4, 4, 4, 4, 4, 4]
----------------------------- 
-------cBUFFER---------
[0, 98, 0, 104, 105, 0, 97, 0]
-------------------------- 
[RETURN VALUE] [ 4 ] 
--------[EXEC CODE]:
[ a , EQUALS , 2 , MULT , 2 ]
-------------- 


--------------------------[NEW ITERATION]
[ a , EQUALS , 2 , MULT , 2 ] 

[DOING] OPERator at INDEX: 1 <<PRIORITY>> 2 

[TRYING SETTING] [ a ] WITH [ 2 , MULT , 2 ] 


--------------------------[NEW ITERATION]
[ a ] 

[DOING] OPERator at INDEX: -1 <<PRIORITY>> 100 
[ a ] 
6 [3] 
false 


--------------------------[NEW ITERATION]
[ 2 , MULT , 2 ] 

[DOING] OPERator at INDEX: 1 <<PRIORITY>> 14 
 
[TRYING MULTIPLICATE] [ 2 ] WITH [ 2 ] 


--------------------------[NEW ITERATION]
[ 2 ] 

[DOING] OPERator at INDEX: -1 <<PRIORITY>> 100 
[ 2 ] 
3 [3] 
true 
[EXECUTING  METHODE<<2>>]
 
[ a , EQUALS , 2 , MULT , 2 , ; , a , EQUALS , 2 , MULT , 2 , ; ]---------NEW LINE---------
[ a , EQUALS , 2 , MULT , 2 ]
-------------------- 
---------NEW LINE---------
[ a , EQUALS , 2 , MULT , 2 ]
-------------------- 
--------[EXEC CODE]:
[ a , EQUALS , 2 , MULT , 2 ]
-------------- 


--------------------------[NEW ITERATION]
[ a , EQUALS , 2 , MULT , 2 ] 

[DOING] OPERator at INDEX: 1 <<PRIORITY>> 2 

[TRYING SETTING] [ a ] WITH [ 2 , MULT , 2 ] 


--------------------------[NEW ITERATION]
[ a ] 

[DOING] OPERator at INDEX: -1 <<PRIORITY>> 100 
[ a ] 
6 [3] 
false 


--------------------------[NEW ITERATION]
[ 2 , MULT , 2 ] 

[DOING] OPERator at INDEX: 1 <<PRIORITY>> 14 
 
[TRYING MULTIPLICATE] [ 2 ] WITH [ 2 ] 


--------------------------[NEW ITERATION]
[ 2 ] 

[DOING] OPERator at INDEX: -1 <<PRIORITY>> 100 
[ 2 ] 
1 [3] 
false 


--------------------------[NEW ITERATION]
[ 2 ] 

[DOING] OPERator at INDEX: -1 <<PRIORITY>> 100 
[ 2 ] 
2 [3] 
false 
[OPERATION Mult] 
4 
[STORING] id 143 name [ a ] with TOKEN 1111111000000000000000010001111 ON 6 value [ 4 ] 

-------Buffer----------
[2, 2, 2, 2, 2, 4, 4, 4, 4, 4, 4, 4, 4, 4, 4, 4, 4, 4, 4, 4, 4, 4, 4, 4, 4, 4, 4, 4, 4, 4, 4, 4, 4, 4, 4, 4, 4, 4, 4, 4, 4, 4, 4, 4, 4, 4, 4, 4, 4, 4, 4, 4, 4, 4, 4, 4, 4, 4, 4, 4, 4, 4, 4, 4, 4, 4, 4, 4, 4, 4, 4, 4, 4, 4, 4, 4, 4, 4, 4, 4, 4, 4, 4, 4, 4, 4, 4, 4, 4, 4, 4, 4, 4, 4, 4, 4, 4, 4, 4, 4, 4, 4, 4, 4, 4, 4, 4, 4, 4, 4, 4, 4, 4, 4, 4, 4, 4, 4, 4, 4, 4, 4, 4, 4, 4, 4, 4, 4, 4, 4, 4, 4, 4, 4, 4, 4, 4, 4, 4, 4, 4, 4, 4, 4]
----------------------------- 
-------cBUFFER---------
[0, 98, 0, 104, 105, 0, 97, 0]
-------------------------- 
[RETURN VALUE] [ 4 ] 
--------[EXEC CODE]:
[ a , EQUALS , 2 , MULT , 2 ]
-------------- 


--------------------------[NEW ITERATION]
[ a , EQUALS , 2 , MULT , 2 ] 

[DOING] OPERator at INDEX: 1 <<PRIORITY>> 2 

[TRYING SETTING] [ a ] WITH [ 2 , MULT , 2 ] 


--------------------------[NEW ITERATION]
[ a ] 

[DOING] OPERator at INDEX: -1 <<PRIORITY>> 100 
[ a ] 
6 [3] 
false 


--------------------------[NEW ITERATION]
[ 2 , MULT , 2 ] 

[DOING] OPERator at INDEX: 1 <<PRIORITY>> 14 
 
[TRYING MULTIPLICATE] [ 2 ] WITH [ 2 ] 


--------------------------[NEW ITERATION]
[ 2 ] 

[DOING] OPERator at INDEX: -1 <<PRIORITY>> 100 
[ 2 ] 
3 [3] 
true 
[EXECUTING  METHODE<<2>>]
 
[ a , EQUALS , 2 , MULT , 2 , ; , a , EQUALS , 2 , MULT , 2 , ; ]---------NEW LINE---------
[ a , EQUALS , 2 , MULT , 2 ]
-------------------- 
---------NEW LINE---------
[ a , EQUALS , 2 , MULT , 2 ]
-------------------- 
--------[EXEC CODE]:
[ a , EQUALS , 2 , MULT , 2 ]
-------------- 


--------------------------[NEW ITERATION]
[ a , EQUALS , 2 , MULT , 2 ] 

[DOING] OPERator at INDEX: 1 <<PRIORITY>> 2 

[TRYING SETTING] [ a ] WITH [ 2 , MULT , 2 ] 


--------------------------[NEW ITERATION]
[ a ] 

[DOING] OPERator at INDEX: -1 <<PRIORITY>> 100 
[ a ] 
6 [3] 
false 


--------------------------[NEW ITERATION]
[ 2 , MULT , 2 ] 

[DOING] OPERator at INDEX: 1 <<PRIORITY>> 14 
 
[TRYING MULTIPLICATE] [ 2 ] WITH [ 2 ] 


--------------------------[NEW ITERATION]
[ 2 ] 

[DOING] OPERator at INDEX: -1 <<PRIORITY>> 100 
[ 2 ] 
1 [3] 
false 


--------------------------[NEW ITERATION]
[ 2 ] 

[DOING] OPERator at INDEX: -1 <<PRIORITY>> 100 
[ 2 ] 
2 [3] 
false 
[OPERATION Mult] 
4 
[STORING] id 144 name [ a ] with TOKEN 1111111000000000000000010010000 ON 6 value [ 4 ] 

-------Buffer----------
[2, 2, 2, 2, 2, 4, 4, 4, 4, 4, 4, 4, 4, 4, 4, 4, 4, 4, 4, 4, 4, 4, 4, 4, 4, 4, 4, 4, 4, 4, 4, 4, 4, 4, 4, 4, 4, 4, 4, 4, 4, 4, 4, 4, 4, 4, 4, 4, 4, 4, 4, 4, 4, 4, 4, 4, 4, 4, 4, 4, 4, 4, 4, 4, 4, 4, 4, 4, 4, 4, 4, 4, 4, 4, 4, 4, 4, 4, 4, 4, 4, 4, 4, 4, 4, 4, 4, 4, 4, 4, 4, 4, 4, 4, 4, 4, 4, 4, 4, 4, 4, 4, 4, 4, 4, 4, 4, 4, 4, 4, 4, 4, 4, 4, 4, 4, 4, 4, 4, 4, 4, 4, 4, 4, 4, 4, 4, 4, 4, 4, 4, 4, 4, 4, 4, 4, 4, 4, 4, 4, 4, 4, 4, 4, 4]
----------------------------- 
-------cBUFFER---------
[0, 98, 0, 104, 105, 0, 97, 0]
-------------------------- 
[RETURN VALUE] [ 4 ] 
--------[EXEC CODE]:
[ a , EQUALS , 2 , MULT , 2 ]
-------------- 


--------------------------[NEW ITERATION]
[ a , EQUALS , 2 , MULT , 2 ] 

[DOING] OPERator at INDEX: 1 <<PRIORITY>> 2 

[TRYING SETTING] [ a ] WITH [ 2 , MULT , 2 ] 


--------------------------[NEW ITERATION]
[ a ] 

[DOING] OPERator at INDEX: -1 <<PRIORITY>> 100 
[ a ] 
6 [3] 
false 


--------------------------[NEW ITERATION]
[ 2 , MULT , 2 ] 

[DOING] OPERator at INDEX: 1 <<PRIORITY>> 14 
 
[TRYING MULTIPLICATE] [ 2 ] WITH [ 2 ] 


--------------------------[NEW ITERATION]
[ 2 ] 

[DOING] OPERator at INDEX: -1 <<PRIORITY>> 100 
[ 2 ] 
3 [3] 
true 
[EXECUTING  METHODE<<2>>]
 
[ a , EQUALS , 2 , MULT , 2 , ; , a , EQUALS , 2 , MULT , 2 , ; ]---------NEW LINE---------
[ a , EQUALS , 2 , MULT , 2 ]
-------------------- 
---------NEW LINE---------
[ a , EQUALS , 2 , MULT , 2 ]
-------------------- 
--------[EXEC CODE]:
[ a , EQUALS , 2 , MULT , 2 ]
-------------- 


--------------------------[NEW ITERATION]
[ a , EQUALS , 2 , MULT , 2 ] 

[DOING] OPERator at INDEX: 1 <<PRIORITY>> 2 

[TRYING SETTING] [ a ] WITH [ 2 , MULT , 2 ] 


--------------------------[NEW ITERATION]
[ a ] 

[DOING] OPERator at INDEX: -1 <<PRIORITY>> 100 
[ a ] 
6 [3] 
false 


--------------------------[NEW ITERATION]
[ 2 , MULT , 2 ] 

[DOING] OPERator at INDEX: 1 <<PRIORITY>> 14 
 
[TRYING MULTIPLICATE] [ 2 ] WITH [ 2 ] 


--------------------------[NEW ITERATION]
[ 2 ] 

[DOING] OPERator at INDEX: -1 <<PRIORITY>> 100 
[ 2 ] 
1 [3] 
false 


--------------------------[NEW ITERATION]
[ 2 ] 

[DOING] OPERator at INDEX: -1 <<PRIORITY>> 100 
[ 2 ] 
2 [3] 
false 
[OPERATION Mult] 
4 
[STORING] id 145 name [ a ] with TOKEN 1111111000000000000000010010001 ON 6 value [ 4 ] 

-------Buffer----------
[2, 2, 2, 2, 2, 4, 4, 4, 4, 4, 4, 4, 4, 4, 4, 4, 4, 4, 4, 4, 4, 4, 4, 4, 4, 4, 4, 4, 4, 4, 4, 4, 4, 4, 4, 4, 4, 4, 4, 4, 4, 4, 4, 4, 4, 4, 4, 4, 4, 4, 4, 4, 4, 4, 4, 4, 4, 4, 4, 4, 4, 4, 4, 4, 4, 4, 4, 4, 4, 4, 4, 4, 4, 4, 4, 4, 4, 4, 4, 4, 4, 4, 4, 4, 4, 4, 4, 4, 4, 4, 4, 4, 4, 4, 4, 4, 4, 4, 4, 4, 4, 4, 4, 4, 4, 4, 4, 4, 4, 4, 4, 4, 4, 4, 4, 4, 4, 4, 4, 4, 4, 4, 4, 4, 4, 4, 4, 4, 4, 4, 4, 4, 4, 4, 4, 4, 4, 4, 4, 4, 4, 4, 4, 4, 4, 4]
----------------------------- 
-------cBUFFER---------
[0, 98, 0, 104, 105, 0, 97, 0]
-------------------------- 
[RETURN VALUE] [ 4 ] 
--------[EXEC CODE]:
[ a , EQUALS , 2 , MULT , 2 ]
-------------- 


--------------------------[NEW ITERATION]
[ a , EQUALS , 2 , MULT , 2 ] 

[DOING] OPERator at INDEX: 1 <<PRIORITY>> 2 

[TRYING SETTING] [ a ] WITH [ 2 , MULT , 2 ] 


--------------------------[NEW ITERATION]
[ a ] 

[DOING] OPERator at INDEX: -1 <<PRIORITY>> 100 
[ a ] 
6 [3] 
false 


--------------------------[NEW ITERATION]
[ 2 , MULT , 2 ] 

[DOING] OPERator at INDEX: 1 <<PRIORITY>> 14 
 
[TRYING MULTIPLICATE] [ 2 ] WITH [ 2 ] 


--------------------------[NEW ITERATION]
[ 2 ] 

[DOING] OPERator at INDEX: -1 <<PRIORITY>> 100 
[ 2 ] 
3 [3] 
true 
[EXECUTING  METHODE<<2>>]
 
[ a , EQUALS , 2 , MULT , 2 , ; , a , EQUALS , 2 , MULT , 2 , ; ]---------NEW LINE---------
[ a , EQUALS , 2 , MULT , 2 ]
-------------------- 
---------NEW LINE---------
[ a , EQUALS , 2 , MULT , 2 ]
-------------------- 
--------[EXEC CODE]:
[ a , EQUALS , 2 , MULT , 2 ]
-------------- 


--------------------------[NEW ITERATION]
[ a , EQUALS , 2 , MULT , 2 ] 

[DOING] OPERator at INDEX: 1 <<PRIORITY>> 2 

[TRYING SETTING] [ a ] WITH [ 2 , MULT , 2 ] 


--------------------------[NEW ITERATION]
[ a ] 

[DOING] OPERator at INDEX: -1 <<PRIORITY>> 100 
[ a ] 
6 [3] 
false 


--------------------------[NEW ITERATION]
[ 2 , MULT , 2 ] 

[DOING] OPERator at INDEX: 1 <<PRIORITY>> 14 
 
[TRYING MULTIPLICATE] [ 2 ] WITH [ 2 ] 


--------------------------[NEW ITERATION]
[ 2 ] 

[DOING] OPERator at INDEX: -1 <<PRIORITY>> 100 
[ 2 ] 
1 [3] 
false 


--------------------------[NEW ITERATION]
[ 2 ] 

[DOING] OPERator at INDEX: -1 <<PRIORITY>> 100 
[ 2 ] 
2 [3] 
false 
[OPERATION Mult] 
4 
[STORING] id 146 name [ a ] with TOKEN 1111111000000000000000010010010 ON 6 value [ 4 ] 

-------Buffer----------
[2, 2, 2, 2, 2, 4, 4, 4, 4, 4, 4, 4, 4, 4, 4, 4, 4, 4, 4, 4, 4, 4, 4, 4, 4, 4, 4, 4, 4, 4, 4, 4, 4, 4, 4, 4, 4, 4, 4, 4, 4, 4, 4, 4, 4, 4, 4, 4, 4, 4, 4, 4, 4, 4, 4, 4, 4, 4, 4, 4, 4, 4, 4, 4, 4, 4, 4, 4, 4, 4, 4, 4, 4, 4, 4, 4, 4, 4, 4, 4, 4, 4, 4, 4, 4, 4, 4, 4, 4, 4, 4, 4, 4, 4, 4, 4, 4, 4, 4, 4, 4, 4, 4, 4, 4, 4, 4, 4, 4, 4, 4, 4, 4, 4, 4, 4, 4, 4, 4, 4, 4, 4, 4, 4, 4, 4, 4, 4, 4, 4, 4, 4, 4, 4, 4, 4, 4, 4, 4, 4, 4, 4, 4, 4, 4, 4, 4]
----------------------------- 
-------cBUFFER---------
[0, 98, 0, 104, 105, 0, 97, 0]
-------------------------- 
[RETURN VALUE] [ 4 ] 
--------[EXEC CODE]:
[ a , EQUALS , 2 , MULT , 2 ]
-------------- 


--------------------------[NEW ITERATION]
[ a , EQUALS , 2 , MULT , 2 ] 

[DOING] OPERator at INDEX: 1 <<PRIORITY>> 2 

[TRYING SETTING] [ a ] WITH [ 2 , MULT , 2 ] 


--------------------------[NEW ITERATION]
[ a ] 

[DOING] OPERator at INDEX: -1 <<PRIORITY>> 100 
[ a ] 
6 [3] 
false 


--------------------------[NEW ITERATION]
[ 2 , MULT , 2 ] 

[DOING] OPERator at INDEX: 1 <<PRIORITY>> 14 
 
[TRYING MULTIPLICATE] [ 2 ] WITH [ 2 ] 


--------------------------[NEW ITERATION]
[ 2 ] 

[DOING] OPERator at INDEX: -1 <<PRIORITY>> 100 
[ 2 ] 
3 [3] 
true 
[EXECUTING  METHODE<<2>>]
 
[ a , EQUALS , 2 , MULT , 2 , ; , a , EQUALS , 2 , MULT , 2 , ; ]---------NEW LINE---------
[ a , EQUALS , 2 , MULT , 2 ]
-------------------- 
---------NEW LINE---------
[ a , EQUALS , 2 , MULT , 2 ]
-------------------- 
--------[EXEC CODE]:
[ a , EQUALS , 2 , MULT , 2 ]
-------------- 


--------------------------[NEW ITERATION]
[ a , EQUALS , 2 , MULT , 2 ] 

[DOING] OPERator at INDEX: 1 <<PRIORITY>> 2 

[TRYING SETTING] [ a ] WITH [ 2 , MULT , 2 ] 


--------------------------[NEW ITERATION]
[ a ] 

[DOING] OPERator at INDEX: -1 <<PRIORITY>> 100 
[ a ] 
6 [3] 
false 


--------------------------[NEW ITERATION]
[ 2 , MULT , 2 ] 

[DOING] OPERator at INDEX: 1 <<PRIORITY>> 14 
 
[TRYING MULTIPLICATE] [ 2 ] WITH [ 2 ] 


--------------------------[NEW ITERATION]
[ 2 ] 

[DOING] OPERator at INDEX: -1 <<PRIORITY>> 100 
[ 2 ] 
1 [3] 
false 


--------------------------[NEW ITERATION]
[ 2 ] 

[DOING] OPERator at INDEX: -1 <<PRIORITY>> 100 
[ 2 ] 
2 [3] 
false 
[OPERATION Mult] 
4 
[STORING] id 147 name [ a ] with TOKEN 1111111000000000000000010010011 ON 6 value [ 4 ] 

-------Buffer----------
[2, 2, 2, 2, 2, 4, 4, 4, 4, 4, 4, 4, 4, 4, 4, 4, 4, 4, 4, 4, 4, 4, 4, 4, 4, 4, 4, 4, 4, 4, 4, 4, 4, 4, 4, 4, 4, 4, 4, 4, 4, 4, 4, 4, 4, 4, 4, 4, 4, 4, 4, 4, 4, 4, 4, 4, 4, 4, 4, 4, 4, 4, 4, 4, 4, 4, 4, 4, 4, 4, 4, 4, 4, 4, 4, 4, 4, 4, 4, 4, 4, 4, 4, 4, 4, 4, 4, 4, 4, 4, 4, 4, 4, 4, 4, 4, 4, 4, 4, 4, 4, 4, 4, 4, 4, 4, 4, 4, 4, 4, 4, 4, 4, 4, 4, 4, 4, 4, 4, 4, 4, 4, 4, 4, 4, 4, 4, 4, 4, 4, 4, 4, 4, 4, 4, 4, 4, 4, 4, 4, 4, 4, 4, 4, 4, 4, 4, 4]
----------------------------- 
-------cBUFFER---------
[0, 98, 0, 104, 105, 0, 97, 0]
-------------------------- 
[RETURN VALUE] [ 4 ] 
--------[EXEC CODE]:
[ a , EQUALS , 2 , MULT , 2 ]
-------------- 


--------------------------[NEW ITERATION]
[ a , EQUALS , 2 , MULT , 2 ] 

[DOING] OPERator at INDEX: 1 <<PRIORITY>> 2 

[TRYING SETTING] [ a ] WITH [ 2 , MULT , 2 ] 


--------------------------[NEW ITERATION]
[ a ] 

[DOING] OPERator at INDEX: -1 <<PRIORITY>> 100 
[ a ] 
6 [3] 
false 


--------------------------[NEW ITERATION]
[ 2 , MULT , 2 ] 

[DOING] OPERator at INDEX: 1 <<PRIORITY>> 14 
 
[TRYING MULTIPLICATE] [ 2 ] WITH [ 2 ] 


--------------------------[NEW ITERATION]
[ 2 ] 

[DOING] OPERator at INDEX: -1 <<PRIORITY>> 100 
[ 2 ] 
3 [3] 
true 
[EXECUTING  METHODE<<2>>]
 
[ a , EQUALS , 2 , MULT , 2 , ; , a , EQUALS , 2 , MULT , 2 , ; ]---------NEW LINE---------
[ a , EQUALS , 2 , MULT , 2 ]
-------------------- 
---------NEW LINE---------
[ a , EQUALS , 2 , MULT , 2 ]
-------------------- 
--------[EXEC CODE]:
[ a , EQUALS , 2 , MULT , 2 ]
-------------- 


--------------------------[NEW ITERATION]
[ a , EQUALS , 2 , MULT , 2 ] 

[DOING] OPERator at INDEX: 1 <<PRIORITY>> 2 

[TRYING SETTING] [ a ] WITH [ 2 , MULT , 2 ] 


--------------------------[NEW ITERATION]
[ a ] 

[DOING] OPERator at INDEX: -1 <<PRIORITY>> 100 
[ a ] 
6 [3] 
false 


--------------------------[NEW ITERATION]
[ 2 , MULT , 2 ] 

[DOING] OPERator at INDEX: 1 <<PRIORITY>> 14 
 
[TRYING MULTIPLICATE] [ 2 ] WITH [ 2 ] 


--------------------------[NEW ITERATION]
[ 2 ] 

[DOING] OPERator at INDEX: -1 <<PRIORITY>> 100 
[ 2 ] 
1 [3] 
false 


--------------------------[NEW ITERATION]
[ 2 ] 

[DOING] OPERator at INDEX: -1 <<PRIORITY>> 100 
[ 2 ] 
2 [3] 
false 
[OPERATION Mult] 
4 
[STORING] id 148 name [ a ] with TOKEN 1111111000000000000000010010100 ON 6 value [ 4 ] 

-------Buffer----------
[2, 2, 2, 2, 2, 4, 4, 4, 4, 4, 4, 4, 4, 4, 4, 4, 4, 4, 4, 4, 4, 4, 4, 4, 4, 4, 4, 4, 4, 4, 4, 4, 4, 4, 4, 4, 4, 4, 4, 4, 4, 4, 4, 4, 4, 4, 4, 4, 4, 4, 4, 4, 4, 4, 4, 4, 4, 4, 4, 4, 4, 4, 4, 4, 4, 4, 4, 4, 4, 4, 4, 4, 4, 4, 4, 4, 4, 4, 4, 4, 4, 4, 4, 4, 4, 4, 4, 4, 4, 4, 4, 4, 4, 4, 4, 4, 4, 4, 4, 4, 4, 4, 4, 4, 4, 4, 4, 4, 4, 4, 4, 4, 4, 4, 4, 4, 4, 4, 4, 4, 4, 4, 4, 4, 4, 4, 4, 4, 4, 4, 4, 4, 4, 4, 4, 4, 4, 4, 4, 4, 4, 4, 4, 4, 4, 4, 4, 4, 4]
----------------------------- 
-------cBUFFER---------
[0, 98, 0, 104, 105, 0, 97, 0]
-------------------------- 
[RETURN VALUE] [ 4 ] 
--------[EXEC CODE]:
[ a , EQUALS , 2 , MULT , 2 ]
-------------- 


--------------------------[NEW ITERATION]
[ a , EQUALS , 2 , MULT , 2 ] 

[DOING] OPERator at INDEX: 1 <<PRIORITY>> 2 

[TRYING SETTING] [ a ] WITH [ 2 , MULT , 2 ] 


--------------------------[NEW ITERATION]
[ a ] 

[DOING] OPERator at INDEX: -1 <<PRIORITY>> 100 
[ a ] 
6 [3] 
false 


--------------------------[NEW ITERATION]
[ 2 , MULT , 2 ] 

[DOING] OPERator at INDEX: 1 <<PRIORITY>> 14 
 
[TRYING MULTIPLICATE] [ 2 ] WITH [ 2 ] 


--------------------------[NEW ITERATION]
[ 2 ] 

[DOING] OPERator at INDEX: -1 <<PRIORITY>> 100 
[ 2 ] 
3 [3] 
true 
[EXECUTING  METHODE<<2>>]
 
[ a , EQUALS , 2 , MULT , 2 , ; , a , EQUALS , 2 , MULT , 2 , ; ]---------NEW LINE---------
[ a , EQUALS , 2 , MULT , 2 ]
-------------------- 
---------NEW LINE---------
[ a , EQUALS , 2 , MULT , 2 ]
-------------------- 
--------[EXEC CODE]:
[ a , EQUALS , 2 , MULT , 2 ]
-------------- 


--------------------------[NEW ITERATION]
[ a , EQUALS , 2 , MULT , 2 ] 

[DOING] OPERator at INDEX: 1 <<PRIORITY>> 2 

[TRYING SETTING] [ a ] WITH [ 2 , MULT , 2 ] 


--------------------------[NEW ITERATION]
[ a ] 

[DOING] OPERator at INDEX: -1 <<PRIORITY>> 100 
[ a ] 
6 [3] 
false 


--------------------------[NEW ITERATION]
[ 2 , MULT , 2 ] 

[DOING] OPERator at INDEX: 1 <<PRIORITY>> 14 
 
[TRYING MULTIPLICATE] [ 2 ] WITH [ 2 ] 


--------------------------[NEW ITERATION]
[ 2 ] 

[DOING] OPERator at INDEX: -1 <<PRIORITY>> 100 
[ 2 ] 
1 [3] 
false 


--------------------------[NEW ITERATION]
[ 2 ] 

[DOING] OPERator at INDEX: -1 <<PRIORITY>> 100 
[ 2 ] 
2 [3] 
false 
[OPERATION Mult] 
4 
[STORING] id 149 name [ a ] with TOKEN 1111111000000000000000010010101 ON 6 value [ 4 ] 

-------Buffer----------
[2, 2, 2, 2, 2, 4, 4, 4, 4, 4, 4, 4, 4, 4, 4, 4, 4, 4, 4, 4, 4, 4, 4, 4, 4, 4, 4, 4, 4, 4, 4, 4, 4, 4, 4, 4, 4, 4, 4, 4, 4, 4, 4, 4, 4, 4, 4, 4, 4, 4, 4, 4, 4, 4, 4, 4, 4, 4, 4, 4, 4, 4, 4, 4, 4, 4, 4, 4, 4, 4, 4, 4, 4, 4, 4, 4, 4, 4, 4, 4, 4, 4, 4, 4, 4, 4, 4, 4, 4, 4, 4, 4, 4, 4, 4, 4, 4, 4, 4, 4, 4, 4, 4, 4, 4, 4, 4, 4, 4, 4, 4, 4, 4, 4, 4, 4, 4, 4, 4, 4, 4, 4, 4, 4, 4, 4, 4, 4, 4, 4, 4, 4, 4, 4, 4, 4, 4, 4, 4, 4, 4, 4, 4, 4, 4, 4, 4, 4, 4, 4]
----------------------------- 
-------cBUFFER---------
[0, 98, 0, 104, 105, 0, 97, 0]
-------------------------- 
[RETURN VALUE] [ 4 ] 
--------[EXEC CODE]:
[ a , EQUALS , 2 , MULT , 2 ]
-------------- 


--------------------------[NEW ITERATION]
[ a , EQUALS , 2 , MULT , 2 ] 

[DOING] OPERator at INDEX: 1 <<PRIORITY>> 2 

[TRYING SETTING] [ a ] WITH [ 2 , MULT , 2 ] 


--------------------------[NEW ITERATION]
[ a ] 

[DOING] OPERator at INDEX: -1 <<PRIORITY>> 100 
[ a ] 
6 [3] 
false 


--------------------------[NEW ITERATION]
[ 2 , MULT , 2 ] 

[DOING] OPERator at INDEX: 1 <<PRIORITY>> 14 
 
[TRYING MULTIPLICATE] [ 2 ] WITH [ 2 ] 


--------------------------[NEW ITERATION]
[ 2 ] 

[DOING] OPERator at INDEX: -1 <<PRIORITY>> 100 
[ 2 ] 
3 [3] 
true 
[EXECUTING  METHODE<<2>>]
 
[ a , EQUALS , 2 , MULT , 2 , ; , a , EQUALS , 2 , MULT , 2 , ; ]---------NEW LINE---------
[ a , EQUALS , 2 , MULT , 2 ]
-------------------- 
---------NEW LINE---------
[ a , EQUALS , 2 , MULT , 2 ]
-------------------- 
--------[EXEC CODE]:
[ a , EQUALS , 2 , MULT , 2 ]
-------------- 


--------------------------[NEW ITERATION]
[ a , EQUALS , 2 , MULT , 2 ] 

[DOING] OPERator at INDEX: 1 <<PRIORITY>> 2 

[TRYING SETTING] [ a ] WITH [ 2 , MULT , 2 ] 


--------------------------[NEW ITERATION]
[ a ] 

[DOING] OPERator at INDEX: -1 <<PRIORITY>> 100 
[ a ] 
6 [3] 
false 


--------------------------[NEW ITERATION]
[ 2 , MULT , 2 ] 

[DOING] OPERator at INDEX: 1 <<PRIORITY>> 14 
 
[TRYING MULTIPLICATE] [ 2 ] WITH [ 2 ] 


--------------------------[NEW ITERATION]
[ 2 ] 

[DOING] OPERator at INDEX: -1 <<PRIORITY>> 100 
[ 2 ] 
1 [3] 
false 


--------------------------[NEW ITERATION]
[ 2 ] 

[DOING] OPERator at INDEX: -1 <<PRIORITY>> 100 
[ 2 ] 
2 [3] 
false 
[OPERATION Mult] 
4 
[STORING] id 150 name [ a ] with TOKEN 1111111000000000000000010010110 ON 6 value [ 4 ] 

-------Buffer----------
[2, 2, 2, 2, 2, 4, 4, 4, 4, 4, 4, 4, 4, 4, 4, 4, 4, 4, 4, 4, 4, 4, 4, 4, 4, 4, 4, 4, 4, 4, 4, 4, 4, 4, 4, 4, 4, 4, 4, 4, 4, 4, 4, 4, 4, 4, 4, 4, 4, 4, 4, 4, 4, 4, 4, 4, 4, 4, 4, 4, 4, 4, 4, 4, 4, 4, 4, 4, 4, 4, 4, 4, 4, 4, 4, 4, 4, 4, 4, 4, 4, 4, 4, 4, 4, 4, 4, 4, 4, 4, 4, 4, 4, 4, 4, 4, 4, 4, 4, 4, 4, 4, 4, 4, 4, 4, 4, 4, 4, 4, 4, 4, 4, 4, 4, 4, 4, 4, 4, 4, 4, 4, 4, 4, 4, 4, 4, 4, 4, 4, 4, 4, 4, 4, 4, 4, 4, 4, 4, 4, 4, 4, 4, 4, 4, 4, 4, 4, 4, 4, 4]
----------------------------- 
-------cBUFFER---------
[0, 98, 0, 104, 105, 0, 97, 0]
-------------------------- 
[RETURN VALUE] [ 4 ] 
--------[EXEC CODE]:
[ a , EQUALS , 2 , MULT , 2 ]
-------------- 


--------------------------[NEW ITERATION]
[ a , EQUALS , 2 , MULT , 2 ] 

[DOING] OPERator at INDEX: 1 <<PRIORITY>> 2 

[TRYING SETTING] [ a ] WITH [ 2 , MULT , 2 ] 


--------------------------[NEW ITERATION]
[ a ] 

[DOING] OPERator at INDEX: -1 <<PRIORITY>> 100 
[ a ] 
6 [3] 
false 


--------------------------[NEW ITERATION]
[ 2 , MULT , 2 ] 

[DOING] OPERator at INDEX: 1 <<PRIORITY>> 14 
 
[TRYING MULTIPLICATE] [ 2 ] WITH [ 2 ] 


--------------------------[NEW ITERATION]
[ 2 ] 

[DOING] OPERator at INDEX: -1 <<PRIORITY>> 100 
[ 2 ] 
3 [3] 
true 
[EXECUTING  METHODE<<2>>]
 
[ a , EQUALS , 2 , MULT , 2 , ; , a , EQUALS , 2 , MULT , 2 , ; ]---------NEW LINE---------
[ a , EQUALS , 2 , MULT , 2 ]
-------------------- 
---------NEW LINE---------
[ a , EQUALS , 2 , MULT , 2 ]
-------------------- 
--------[EXEC CODE]:
[ a , EQUALS , 2 , MULT , 2 ]
-------------- 


--------------------------[NEW ITERATION]
[ a , EQUALS , 2 , MULT , 2 ] 

[DOING] OPERator at INDEX: 1 <<PRIORITY>> 2 

[TRYING SETTING] [ a ] WITH [ 2 , MULT , 2 ] 


--------------------------[NEW ITERATION]
[ a ] 

[DOING] OPERator at INDEX: -1 <<PRIORITY>> 100 
[ a ] 
6 [3] 
false 


--------------------------[NEW ITERATION]
[ 2 , MULT , 2 ] 

[DOING] OPERator at INDEX: 1 <<PRIORITY>> 14 
 
[TRYING MULTIPLICATE] [ 2 ] WITH [ 2 ] 


--------------------------[NEW ITERATION]
[ 2 ] 

[DOING] OPERator at INDEX: -1 <<PRIORITY>> 100 
[ 2 ] 
1 [3] 
false 


--------------------------[NEW ITERATION]
[ 2 ] 

[DOING] OPERator at INDEX: -1 <<PRIORITY>> 100 
[ 2 ] 
2 [3] 
false 
[OPERATION Mult] 
4 
[STORING] id 151 name [ a ] with TOKEN 1111111000000000000000010010111 ON 6 value [ 4 ] 

-------Buffer----------
[2, 2, 2, 2, 2, 4, 4, 4, 4, 4, 4, 4, 4, 4, 4, 4, 4, 4, 4, 4, 4, 4, 4, 4, 4, 4, 4, 4, 4, 4, 4, 4, 4, 4, 4, 4, 4, 4, 4, 4, 4, 4, 4, 4, 4, 4, 4, 4, 4, 4, 4, 4, 4, 4, 4, 4, 4, 4, 4, 4, 4, 4, 4, 4, 4, 4, 4, 4, 4, 4, 4, 4, 4, 4, 4, 4, 4, 4, 4, 4, 4, 4, 4, 4, 4, 4, 4, 4, 4, 4, 4, 4, 4, 4, 4, 4, 4, 4, 4, 4, 4, 4, 4, 4, 4, 4, 4, 4, 4, 4, 4, 4, 4, 4, 4, 4, 4, 4, 4, 4, 4, 4, 4, 4, 4, 4, 4, 4, 4, 4, 4, 4, 4, 4, 4, 4, 4, 4, 4, 4, 4, 4, 4, 4, 4, 4, 4, 4, 4, 4, 4, 4]
----------------------------- 
-------cBUFFER---------
[0, 98, 0, 104, 105, 0, 97, 0]
-------------------------- 
[RETURN VALUE] [ 4 ] 
--------[EXEC CODE]:
[ a , EQUALS , 2 , MULT , 2 ]
-------------- 


--------------------------[NEW ITERATION]
[ a , EQUALS , 2 , MULT , 2 ] 

[DOING] OPERator at INDEX: 1 <<PRIORITY>> 2 

[TRYING SETTING] [ a ] WITH [ 2 , MULT , 2 ] 


--------------------------[NEW ITERATION]
[ a ] 

[DOING] OPERator at INDEX: -1 <<PRIORITY>> 100 
[ a ] 
6 [3] 
false 


--------------------------[NEW ITERATION]
[ 2 , MULT , 2 ] 

[DOING] OPERator at INDEX: 1 <<PRIORITY>> 14 
 
[TRYING MULTIPLICATE] [ 2 ] WITH [ 2 ] 


--------------------------[NEW ITERATION]
[ 2 ] 

[DOING] OPERator at INDEX: -1 <<PRIORITY>> 100 
[ 2 ] 
3 [3] 
true 
[EXECUTING  METHODE<<2>>]
 
[ a , EQUALS , 2 , MULT , 2 , ; , a , EQUALS , 2 , MULT , 2 , ; ]---------NEW LINE---------
[ a , EQUALS , 2 , MULT , 2 ]
-------------------- 
---------NEW LINE---------
[ a , EQUALS , 2 , MULT , 2 ]
-------------------- 
--------[EXEC CODE]:
[ a , EQUALS , 2 , MULT , 2 ]
-------------- 


--------------------------[NEW ITERATION]
[ a , EQUALS , 2 , MULT , 2 ] 

[DOING] OPERator at INDEX: 1 <<PRIORITY>> 2 

[TRYING SETTING] [ a ] WITH [ 2 , MULT , 2 ] 


--------------------------[NEW ITERATION]
[ a ] 

[DOING] OPERator at INDEX: -1 <<PRIORITY>> 100 
[ a ] 
6 [3] 
false 


--------------------------[NEW ITERATION]
[ 2 , MULT , 2 ] 

[DOING] OPERator at INDEX: 1 <<PRIORITY>> 14 
 
[TRYING MULTIPLICATE] [ 2 ] WITH [ 2 ] 


--------------------------[NEW ITERATION]
[ 2 ] 

[DOING] OPERator at INDEX: -1 <<PRIORITY>> 100 
[ 2 ] 
1 [3] 
false 


--------------------------[NEW ITERATION]
[ 2 ] 

[DOING] OPERator at INDEX: -1 <<PRIORITY>> 100 
[ 2 ] 
2 [3] 
false 
[OPERATION Mult] 
4 
[STORING] id 152 name [ a ] with TOKEN 1111111000000000000000010011000 ON 6 value [ 4 ] 

-------Buffer----------
[2, 2, 2, 2, 2, 4, 4, 4, 4, 4, 4, 4, 4, 4, 4, 4, 4, 4, 4, 4, 4, 4, 4, 4, 4, 4, 4, 4, 4, 4, 4, 4, 4, 4, 4, 4, 4, 4, 4, 4, 4, 4, 4, 4, 4, 4, 4, 4, 4, 4, 4, 4, 4, 4, 4, 4, 4, 4, 4, 4, 4, 4, 4, 4, 4, 4, 4, 4, 4, 4, 4, 4, 4, 4, 4, 4, 4, 4, 4, 4, 4, 4, 4, 4, 4, 4, 4, 4, 4, 4, 4, 4, 4, 4, 4, 4, 4, 4, 4, 4, 4, 4, 4, 4, 4, 4, 4, 4, 4, 4, 4, 4, 4, 4, 4, 4, 4, 4, 4, 4, 4, 4, 4, 4, 4, 4, 4, 4, 4, 4, 4, 4, 4, 4, 4, 4, 4, 4, 4, 4, 4, 4, 4, 4, 4, 4, 4, 4, 4, 4, 4, 4, 4]
----------------------------- 
-------cBUFFER---------
[0, 98, 0, 104, 105, 0, 97, 0]
-------------------------- 
[RETURN VALUE] [ 4 ] 
--------[EXEC CODE]:
[ a , EQUALS , 2 , MULT , 2 ]
-------------- 


--------------------------[NEW ITERATION]
[ a , EQUALS , 2 , MULT , 2 ] 

[DOING] OPERator at INDEX: 1 <<PRIORITY>> 2 

[TRYING SETTING] [ a ] WITH [ 2 , MULT , 2 ] 


--------------------------[NEW ITERATION]
[ a ] 

[DOING] OPERator at INDEX: -1 <<PRIORITY>> 100 
[ a ] 
6 [3] 
false 


--------------------------[NEW ITERATION]
[ 2 , MULT , 2 ] 

[DOING] OPERator at INDEX: 1 <<PRIORITY>> 14 
 
[TRYING MULTIPLICATE] [ 2 ] WITH [ 2 ] 


--------------------------[NEW ITERATION]
[ 2 ] 

[DOING] OPERator at INDEX: -1 <<PRIORITY>> 100 
[ 2 ] 
3 [3] 
true 
[EXECUTING  METHODE<<2>>]
 
[ a , EQUALS , 2 , MULT , 2 , ; , a , EQUALS , 2 , MULT , 2 , ; ]---------NEW LINE---------
[ a , EQUALS , 2 , MULT , 2 ]
-------------------- 
---------NEW LINE---------
[ a , EQUALS , 2 , MULT , 2 ]
-------------------- 
--------[EXEC CODE]:
[ a , EQUALS , 2 , MULT , 2 ]
-------------- 


--------------------------[NEW ITERATION]
[ a , EQUALS , 2 , MULT , 2 ] 

[DOING] OPERator at INDEX: 1 <<PRIORITY>> 2 

[TRYING SETTING] [ a ] WITH [ 2 , MULT , 2 ] 


--------------------------[NEW ITERATION]
[ a ] 

[DOING] OPERator at INDEX: -1 <<PRIORITY>> 100 
[ a ] 
6 [3] 
false 


--------------------------[NEW ITERATION]
[ 2 , MULT , 2 ] 

[DOING] OPERator at INDEX: 1 <<PRIORITY>> 14 
 
[TRYING MULTIPLICATE] [ 2 ] WITH [ 2 ] 


--------------------------[NEW ITERATION]
[ 2 ] 

[DOING] OPERator at INDEX: -1 <<PRIORITY>> 100 
[ 2 ] 
1 [3] 
false 


--------------------------[NEW ITERATION]
[ 2 ] 

[DOING] OPERator at INDEX: -1 <<PRIORITY>> 100 
[ 2 ] 
2 [3] 
false 
[OPERATION Mult] 
4 
[STORING] id 153 name [ a ] with TOKEN 1111111000000000000000010011001 ON 6 value [ 4 ] 

-------Buffer----------
[2, 2, 2, 2, 2, 4, 4, 4, 4, 4, 4, 4, 4, 4, 4, 4, 4, 4, 4, 4, 4, 4, 4, 4, 4, 4, 4, 4, 4, 4, 4, 4, 4, 4, 4, 4, 4, 4, 4, 4, 4, 4, 4, 4, 4, 4, 4, 4, 4, 4, 4, 4, 4, 4, 4, 4, 4, 4, 4, 4, 4, 4, 4, 4, 4, 4, 4, 4, 4, 4, 4, 4, 4, 4, 4, 4, 4, 4, 4, 4, 4, 4, 4, 4, 4, 4, 4, 4, 4, 4, 4, 4, 4, 4, 4, 4, 4, 4, 4, 4, 4, 4, 4, 4, 4, 4, 4, 4, 4, 4, 4, 4, 4, 4, 4, 4, 4, 4, 4, 4, 4, 4, 4, 4, 4, 4, 4, 4, 4, 4, 4, 4, 4, 4, 4, 4, 4, 4, 4, 4, 4, 4, 4, 4, 4, 4, 4, 4, 4, 4, 4, 4, 4, 4]
----------------------------- 
-------cBUFFER---------
[0, 98, 0, 104, 105, 0, 97, 0]
-------------------------- 
[RETURN VALUE] [ 4 ] 
--------[EXEC CODE]:
[ a , EQUALS , 2 , MULT , 2 ]
-------------- 


--------------------------[NEW ITERATION]
[ a , EQUALS , 2 , MULT , 2 ] 

[DOING] OPERator at INDEX: 1 <<PRIORITY>> 2 

[TRYING SETTING] [ a ] WITH [ 2 , MULT , 2 ] 


--------------------------[NEW ITERATION]
[ a ] 

[DOING] OPERator at INDEX: -1 <<PRIORITY>> 100 
[ a ] 
6 [3] 
false 


--------------------------[NEW ITERATION]
[ 2 , MULT , 2 ] 

[DOING] OPERator at INDEX: 1 <<PRIORITY>> 14 
 
[TRYING MULTIPLICATE] [ 2 ] WITH [ 2 ] 


--------------------------[NEW ITERATION]
[ 2 ] 

[DOING] OPERator at INDEX: -1 <<PRIORITY>> 100 
[ 2 ] 
3 [3] 
true 
[EXECUTING  METHODE<<2>>]
 
[ a , EQUALS , 2 , MULT , 2 , ; , a , EQUALS , 2 , MULT , 2 , ; ]---------NEW LINE---------
[ a , EQUALS , 2 , MULT , 2 ]
-------------------- 
---------NEW LINE---------
[ a , EQUALS , 2 , MULT , 2 ]
-------------------- 
--------[EXEC CODE]:
[ a , EQUALS , 2 , MULT , 2 ]
-------------- 


--------------------------[NEW ITERATION]
[ a , EQUALS , 2 , MULT , 2 ] 

[DOING] OPERator at INDEX: 1 <<PRIORITY>> 2 

[TRYING SETTING] [ a ] WITH [ 2 , MULT , 2 ] 


--------------------------[NEW ITERATION]
[ a ] 

[DOING] OPERator at INDEX: -1 <<PRIORITY>> 100 
[ a ] 
6 [3] 
false 


--------------------------[NEW ITERATION]
[ 2 , MULT , 2 ] 

[DOING] OPERator at INDEX: 1 <<PRIORITY>> 14 
 
[TRYING MULTIPLICATE] [ 2 ] WITH [ 2 ] 


--------------------------[NEW ITERATION]
[ 2 ] 

[DOING] OPERator at INDEX: -1 <<PRIORITY>> 100 
[ 2 ] 
1 [3] 
false 


--------------------------[NEW ITERATION]
[ 2 ] 

[DOING] OPERator at INDEX: -1 <<PRIORITY>> 100 
[ 2 ] 
2 [3] 
false 
[OPERATION Mult] 
4 
[STORING] id 154 name [ a ] with TOKEN 1111111000000000000000010011010 ON 6 value [ 4 ] 

-------Buffer----------
[2, 2, 2, 2, 2, 4, 4, 4, 4, 4, 4, 4, 4, 4, 4, 4, 4, 4, 4, 4, 4, 4, 4, 4, 4, 4, 4, 4, 4, 4, 4, 4, 4, 4, 4, 4, 4, 4, 4, 4, 4, 4, 4, 4, 4, 4, 4, 4, 4, 4, 4, 4, 4, 4, 4, 4, 4, 4, 4, 4, 4, 4, 4, 4, 4, 4, 4, 4, 4, 4, 4, 4, 4, 4, 4, 4, 4, 4, 4, 4, 4, 4, 4, 4, 4, 4, 4, 4, 4, 4, 4, 4, 4, 4, 4, 4, 4, 4, 4, 4, 4, 4, 4, 4, 4, 4, 4, 4, 4, 4, 4, 4, 4, 4, 4, 4, 4, 4, 4, 4, 4, 4, 4, 4, 4, 4, 4, 4, 4, 4, 4, 4, 4, 4, 4, 4, 4, 4, 4, 4, 4, 4, 4, 4, 4, 4, 4, 4, 4, 4, 4, 4, 4, 4, 4]
----------------------------- 
-------cBUFFER---------
[0, 98, 0, 104, 105, 0, 97, 0]
-------------------------- 
[RETURN VALUE] [ 4 ] 
--------[EXEC CODE]:
[ a , EQUALS , 2 , MULT , 2 ]
-------------- 


--------------------------[NEW ITERATION]
[ a , EQUALS , 2 , MULT , 2 ] 

[DOING] OPERator at INDEX: 1 <<PRIORITY>> 2 

[TRYING SETTING] [ a ] WITH [ 2 , MULT , 2 ] 


--------------------------[NEW ITERATION]
[ a ] 

[DOING] OPERator at INDEX: -1 <<PRIORITY>> 100 
[ a ] 
6 [3] 
false 


--------------------------[NEW ITERATION]
[ 2 , MULT , 2 ] 

[DOING] OPERator at INDEX: 1 <<PRIORITY>> 14 
 
[TRYING MULTIPLICATE] [ 2 ] WITH [ 2 ] 


--------------------------[NEW ITERATION]
[ 2 ] 

[DOING] OPERator at INDEX: -1 <<PRIORITY>> 100 
[ 2 ] 
3 [3] 
true 
[EXECUTING  METHODE<<2>>]
 
[ a , EQUALS , 2 , MULT , 2 , ; , a , EQUALS , 2 , MULT , 2 , ; ]---------NEW LINE---------
[ a , EQUALS , 2 , MULT , 2 ]
-------------------- 
---------NEW LINE---------
[ a , EQUALS , 2 , MULT , 2 ]
-------------------- 
--------[EXEC CODE]:
[ a , EQUALS , 2 , MULT , 2 ]
-------------- 


--------------------------[NEW ITERATION]
[ a , EQUALS , 2 , MULT , 2 ] 

[DOING] OPERator at INDEX: 1 <<PRIORITY>> 2 

[TRYING SETTING] [ a ] WITH [ 2 , MULT , 2 ] 


--------------------------[NEW ITERATION]
[ a ] 

[DOING] OPERator at INDEX: -1 <<PRIORITY>> 100 
[ a ] 
6 [3] 
false 


--------------------------[NEW ITERATION]
[ 2 , MULT , 2 ] 

[DOING] OPERator at INDEX: 1 <<PRIORITY>> 14 
 
[TRYING MULTIPLICATE] [ 2 ] WITH [ 2 ] 


--------------------------[NEW ITERATION]
[ 2 ] 

[DOING] OPERator at INDEX: -1 <<PRIORITY>> 100 
[ 2 ] 
1 [3] 
false 


--------------------------[NEW ITERATION]
[ 2 ] 

[DOING] OPERator at INDEX: -1 <<PRIORITY>> 100 
[ 2 ] 
2 [3] 
false 
[OPERATION Mult] 
4 
[STORING] id 155 name [ a ] with TOKEN 1111111000000000000000010011011 ON 6 value [ 4 ] 

-------Buffer----------
[2, 2, 2, 2, 2, 4, 4, 4, 4, 4, 4, 4, 4, 4, 4, 4, 4, 4, 4, 4, 4, 4, 4, 4, 4, 4, 4, 4, 4, 4, 4, 4, 4, 4, 4, 4, 4, 4, 4, 4, 4, 4, 4, 4, 4, 4, 4, 4, 4, 4, 4, 4, 4, 4, 4, 4, 4, 4, 4, 4, 4, 4, 4, 4, 4, 4, 4, 4, 4, 4, 4, 4, 4, 4, 4, 4, 4, 4, 4, 4, 4, 4, 4, 4, 4, 4, 4, 4, 4, 4, 4, 4, 4, 4, 4, 4, 4, 4, 4, 4, 4, 4, 4, 4, 4, 4, 4, 4, 4, 4, 4, 4, 4, 4, 4, 4, 4, 4, 4, 4, 4, 4, 4, 4, 4, 4, 4, 4, 4, 4, 4, 4, 4, 4, 4, 4, 4, 4, 4, 4, 4, 4, 4, 4, 4, 4, 4, 4, 4, 4, 4, 4, 4, 4, 4, 4]
----------------------------- 
-------cBUFFER---------
[0, 98, 0, 104, 105, 0, 97, 0]
-------------------------- 
[RETURN VALUE] [ 4 ] 
--------[EXEC CODE]:
[ a , EQUALS , 2 , MULT , 2 ]
-------------- 


--------------------------[NEW ITERATION]
[ a , EQUALS , 2 , MULT , 2 ] 

[DOING] OPERator at INDEX: 1 <<PRIORITY>> 2 

[TRYING SETTING] [ a ] WITH [ 2 , MULT , 2 ] 


--------------------------[NEW ITERATION]
[ a ] 

[DOING] OPERator at INDEX: -1 <<PRIORITY>> 100 
[ a ] 
6 [3] 
false 


--------------------------[NEW ITERATION]
[ 2 , MULT , 2 ] 

[DOING] OPERator at INDEX: 1 <<PRIORITY>> 14 
 
[TRYING MULTIPLICATE] [ 2 ] WITH [ 2 ] 


--------------------------[NEW ITERATION]
[ 2 ] 

[DOING] OPERator at INDEX: -1 <<PRIORITY>> 100 
[ 2 ] 
3 [3] 
true 
[EXECUTING  METHODE<<2>>]
 
[ a , EQUALS , 2 , MULT , 2 , ; , a , EQUALS , 2 , MULT , 2 , ; ]---------NEW LINE---------
[ a , EQUALS , 2 , MULT , 2 ]
-------------------- 
---------NEW LINE---------
[ a , EQUALS , 2 , MULT , 2 ]
-------------------- 
--------[EXEC CODE]:
[ a , EQUALS , 2 , MULT , 2 ]
-------------- 


--------------------------[NEW ITERATION]
[ a , EQUALS , 2 , MULT , 2 ] 

[DOING] OPERator at INDEX: 1 <<PRIORITY>> 2 

[TRYING SETTING] [ a ] WITH [ 2 , MULT , 2 ] 


--------------------------[NEW ITERATION]
[ a ] 

[DOING] OPERator at INDEX: -1 <<PRIORITY>> 100 
[ a ] 
6 [3] 
false 


--------------------------[NEW ITERATION]
[ 2 , MULT , 2 ] 

[DOING] OPERator at INDEX: 1 <<PRIORITY>> 14 
 
[TRYING MULTIPLICATE] [ 2 ] WITH [ 2 ] 


--------------------------[NEW ITERATION]
[ 2 ] 

[DOING] OPERator at INDEX: -1 <<PRIORITY>> 100 
[ 2 ] 
1 [3] 
false 


--------------------------[NEW ITERATION]
[ 2 ] 

[DOING] OPERator at INDEX: -1 <<PRIORITY>> 100 
[ 2 ] 
2 [3] 
false 
[OPERATION Mult] 
4 
[STORING] id 156 name [ a ] with TOKEN 1111111000000000000000010011100 ON 6 value [ 4 ] 

-------Buffer----------
[2, 2, 2, 2, 2, 4, 4, 4, 4, 4, 4, 4, 4, 4, 4, 4, 4, 4, 4, 4, 4, 4, 4, 4, 4, 4, 4, 4, 4, 4, 4, 4, 4, 4, 4, 4, 4, 4, 4, 4, 4, 4, 4, 4, 4, 4, 4, 4, 4, 4, 4, 4, 4, 4, 4, 4, 4, 4, 4, 4, 4, 4, 4, 4, 4, 4, 4, 4, 4, 4, 4, 4, 4, 4, 4, 4, 4, 4, 4, 4, 4, 4, 4, 4, 4, 4, 4, 4, 4, 4, 4, 4, 4, 4, 4, 4, 4, 4, 4, 4, 4, 4, 4, 4, 4, 4, 4, 4, 4, 4, 4, 4, 4, 4, 4, 4, 4, 4, 4, 4, 4, 4, 4, 4, 4, 4, 4, 4, 4, 4, 4, 4, 4, 4, 4, 4, 4, 4, 4, 4, 4, 4, 4, 4, 4, 4, 4, 4, 4, 4, 4, 4, 4, 4, 4, 4, 4]
----------------------------- 
-------cBUFFER---------
[0, 98, 0, 104, 105, 0, 97, 0]
-------------------------- 
[RETURN VALUE] [ 4 ] 
--------[EXEC CODE]:
[ a , EQUALS , 2 , MULT , 2 ]
-------------- 


--------------------------[NEW ITERATION]
[ a , EQUALS , 2 , MULT , 2 ] 

[DOING] OPERator at INDEX: 1 <<PRIORITY>> 2 

[TRYING SETTING] [ a ] WITH [ 2 , MULT , 2 ] 


--------------------------[NEW ITERATION]
[ a ] 

[DOING] OPERator at INDEX: -1 <<PRIORITY>> 100 
[ a ] 
6 [3] 
false 


--------------------------[NEW ITERATION]
[ 2 , MULT , 2 ] 

[DOING] OPERator at INDEX: 1 <<PRIORITY>> 14 
 
[TRYING MULTIPLICATE] [ 2 ] WITH [ 2 ] 


--------------------------[NEW ITERATION]
[ 2 ] 

[DOING] OPERator at INDEX: -1 <<PRIORITY>> 100 
[ 2 ] 
3 [3] 
true 
[EXECUTING  METHODE<<2>>]
 
[ a , EQUALS , 2 , MULT , 2 , ; , a , EQUALS , 2 , MULT , 2 , ; ]---------NEW LINE---------
[ a , EQUALS , 2 , MULT , 2 ]
-------------------- 
---------NEW LINE---------
[ a , EQUALS , 2 , MULT , 2 ]
-------------------- 
--------[EXEC CODE]:
[ a , EQUALS , 2 , MULT , 2 ]
-------------- 


--------------------------[NEW ITERATION]
[ a , EQUALS , 2 , MULT , 2 ] 

[DOING] OPERator at INDEX: 1 <<PRIORITY>> 2 

[TRYING SETTING] [ a ] WITH [ 2 , MULT , 2 ] 


--------------------------[NEW ITERATION]
[ a ] 

[DOING] OPERator at INDEX: -1 <<PRIORITY>> 100 
[ a ] 
6 [3] 
false 


--------------------------[NEW ITERATION]
[ 2 , MULT , 2 ] 

[DOING] OPERator at INDEX: 1 <<PRIORITY>> 14 
 
[TRYING MULTIPLICATE] [ 2 ] WITH [ 2 ] 


--------------------------[NEW ITERATION]
[ 2 ] 

[DOING] OPERator at INDEX: -1 <<PRIORITY>> 100 
[ 2 ] 
1 [3] 
false 


--------------------------[NEW ITERATION]
[ 2 ] 

[DOING] OPERator at INDEX: -1 <<PRIORITY>> 100 
[ 2 ] 
2 [3] 
false 
[OPERATION Mult] 
4 
[STORING] id 157 name [ a ] with TOKEN 1111111000000000000000010011101 ON 6 value [ 4 ] 

-------Buffer----------
[2, 2, 2, 2, 2, 4, 4, 4, 4, 4, 4, 4, 4, 4, 4, 4, 4, 4, 4, 4, 4, 4, 4, 4, 4, 4, 4, 4, 4, 4, 4, 4, 4, 4, 4, 4, 4, 4, 4, 4, 4, 4, 4, 4, 4, 4, 4, 4, 4, 4, 4, 4, 4, 4, 4, 4, 4, 4, 4, 4, 4, 4, 4, 4, 4, 4, 4, 4, 4, 4, 4, 4, 4, 4, 4, 4, 4, 4, 4, 4, 4, 4, 4, 4, 4, 4, 4, 4, 4, 4, 4, 4, 4, 4, 4, 4, 4, 4, 4, 4, 4, 4, 4, 4, 4, 4, 4, 4, 4, 4, 4, 4, 4, 4, 4, 4, 4, 4, 4, 4, 4, 4, 4, 4, 4, 4, 4, 4, 4, 4, 4, 4, 4, 4, 4, 4, 4, 4, 4, 4, 4, 4, 4, 4, 4, 4, 4, 4, 4, 4, 4, 4, 4, 4, 4, 4, 4, 4]
----------------------------- 
-------cBUFFER---------
[0, 98, 0, 104, 105, 0, 97, 0]
-------------------------- 
[RETURN VALUE] [ 4 ] 
--------[EXEC CODE]:
[ a , EQUALS , 2 , MULT , 2 ]
-------------- 


--------------------------[NEW ITERATION]
[ a , EQUALS , 2 , MULT , 2 ] 

[DOING] OPERator at INDEX: 1 <<PRIORITY>> 2 

[TRYING SETTING] [ a ] WITH [ 2 , MULT , 2 ] 


--------------------------[NEW ITERATION]
[ a ] 

[DOING] OPERator at INDEX: -1 <<PRIORITY>> 100 
[ a ] 
6 [3] 
false 


--------------------------[NEW ITERATION]
[ 2 , MULT , 2 ] 

[DOING] OPERator at INDEX: 1 <<PRIORITY>> 14 
 
[TRYING MULTIPLICATE] [ 2 ] WITH [ 2 ] 


--------------------------[NEW ITERATION]
[ 2 ] 

[DOING] OPERator at INDEX: -1 <<PRIORITY>> 100 
[ 2 ] 
3 [3] 
true 
[EXECUTING  METHODE<<2>>]
 
[ a , EQUALS , 2 , MULT , 2 , ; , a , EQUALS , 2 , MULT , 2 , ; ]---------NEW LINE---------
[ a , EQUALS , 2 , MULT , 2 ]
-------------------- 
---------NEW LINE---------
[ a , EQUALS , 2 , MULT , 2 ]
-------------------- 
--------[EXEC CODE]:
[ a , EQUALS , 2 , MULT , 2 ]
-------------- 


--------------------------[NEW ITERATION]
[ a , EQUALS , 2 , MULT , 2 ] 

[DOING] OPERator at INDEX: 1 <<PRIORITY>> 2 

[TRYING SETTING] [ a ] WITH [ 2 , MULT , 2 ] 


--------------------------[NEW ITERATION]
[ a ] 

[DOING] OPERator at INDEX: -1 <<PRIORITY>> 100 
[ a ] 
6 [3] 
false 


--------------------------[NEW ITERATION]
[ 2 , MULT , 2 ] 

[DOING] OPERator at INDEX: 1 <<PRIORITY>> 14 
 
[TRYING MULTIPLICATE] [ 2 ] WITH [ 2 ] 


--------------------------[NEW ITERATION]
[ 2 ] 

[DOING] OPERator at INDEX: -1 <<PRIORITY>> 100 
[ 2 ] 
1 [3] 
false 


--------------------------[NEW ITERATION]
[ 2 ] 

[DOING] OPERator at INDEX: -1 <<PRIORITY>> 100 
[ 2 ] 
2 [3] 
false 
[OPERATION Mult] 
4 
[STORING] id 158 name [ a ] with TOKEN 1111111000000000000000010011110 ON 6 value [ 4 ] 

-------Buffer----------
[2, 2, 2, 2, 2, 4, 4, 4, 4, 4, 4, 4, 4, 4, 4, 4, 4, 4, 4, 4, 4, 4, 4, 4, 4, 4, 4, 4, 4, 4, 4, 4, 4, 4, 4, 4, 4, 4, 4, 4, 4, 4, 4, 4, 4, 4, 4, 4, 4, 4, 4, 4, 4, 4, 4, 4, 4, 4, 4, 4, 4, 4, 4, 4, 4, 4, 4, 4, 4, 4, 4, 4, 4, 4, 4, 4, 4, 4, 4, 4, 4, 4, 4, 4, 4, 4, 4, 4, 4, 4, 4, 4, 4, 4, 4, 4, 4, 4, 4, 4, 4, 4, 4, 4, 4, 4, 4, 4, 4, 4, 4, 4, 4, 4, 4, 4, 4, 4, 4, 4, 4, 4, 4, 4, 4, 4, 4, 4, 4, 4, 4, 4, 4, 4, 4, 4, 4, 4, 4, 4, 4, 4, 4, 4, 4, 4, 4, 4, 4, 4, 4, 4, 4, 4, 4, 4, 4, 4, 4]
----------------------------- 
-------cBUFFER---------
[0, 98, 0, 104, 105, 0, 97, 0]
-------------------------- 
[RETURN VALUE] [ 4 ] 
--------[EXEC CODE]:
[ a , EQUALS , 2 , MULT , 2 ]
-------------- 


--------------------------[NEW ITERATION]
[ a , EQUALS , 2 , MULT , 2 ] 

[DOING] OPERator at INDEX: 1 <<PRIORITY>> 2 

[TRYING SETTING] [ a ] WITH [ 2 , MULT , 2 ] 


--------------------------[NEW ITERATION]
[ a ] 

[DOING] OPERator at INDEX: -1 <<PRIORITY>> 100 
[ a ] 
6 [3] 
false 


--------------------------[NEW ITERATION]
[ 2 , MULT , 2 ] 

[DOING] OPERator at INDEX: 1 <<PRIORITY>> 14 
 
[TRYING MULTIPLICATE] [ 2 ] WITH [ 2 ] 


--------------------------[NEW ITERATION]
[ 2 ] 

[DOING] OPERator at INDEX: -1 <<PRIORITY>> 100 
[ 2 ] 
3 [3] 
true 
[EXECUTING  METHODE<<2>>]
 
[ a , EQUALS , 2 , MULT , 2 , ; , a , EQUALS , 2 , MULT , 2 , ; ]---------NEW LINE---------
[ a , EQUALS , 2 , MULT , 2 ]
-------------------- 
---------NEW LINE---------
[ a , EQUALS , 2 , MULT , 2 ]
-------------------- 
--------[EXEC CODE]:
[ a , EQUALS , 2 , MULT , 2 ]
-------------- 


--------------------------[NEW ITERATION]
[ a , EQUALS , 2 , MULT , 2 ] 

[DOING] OPERator at INDEX: 1 <<PRIORITY>> 2 

[TRYING SETTING] [ a ] WITH [ 2 , MULT , 2 ] 


--------------------------[NEW ITERATION]
[ a ] 

[DOING] OPERator at INDEX: -1 <<PRIORITY>> 100 
[ a ] 
6 [3] 
false 


--------------------------[NEW ITERATION]
[ 2 , MULT , 2 ] 

[DOING] OPERator at INDEX: 1 <<PRIORITY>> 14 
 
[TRYING MULTIPLICATE] [ 2 ] WITH [ 2 ] 


--------------------------[NEW ITERATION]
[ 2 ] 

[DOING] OPERator at INDEX: -1 <<PRIORITY>> 100 
[ 2 ] 
1 [3] 
false 


--------------------------[NEW ITERATION]
[ 2 ] 

[DOING] OPERator at INDEX: -1 <<PRIORITY>> 100 
[ 2 ] 
2 [3] 
false 
[OPERATION Mult] 
4 
[STORING] id 159 name [ a ] with TOKEN 1111111000000000000000010011111 ON 6 value [ 4 ] 

-------Buffer----------
[2, 2, 2, 2, 2, 4, 4, 4, 4, 4, 4, 4, 4, 4, 4, 4, 4, 4, 4, 4, 4, 4, 4, 4, 4, 4, 4, 4, 4, 4, 4, 4, 4, 4, 4, 4, 4, 4, 4, 4, 4, 4, 4, 4, 4, 4, 4, 4, 4, 4, 4, 4, 4, 4, 4, 4, 4, 4, 4, 4, 4, 4, 4, 4, 4, 4, 4, 4, 4, 4, 4, 4, 4, 4, 4, 4, 4, 4, 4, 4, 4, 4, 4, 4, 4, 4, 4, 4, 4, 4, 4, 4, 4, 4, 4, 4, 4, 4, 4, 4, 4, 4, 4, 4, 4, 4, 4, 4, 4, 4, 4, 4, 4, 4, 4, 4, 4, 4, 4, 4, 4, 4, 4, 4, 4, 4, 4, 4, 4, 4, 4, 4, 4, 4, 4, 4, 4, 4, 4, 4, 4, 4, 4, 4, 4, 4, 4, 4, 4, 4, 4, 4, 4, 4, 4, 4, 4, 4, 4, 4]
----------------------------- 
-------cBUFFER---------
[0, 98, 0, 104, 105, 0, 97, 0]
-------------------------- 
[RETURN VALUE] [ 4 ] 
--------[EXEC CODE]:
[ a , EQUALS , 2 , MULT , 2 ]
-------------- 


--------------------------[NEW ITERATION]
[ a , EQUALS , 2 , MULT , 2 ] 

[DOING] OPERator at INDEX: 1 <<PRIORITY>> 2 

[TRYING SETTING] [ a ] WITH [ 2 , MULT , 2 ] 


--------------------------[NEW ITERATION]
[ a ] 

[DOING] OPERator at INDEX: -1 <<PRIORITY>> 100 
[ a ] 
6 [3] 
false 


--------------------------[NEW ITERATION]
[ 2 , MULT , 2 ] 

[DOING] OPERator at INDEX: 1 <<PRIORITY>> 14 
 
[TRYING MULTIPLICATE] [ 2 ] WITH [ 2 ] 


--------------------------[NEW ITERATION]
[ 2 ] 

[DOING] OPERator at INDEX: -1 <<PRIORITY>> 100 
[ 2 ] 
3 [3] 
true 
[EXECUTING  METHODE<<2>>]
 
[ a , EQUALS , 2 , MULT , 2 , ; , a , EQUALS , 2 , MULT , 2 , ; ]---------NEW LINE---------
[ a , EQUALS , 2 , MULT , 2 ]
-------------------- 
---------NEW LINE---------
[ a , EQUALS , 2 , MULT , 2 ]
-------------------- 
--------[EXEC CODE]:
[ a , EQUALS , 2 , MULT , 2 ]
-------------- 


--------------------------[NEW ITERATION]
[ a , EQUALS , 2 , MULT , 2 ] 

[DOING] OPERator at INDEX: 1 <<PRIORITY>> 2 

[TRYING SETTING] [ a ] WITH [ 2 , MULT , 2 ] 


--------------------------[NEW ITERATION]
[ a ] 

[DOING] OPERator at INDEX: -1 <<PRIORITY>> 100 
[ a ] 
6 [3] 
false 


--------------------------[NEW ITERATION]
[ 2 , MULT , 2 ] 

[DOING] OPERator at INDEX: 1 <<PRIORITY>> 14 
 
[TRYING MULTIPLICATE] [ 2 ] WITH [ 2 ] 


--------------------------[NEW ITERATION]
[ 2 ] 

[DOING] OPERator at INDEX: -1 <<PRIORITY>> 100 
[ 2 ] 
1 [3] 
false 


--------------------------[NEW ITERATION]
[ 2 ] 

[DOING] OPERator at INDEX: -1 <<PRIORITY>> 100 
[ 2 ] 
2 [3] 
false 
[OPERATION Mult] 
4 
[STORING] id 160 name [ a ] with TOKEN 1111111000000000000000010100000 ON 6 value [ 4 ] 

-------Buffer----------
[2, 2, 2, 2, 2, 4, 4, 4, 4, 4, 4, 4, 4, 4, 4, 4, 4, 4, 4, 4, 4, 4, 4, 4, 4, 4, 4, 4, 4, 4, 4, 4, 4, 4, 4, 4, 4, 4, 4, 4, 4, 4, 4, 4, 4, 4, 4, 4, 4, 4, 4, 4, 4, 4, 4, 4, 4, 4, 4, 4, 4, 4, 4, 4, 4, 4, 4, 4, 4, 4, 4, 4, 4, 4, 4, 4, 4, 4, 4, 4, 4, 4, 4, 4, 4, 4, 4, 4, 4, 4, 4, 4, 4, 4, 4, 4, 4, 4, 4, 4, 4, 4, 4, 4, 4, 4, 4, 4, 4, 4, 4, 4, 4, 4, 4, 4, 4, 4, 4, 4, 4, 4, 4, 4, 4, 4, 4, 4, 4, 4, 4, 4, 4, 4, 4, 4, 4, 4, 4, 4, 4, 4, 4, 4, 4, 4, 4, 4, 4, 4, 4, 4, 4, 4, 4, 4, 4, 4, 4, 4, 4]
----------------------------- 
-------cBUFFER---------
[0, 98, 0, 104, 105, 0, 97, 0]
-------------------------- 
[RETURN VALUE] [ 4 ] 
--------[EXEC CODE]:
[ a , EQUALS , 2 , MULT , 2 ]
-------------- 


--------------------------[NEW ITERATION]
[ a , EQUALS , 2 , MULT , 2 ] 

[DOING] OPERator at INDEX: 1 <<PRIORITY>> 2 

[TRYING SETTING] [ a ] WITH [ 2 , MULT , 2 ] 


--------------------------[NEW ITERATION]
[ a ] 

[DOING] OPERator at INDEX: -1 <<PRIORITY>> 100 
[ a ] 
6 [3] 
false 


--------------------------[NEW ITERATION]
[ 2 , MULT , 2 ] 

[DOING] OPERator at INDEX: 1 <<PRIORITY>> 14 
 
[TRYING MULTIPLICATE] [ 2 ] WITH [ 2 ] 


--------------------------[NEW ITERATION]
[ 2 ] 

[DOING] OPERator at INDEX: -1 <<PRIORITY>> 100 
[ 2 ] 
3 [3] 
true 
[EXECUTING  METHODE<<2>>]
 
[ a , EQUALS , 2 , MULT , 2 , ; , a , EQUALS , 2 , MULT , 2 , ; ]---------NEW LINE---------
[ a , EQUALS , 2 , MULT , 2 ]
-------------------- 
---------NEW LINE---------
[ a , EQUALS , 2 , MULT , 2 ]
-------------------- 
--------[EXEC CODE]:
[ a , EQUALS , 2 , MULT , 2 ]
-------------- 


--------------------------[NEW ITERATION]
[ a , EQUALS , 2 , MULT , 2 ] 

[DOING] OPERator at INDEX: 1 <<PRIORITY>> 2 

[TRYING SETTING] [ a ] WITH [ 2 , MULT , 2 ] 


--------------------------[NEW ITERATION]
[ a ] 

[DOING] OPERator at INDEX: -1 <<PRIORITY>> 100 
[ a ] 
6 [3] 
false 


--------------------------[NEW ITERATION]
[ 2 , MULT , 2 ] 

[DOING] OPERator at INDEX: 1 <<PRIORITY>> 14 
 
[TRYING MULTIPLICATE] [ 2 ] WITH [ 2 ] 


--------------------------[NEW ITERATION]
[ 2 ] 

[DOING] OPERator at INDEX: -1 <<PRIORITY>> 100 
[ 2 ] 
1 [3] 
false 


--------------------------[NEW ITERATION]
[ 2 ] 

[DOING] OPERator at INDEX: -1 <<PRIORITY>> 100 
[ 2 ] 
2 [3] 
false 
[OPERATION Mult] 
4 
[STORING] id 161 name [ a ] with TOKEN 1111111000000000000000010100001 ON 6 value [ 4 ] 

-------Buffer----------
[2, 2, 2, 2, 2, 4, 4, 4, 4, 4, 4, 4, 4, 4, 4, 4, 4, 4, 4, 4, 4, 4, 4, 4, 4, 4, 4, 4, 4, 4, 4, 4, 4, 4, 4, 4, 4, 4, 4, 4, 4, 4, 4, 4, 4, 4, 4, 4, 4, 4, 4, 4, 4, 4, 4, 4, 4, 4, 4, 4, 4, 4, 4, 4, 4, 4, 4, 4, 4, 4, 4, 4, 4, 4, 4, 4, 4, 4, 4, 4, 4, 4, 4, 4, 4, 4, 4, 4, 4, 4, 4, 4, 4, 4, 4, 4, 4, 4, 4, 4, 4, 4, 4, 4, 4, 4, 4, 4, 4, 4, 4, 4, 4, 4, 4, 4, 4, 4, 4, 4, 4, 4, 4, 4, 4, 4, 4, 4, 4, 4, 4, 4, 4, 4, 4, 4, 4, 4, 4, 4, 4, 4, 4, 4, 4, 4, 4, 4, 4, 4, 4, 4, 4, 4, 4, 4, 4, 4, 4, 4, 4, 4]
----------------------------- 
-------cBUFFER---------
[0, 98, 0, 104, 105, 0, 97, 0]
-------------------------- 
[RETURN VALUE] [ 4 ] 
--------[EXEC CODE]:
[ a , EQUALS , 2 , MULT , 2 ]
-------------- 


--------------------------[NEW ITERATION]
[ a , EQUALS , 2 , MULT , 2 ] 

[DOING] OPERator at INDEX: 1 <<PRIORITY>> 2 

[TRYING SETTING] [ a ] WITH [ 2 , MULT , 2 ] 


--------------------------[NEW ITERATION]
[ a ] 

[DOING] OPERator at INDEX: -1 <<PRIORITY>> 100 
[ a ] 
6 [3] 
false 


--------------------------[NEW ITERATION]
[ 2 , MULT , 2 ] 

[DOING] OPERator at INDEX: 1 <<PRIORITY>> 14 
 
[TRYING MULTIPLICATE] [ 2 ] WITH [ 2 ] 


--------------------------[NEW ITERATION]
[ 2 ] 

[DOING] OPERator at INDEX: -1 <<PRIORITY>> 100 
[ 2 ] 
3 [3] 
true 
[EXECUTING  METHODE<<2>>]
 
[ a , EQUALS , 2 , MULT , 2 , ; , a , EQUALS , 2 , MULT , 2 , ; ]---------NEW LINE---------
[ a , EQUALS , 2 , MULT , 2 ]
-------------------- 
---------NEW LINE---------
[ a , EQUALS , 2 , MULT , 2 ]
-------------------- 
--------[EXEC CODE]:
[ a , EQUALS , 2 , MULT , 2 ]
-------------- 


--------------------------[NEW ITERATION]
[ a , EQUALS , 2 , MULT , 2 ] 

[DOING] OPERator at INDEX: 1 <<PRIORITY>> 2 

[TRYING SETTING] [ a ] WITH [ 2 , MULT , 2 ] 


--------------------------[NEW ITERATION]
[ a ] 

[DOING] OPERator at INDEX: -1 <<PRIORITY>> 100 
[ a ] 
6 [3] 
false 


--------------------------[NEW ITERATION]
[ 2 , MULT , 2 ] 

[DOING] OPERator at INDEX: 1 <<PRIORITY>> 14 
 
[TRYING MULTIPLICATE] [ 2 ] WITH [ 2 ] 


--------------------------[NEW ITERATION]
[ 2 ] 

[DOING] OPERator at INDEX: -1 <<PRIORITY>> 100 
[ 2 ] 
1 [3] 
false 


--------------------------[NEW ITERATION]
[ 2 ] 

[DOING] OPERator at INDEX: -1 <<PRIORITY>> 100 
[ 2 ] 
2 [3] 
false 
[OPERATION Mult] 
4 
[STORING] id 162 name [ a ] with TOKEN 1111111000000000000000010100010 ON 6 value [ 4 ] 

-------Buffer----------
[2, 2, 2, 2, 2, 4, 4, 4, 4, 4, 4, 4, 4, 4, 4, 4, 4, 4, 4, 4, 4, 4, 4, 4, 4, 4, 4, 4, 4, 4, 4, 4, 4, 4, 4, 4, 4, 4, 4, 4, 4, 4, 4, 4, 4, 4, 4, 4, 4, 4, 4, 4, 4, 4, 4, 4, 4, 4, 4, 4, 4, 4, 4, 4, 4, 4, 4, 4, 4, 4, 4, 4, 4, 4, 4, 4, 4, 4, 4, 4, 4, 4, 4, 4, 4, 4, 4, 4, 4, 4, 4, 4, 4, 4, 4, 4, 4, 4, 4, 4, 4, 4, 4, 4, 4, 4, 4, 4, 4, 4, 4, 4, 4, 4, 4, 4, 4, 4, 4, 4, 4, 4, 4, 4, 4, 4, 4, 4, 4, 4, 4, 4, 4, 4, 4, 4, 4, 4, 4, 4, 4, 4, 4, 4, 4, 4, 4, 4, 4, 4, 4, 4, 4, 4, 4, 4, 4, 4, 4, 4, 4, 4, 4]
----------------------------- 
-------cBUFFER---------
[0, 98, 0, 104, 105, 0, 97, 0]
-------------------------- 
[RETURN VALUE] [ 4 ] 
--------[EXEC CODE]:
[ a , EQUALS , 2 , MULT , 2 ]
-------------- 


--------------------------[NEW ITERATION]
[ a , EQUALS , 2 , MULT , 2 ] 

[DOING] OPERator at INDEX: 1 <<PRIORITY>> 2 

[TRYING SETTING] [ a ] WITH [ 2 , MULT , 2 ] 


--------------------------[NEW ITERATION]
[ a ] 

[DOING] OPERator at INDEX: -1 <<PRIORITY>> 100 
[ a ] 
6 [3] 
false 


--------------------------[NEW ITERATION]
[ 2 , MULT , 2 ] 

[DOING] OPERator at INDEX: 1 <<PRIORITY>> 14 
 
[TRYING MULTIPLICATE] [ 2 ] WITH [ 2 ] 


--------------------------[NEW ITERATION]
[ 2 ] 

[DOING] OPERator at INDEX: -1 <<PRIORITY>> 100 
[ 2 ] 
3 [3] 
true 
[EXECUTING  METHODE<<2>>]
 
[ a , EQUALS , 2 , MULT , 2 , ; , a , EQUALS , 2 , MULT , 2 , ; ]---------NEW LINE---------
[ a , EQUALS , 2 , MULT , 2 ]
-------------------- 
---------NEW LINE---------
[ a , EQUALS , 2 , MULT , 2 ]
-------------------- 
--------[EXEC CODE]:
[ a , EQUALS , 2 , MULT , 2 ]
-------------- 


--------------------------[NEW ITERATION]
[ a , EQUALS , 2 , MULT , 2 ] 

[DOING] OPERator at INDEX: 1 <<PRIORITY>> 2 

[TRYING SETTING] [ a ] WITH [ 2 , MULT , 2 ] 


--------------------------[NEW ITERATION]
[ a ] 

[DOING] OPERator at INDEX: -1 <<PRIORITY>> 100 
[ a ] 
6 [3] 
false 


--------------------------[NEW ITERATION]
[ 2 , MULT , 2 ] 

[DOING] OPERator at INDEX: 1 <<PRIORITY>> 14 
 
[TRYING MULTIPLICATE] [ 2 ] WITH [ 2 ] 


--------------------------[NEW ITERATION]
[ 2 ] 

[DOING] OPERator at INDEX: -1 <<PRIORITY>> 100 
[ 2 ] 
1 [3] 
false 


--------------------------[NEW ITERATION]
[ 2 ] 

[DOING] OPERator at INDEX: -1 <<PRIORITY>> 100 
[ 2 ] 
2 [3] 
false 
[OPERATION Mult] 
4 
[STORING] id 163 name [ a ] with TOKEN 1111111000000000000000010100011 ON 6 value [ 4 ] 

-------Buffer----------
[2, 2, 2, 2, 2, 4, 4, 4, 4, 4, 4, 4, 4, 4, 4, 4, 4, 4, 4, 4, 4, 4, 4, 4, 4, 4, 4, 4, 4, 4, 4, 4, 4, 4, 4, 4, 4, 4, 4, 4, 4, 4, 4, 4, 4, 4, 4, 4, 4, 4, 4, 4, 4, 4, 4, 4, 4, 4, 4, 4, 4, 4, 4, 4, 4, 4, 4, 4, 4, 4, 4, 4, 4, 4, 4, 4, 4, 4, 4, 4, 4, 4, 4, 4, 4, 4, 4, 4, 4, 4, 4, 4, 4, 4, 4, 4, 4, 4, 4, 4, 4, 4, 4, 4, 4, 4, 4, 4, 4, 4, 4, 4, 4, 4, 4, 4, 4, 4, 4, 4, 4, 4, 4, 4, 4, 4, 4, 4, 4, 4, 4, 4, 4, 4, 4, 4, 4, 4, 4, 4, 4, 4, 4, 4, 4, 4, 4, 4, 4, 4, 4, 4, 4, 4, 4, 4, 4, 4, 4, 4, 4, 4, 4, 4]
----------------------------- 
-------cBUFFER---------
[0, 98, 0, 104, 105, 0, 97, 0]
-------------------------- 
[RETURN VALUE] [ 4 ] 
--------[EXEC CODE]:
[ a , EQUALS , 2 , MULT , 2 ]
-------------- 


--------------------------[NEW ITERATION]
[ a , EQUALS , 2 , MULT , 2 ] 

[DOING] OPERator at INDEX: 1 <<PRIORITY>> 2 

[TRYING SETTING] [ a ] WITH [ 2 , MULT , 2 ] 


--------------------------[NEW ITERATION]
[ a ] 

[DOING] OPERator at INDEX: -1 <<PRIORITY>> 100 
[ a ] 
6 [3] 
false 


--------------------------[NEW ITERATION]
[ 2 , MULT , 2 ] 

[DOING] OPERator at INDEX: 1 <<PRIORITY>> 14 
 
[TRYING MULTIPLICATE] [ 2 ] WITH [ 2 ] 


--------------------------[NEW ITERATION]
[ 2 ] 

[DOING] OPERator at INDEX: -1 <<PRIORITY>> 100 
[ 2 ] 
3 [3] 
true 
[EXECUTING  METHODE<<2>>]
 
[ a , EQUALS , 2 , MULT , 2 , ; , a , EQUALS , 2 , MULT , 2 , ; ]---------NEW LINE---------
[ a , EQUALS , 2 , MULT , 2 ]
-------------------- 
---------NEW LINE---------
[ a , EQUALS , 2 , MULT , 2 ]
-------------------- 
--------[EXEC CODE]:
[ a , EQUALS , 2 , MULT , 2 ]
-------------- 


--------------------------[NEW ITERATION]
[ a , EQUALS , 2 , MULT , 2 ] 

[DOING] OPERator at INDEX: 1 <<PRIORITY>> 2 

[TRYING SETTING] [ a ] WITH [ 2 , MULT , 2 ] 


--------------------------[NEW ITERATION]
[ a ] 

[DOING] OPERator at INDEX: -1 <<PRIORITY>> 100 
[ a ] 
6 [3] 
false 


--------------------------[NEW ITERATION]
[ 2 , MULT , 2 ] 

[DOING] OPERator at INDEX: 1 <<PRIORITY>> 14 
 
[TRYING MULTIPLICATE] [ 2 ] WITH [ 2 ] 


--------------------------[NEW ITERATION]
[ 2 ] 

[DOING] OPERator at INDEX: -1 <<PRIORITY>> 100 
[ 2 ] 
1 [3] 
false 


--------------------------[NEW ITERATION]
[ 2 ] 

[DOING] OPERator at INDEX: -1 <<PRIORITY>> 100 
[ 2 ] 
2 [3] 
false 
[OPERATION Mult] 
4 
[STORING] id 164 name [ a ] with TOKEN 1111111000000000000000010100100 ON 6 value [ 4 ] 

-------Buffer----------
[2, 2, 2, 2, 2, 4, 4, 4, 4, 4, 4, 4, 4, 4, 4, 4, 4, 4, 4, 4, 4, 4, 4, 4, 4, 4, 4, 4, 4, 4, 4, 4, 4, 4, 4, 4, 4, 4, 4, 4, 4, 4, 4, 4, 4, 4, 4, 4, 4, 4, 4, 4, 4, 4, 4, 4, 4, 4, 4, 4, 4, 4, 4, 4, 4, 4, 4, 4, 4, 4, 4, 4, 4, 4, 4, 4, 4, 4, 4, 4, 4, 4, 4, 4, 4, 4, 4, 4, 4, 4, 4, 4, 4, 4, 4, 4, 4, 4, 4, 4, 4, 4, 4, 4, 4, 4, 4, 4, 4, 4, 4, 4, 4, 4, 4, 4, 4, 4, 4, 4, 4, 4, 4, 4, 4, 4, 4, 4, 4, 4, 4, 4, 4, 4, 4, 4, 4, 4, 4, 4, 4, 4, 4, 4, 4, 4, 4, 4, 4, 4, 4, 4, 4, 4, 4, 4, 4, 4, 4, 4, 4, 4, 4, 4, 4]
----------------------------- 
-------cBUFFER---------
[0, 98, 0, 104, 105, 0, 97, 0]
-------------------------- 
[RETURN VALUE] [ 4 ] 
--------[EXEC CODE]:
[ a , EQUALS , 2 , MULT , 2 ]
-------------- 


--------------------------[NEW ITERATION]
[ a , EQUALS , 2 , MULT , 2 ] 

[DOING] OPERator at INDEX: 1 <<PRIORITY>> 2 

[TRYING SETTING] [ a ] WITH [ 2 , MULT , 2 ] 


--------------------------[NEW ITERATION]
[ a ] 

[DOING] OPERator at INDEX: -1 <<PRIORITY>> 100 
[ a ] 
6 [3] 
false 


--------------------------[NEW ITERATION]
[ 2 , MULT , 2 ] 

[DOING] OPERator at INDEX: 1 <<PRIORITY>> 14 
 
[TRYING MULTIPLICATE] [ 2 ] WITH [ 2 ] 


--------------------------[NEW ITERATION]
[ 2 ] 

[DOING] OPERator at INDEX: -1 <<PRIORITY>> 100 
[ 2 ] 
3 [3] 
true 
[EXECUTING  METHODE<<2>>]
 
[ a , EQUALS , 2 , MULT , 2 , ; , a , EQUALS , 2 , MULT , 2 , ; ]---------NEW LINE---------
[ a , EQUALS , 2 , MULT , 2 ]
-------------------- 
---------NEW LINE---------
[ a , EQUALS , 2 , MULT , 2 ]
-------------------- 
--------[EXEC CODE]:
[ a , EQUALS , 2 , MULT , 2 ]
-------------- 


--------------------------[NEW ITERATION]
[ a , EQUALS , 2 , MULT , 2 ] 

[DOING] OPERator at INDEX: 1 <<PRIORITY>> 2 

[TRYING SETTING] [ a ] WITH [ 2 , MULT , 2 ] 


--------------------------[NEW ITERATION]
[ a ] 

[DOING] OPERator at INDEX: -1 <<PRIORITY>> 100 
[ a ] 
6 [3] 
false 


--------------------------[NEW ITERATION]
[ 2 , MULT , 2 ] 

[DOING] OPERator at INDEX: 1 <<PRIORITY>> 14 
 
[TRYING MULTIPLICATE] [ 2 ] WITH [ 2 ] 


--------------------------[NEW ITERATION]
[ 2 ] 

[DOING] OPERator at INDEX: -1 <<PRIORITY>> 100 
[ 2 ] 
1 [3] 
false 


--------------------------[NEW ITERATION]
[ 2 ] 

[DOING] OPERator at INDEX: -1 <<PRIORITY>> 100 
[ 2 ] 
2 [3] 
false 
[OPERATION Mult] 
4 
[STORING] id 165 name [ a ] with TOKEN 1111111000000000000000010100101 ON 6 value [ 4 ] 

-------Buffer----------
[2, 2, 2, 2, 2, 4, 4, 4, 4, 4, 4, 4, 4, 4, 4, 4, 4, 4, 4, 4, 4, 4, 4, 4, 4, 4, 4, 4, 4, 4, 4, 4, 4, 4, 4, 4, 4, 4, 4, 4, 4, 4, 4, 4, 4, 4, 4, 4, 4, 4, 4, 4, 4, 4, 4, 4, 4, 4, 4, 4, 4, 4, 4, 4, 4, 4, 4, 4, 4, 4, 4, 4, 4, 4, 4, 4, 4, 4, 4, 4, 4, 4, 4, 4, 4, 4, 4, 4, 4, 4, 4, 4, 4, 4, 4, 4, 4, 4, 4, 4, 4, 4, 4, 4, 4, 4, 4, 4, 4, 4, 4, 4, 4, 4, 4, 4, 4, 4, 4, 4, 4, 4, 4, 4, 4, 4, 4, 4, 4, 4, 4, 4, 4, 4, 4, 4, 4, 4, 4, 4, 4, 4, 4, 4, 4, 4, 4, 4, 4, 4, 4, 4, 4, 4, 4, 4, 4, 4, 4, 4, 4, 4, 4, 4, 4, 4]
----------------------------- 
-------cBUFFER---------
[0, 98, 0, 104, 105, 0, 97, 0]
-------------------------- 
[RETURN VALUE] [ 4 ] 
--------[EXEC CODE]:
[ a , EQUALS , 2 , MULT , 2 ]
-------------- 


--------------------------[NEW ITERATION]
[ a , EQUALS , 2 , MULT , 2 ] 

[DOING] OPERator at INDEX: 1 <<PRIORITY>> 2 

[TRYING SETTING] [ a ] WITH [ 2 , MULT , 2 ] 


--------------------------[NEW ITERATION]
[ a ] 

[DOING] OPERator at INDEX: -1 <<PRIORITY>> 100 
[ a ] 
6 [3] 
false 


--------------------------[NEW ITERATION]
[ 2 , MULT , 2 ] 

[DOING] OPERator at INDEX: 1 <<PRIORITY>> 14 
 
[TRYING MULTIPLICATE] [ 2 ] WITH [ 2 ] 


--------------------------[NEW ITERATION]
[ 2 ] 

[DOING] OPERator at INDEX: -1 <<PRIORITY>> 100 
[ 2 ] 
3 [3] 
true 
[EXECUTING  METHODE<<2>>]
 
[ a , EQUALS , 2 , MULT , 2 , ; , a , EQUALS , 2 , MULT , 2 , ; ]---------NEW LINE---------
[ a , EQUALS , 2 , MULT , 2 ]
-------------------- 
---------NEW LINE---------
[ a , EQUALS , 2 , MULT , 2 ]
-------------------- 
--------[EXEC CODE]:
[ a , EQUALS , 2 , MULT , 2 ]
-------------- 


--------------------------[NEW ITERATION]
[ a , EQUALS , 2 , MULT , 2 ] 

[DOING] OPERator at INDEX: 1 <<PRIORITY>> 2 

[TRYING SETTING] [ a ] WITH [ 2 , MULT , 2 ] 


--------------------------[NEW ITERATION]
[ a ] 

[DOING] OPERator at INDEX: -1 <<PRIORITY>> 100 
[ a ] 
6 [3] 
false 


--------------------------[NEW ITERATION]
[ 2 , MULT , 2 ] 

[DOING] OPERator at INDEX: 1 <<PRIORITY>> 14 
 
[TRYING MULTIPLICATE] [ 2 ] WITH [ 2 ] 


--------------------------[NEW ITERATION]
[ 2 ] 

[DOING] OPERator at INDEX: -1 <<PRIORITY>> 100 
[ 2 ] 
1 [3] 
false 


--------------------------[NEW ITERATION]
[ 2 ] 

[DOING] OPERator at INDEX: -1 <<PRIORITY>> 100 
[ 2 ] 
2 [3] 
false 
[OPERATION Mult] 
4 
[STORING] id 166 name [ a ] with TOKEN 1111111000000000000000010100110 ON 6 value [ 4 ] 

-------Buffer----------
[2, 2, 2, 2, 2, 4, 4, 4, 4, 4, 4, 4, 4, 4, 4, 4, 4, 4, 4, 4, 4, 4, 4, 4, 4, 4, 4, 4, 4, 4, 4, 4, 4, 4, 4, 4, 4, 4, 4, 4, 4, 4, 4, 4, 4, 4, 4, 4, 4, 4, 4, 4, 4, 4, 4, 4, 4, 4, 4, 4, 4, 4, 4, 4, 4, 4, 4, 4, 4, 4, 4, 4, 4, 4, 4, 4, 4, 4, 4, 4, 4, 4, 4, 4, 4, 4, 4, 4, 4, 4, 4, 4, 4, 4, 4, 4, 4, 4, 4, 4, 4, 4, 4, 4, 4, 4, 4, 4, 4, 4, 4, 4, 4, 4, 4, 4, 4, 4, 4, 4, 4, 4, 4, 4, 4, 4, 4, 4, 4, 4, 4, 4, 4, 4, 4, 4, 4, 4, 4, 4, 4, 4, 4, 4, 4, 4, 4, 4, 4, 4, 4, 4, 4, 4, 4, 4, 4, 4, 4, 4, 4, 4, 4, 4, 4, 4, 4]
----------------------------- 
-------cBUFFER---------
[0, 98, 0, 104, 105, 0, 97, 0]
-------------------------- 
[RETURN VALUE] [ 4 ] 
--------[EXEC CODE]:
[ a , EQUALS , 2 , MULT , 2 ]
-------------- 


--------------------------[NEW ITERATION]
[ a , EQUALS , 2 , MULT , 2 ] 

[DOING] OPERator at INDEX: 1 <<PRIORITY>> 2 

[TRYING SETTING] [ a ] WITH [ 2 , MULT , 2 ] 


--------------------------[NEW ITERATION]
[ a ] 

[DOING] OPERator at INDEX: -1 <<PRIORITY>> 100 
[ a ] 
6 [3] 
false 


--------------------------[NEW ITERATION]
[ 2 , MULT , 2 ] 

[DOING] OPERator at INDEX: 1 <<PRIORITY>> 14 
 
[TRYING MULTIPLICATE] [ 2 ] WITH [ 2 ] 


--------------------------[NEW ITERATION]
[ 2 ] 

[DOING] OPERator at INDEX: -1 <<PRIORITY>> 100 
[ 2 ] 
3 [3] 
true 
[EXECUTING  METHODE<<2>>]
 
[ a , EQUALS , 2 , MULT , 2 , ; , a , EQUALS , 2 , MULT , 2 , ; ]---------NEW LINE---------
[ a , EQUALS , 2 , MULT , 2 ]
-------------------- 
---------NEW LINE---------
[ a , EQUALS , 2 , MULT , 2 ]
-------------------- 
--------[EXEC CODE]:
[ a , EQUALS , 2 , MULT , 2 ]
-------------- 


--------------------------[NEW ITERATION]
[ a , EQUALS , 2 , MULT , 2 ] 

[DOING] OPERator at INDEX: 1 <<PRIORITY>> 2 

[TRYING SETTING] [ a ] WITH [ 2 , MULT , 2 ] 


--------------------------[NEW ITERATION]
[ a ] 

[DOING] OPERator at INDEX: -1 <<PRIORITY>> 100 
[ a ] 
6 [3] 
false 


--------------------------[NEW ITERATION]
[ 2 , MULT , 2 ] 

[DOING] OPERator at INDEX: 1 <<PRIORITY>> 14 
 
[TRYING MULTIPLICATE] [ 2 ] WITH [ 2 ] 


--------------------------[NEW ITERATION]
[ 2 ] 

[DOING] OPERator at INDEX: -1 <<PRIORITY>> 100 
[ 2 ] 
1 [3] 
false 


--------------------------[NEW ITERATION]
[ 2 ] 

[DOING] OPERator at INDEX: -1 <<PRIORITY>> 100 
[ 2 ] 
2 [3] 
false 
[OPERATION Mult] 
4 
[STORING] id 167 name [ a ] with TOKEN 1111111000000000000000010100111 ON 6 value [ 4 ] 

-------Buffer----------
[2, 2, 2, 2, 2, 4, 4, 4, 4, 4, 4, 4, 4, 4, 4, 4, 4, 4, 4, 4, 4, 4, 4, 4, 4, 4, 4, 4, 4, 4, 4, 4, 4, 4, 4, 4, 4, 4, 4, 4, 4, 4, 4, 4, 4, 4, 4, 4, 4, 4, 4, 4, 4, 4, 4, 4, 4, 4, 4, 4, 4, 4, 4, 4, 4, 4, 4, 4, 4, 4, 4, 4, 4, 4, 4, 4, 4, 4, 4, 4, 4, 4, 4, 4, 4, 4, 4, 4, 4, 4, 4, 4, 4, 4, 4, 4, 4, 4, 4, 4, 4, 4, 4, 4, 4, 4, 4, 4, 4, 4, 4, 4, 4, 4, 4, 4, 4, 4, 4, 4, 4, 4, 4, 4, 4, 4, 4, 4, 4, 4, 4, 4, 4, 4, 4, 4, 4, 4, 4, 4, 4, 4, 4, 4, 4, 4, 4, 4, 4, 4, 4, 4, 4, 4, 4, 4, 4, 4, 4, 4, 4, 4, 4, 4, 4, 4, 4, 4]
----------------------------- 
-------cBUFFER---------
[0, 98, 0, 104, 105, 0, 97, 0]
-------------------------- 
[RETURN VALUE] [ 4 ] 
--------[EXEC CODE]:
[ a , EQUALS , 2 , MULT , 2 ]
-------------- 


--------------------------[NEW ITERATION]
[ a , EQUALS , 2 , MULT , 2 ] 

[DOING] OPERator at INDEX: 1 <<PRIORITY>> 2 

[TRYING SETTING] [ a ] WITH [ 2 , MULT , 2 ] 


--------------------------[NEW ITERATION]
[ a ] 

[DOING] OPERator at INDEX: -1 <<PRIORITY>> 100 
[ a ] 
6 [3] 
false 


--------------------------[NEW ITERATION]
[ 2 , MULT , 2 ] 

[DOING] OPERator at INDEX: 1 <<PRIORITY>> 14 
 
[TRYING MULTIPLICATE] [ 2 ] WITH [ 2 ] 


--------------------------[NEW ITERATION]
[ 2 ] 

[DOING] OPERator at INDEX: -1 <<PRIORITY>> 100 
[ 2 ] 
3 [3] 
true 
[EXECUTING  METHODE<<2>>]
 
[ a , EQUALS , 2 , MULT , 2 , ; , a , EQUALS , 2 , MULT , 2 , ; ]---------NEW LINE---------
[ a , EQUALS , 2 , MULT , 2 ]
-------------------- 
---------NEW LINE---------
[ a , EQUALS , 2 , MULT , 2 ]
-------------------- 
--------[EXEC CODE]:
[ a , EQUALS , 2 , MULT , 2 ]
-------------- 


--------------------------[NEW ITERATION]
[ a , EQUALS , 2 , MULT , 2 ] 

[DOING] OPERator at INDEX: 1 <<PRIORITY>> 2 

[TRYING SETTING] [ a ] WITH [ 2 , MULT , 2 ] 


--------------------------[NEW ITERATION]
[ a ] 

[DOING] OPERator at INDEX: -1 <<PRIORITY>> 100 
[ a ] 
6 [3] 
false 


--------------------------[NEW ITERATION]
[ 2 , MULT , 2 ] 

[DOING] OPERator at INDEX: 1 <<PRIORITY>> 14 
 
[TRYING MULTIPLICATE] [ 2 ] WITH [ 2 ] 


--------------------------[NEW ITERATION]
[ 2 ] 

[DOING] OPERator at INDEX: -1 <<PRIORITY>> 100 
[ 2 ] 
1 [3] 
false 


--------------------------[NEW ITERATION]
[ 2 ] 

[DOING] OPERator at INDEX: -1 <<PRIORITY>> 100 
[ 2 ] 
2 [3] 
false 
[OPERATION Mult] 
4 
[STORING] id 168 name [ a ] with TOKEN 1111111000000000000000010101000 ON 6 value [ 4 ] 

-------Buffer----------
[2, 2, 2, 2, 2, 4, 4, 4, 4, 4, 4, 4, 4, 4, 4, 4, 4, 4, 4, 4, 4, 4, 4, 4, 4, 4, 4, 4, 4, 4, 4, 4, 4, 4, 4, 4, 4, 4, 4, 4, 4, 4, 4, 4, 4, 4, 4, 4, 4, 4, 4, 4, 4, 4, 4, 4, 4, 4, 4, 4, 4, 4, 4, 4, 4, 4, 4, 4, 4, 4, 4, 4, 4, 4, 4, 4, 4, 4, 4, 4, 4, 4, 4, 4, 4, 4, 4, 4, 4, 4, 4, 4, 4, 4, 4, 4, 4, 4, 4, 4, 4, 4, 4, 4, 4, 4, 4, 4, 4, 4, 4, 4, 4, 4, 4, 4, 4, 4, 4, 4, 4, 4, 4, 4, 4, 4, 4, 4, 4, 4, 4, 4, 4, 4, 4, 4, 4, 4, 4, 4, 4, 4, 4, 4, 4, 4, 4, 4, 4, 4, 4, 4, 4, 4, 4, 4, 4, 4, 4, 4, 4, 4, 4, 4, 4, 4, 4, 4, 4]
----------------------------- 
-------cBUFFER---------
[0, 98, 0, 104, 105, 0, 97, 0]
-------------------------- 
[RETURN VALUE] [ 4 ] 
--------[EXEC CODE]:
[ a , EQUALS , 2 , MULT , 2 ]
-------------- 


--------------------------[NEW ITERATION]
[ a , EQUALS , 2 , MULT , 2 ] 

[DOING] OPERator at INDEX: 1 <<PRIORITY>> 2 

[TRYING SETTING] [ a ] WITH [ 2 , MULT , 2 ] 


--------------------------[NEW ITERATION]
[ a ] 

[DOING] OPERator at INDEX: -1 <<PRIORITY>> 100 
[ a ] 
6 [3] 
false 


--------------------------[NEW ITERATION]
[ 2 , MULT , 2 ] 

[DOING] OPERator at INDEX: 1 <<PRIORITY>> 14 
 
[TRYING MULTIPLICATE] [ 2 ] WITH [ 2 ] 


--------------------------[NEW ITERATION]
[ 2 ] 

[DOING] OPERator at INDEX: -1 <<PRIORITY>> 100 
[ 2 ] 
3 [3] 
true 
[EXECUTING  METHODE<<2>>]
 
[ a , EQUALS , 2 , MULT , 2 , ; , a , EQUALS , 2 , MULT , 2 , ; ]---------NEW LINE---------
[ a , EQUALS , 2 , MULT , 2 ]
-------------------- 
---------NEW LINE---------
[ a , EQUALS , 2 , MULT , 2 ]
-------------------- 
--------[EXEC CODE]:
[ a , EQUALS , 2 , MULT , 2 ]
-------------- 


--------------------------[NEW ITERATION]
[ a , EQUALS , 2 , MULT , 2 ] 

[DOING] OPERator at INDEX: 1 <<PRIORITY>> 2 

[TRYING SETTING] [ a ] WITH [ 2 , MULT , 2 ] 


--------------------------[NEW ITERATION]
[ a ] 

[DOING] OPERator at INDEX: -1 <<PRIORITY>> 100 
[ a ] 
6 [3] 
false 


--------------------------[NEW ITERATION]
[ 2 , MULT , 2 ] 

[DOING] OPERator at INDEX: 1 <<PRIORITY>> 14 
 
[TRYING MULTIPLICATE] [ 2 ] WITH [ 2 ] 


--------------------------[NEW ITERATION]
[ 2 ] 

[DOING] OPERator at INDEX: -1 <<PRIORITY>> 100 
[ 2 ] 
1 [3] 
false 


--------------------------[NEW ITERATION]
[ 2 ] 

[DOING] OPERator at INDEX: -1 <<PRIORITY>> 100 
[ 2 ] 
2 [3] 
false 
[OPERATION Mult] 
4 
[STORING] id 169 name [ a ] with TOKEN 1111111000000000000000010101001 ON 6 value [ 4 ] 

-------Buffer----------
[2, 2, 2, 2, 2, 4, 4, 4, 4, 4, 4, 4, 4, 4, 4, 4, 4, 4, 4, 4, 4, 4, 4, 4, 4, 4, 4, 4, 4, 4, 4, 4, 4, 4, 4, 4, 4, 4, 4, 4, 4, 4, 4, 4, 4, 4, 4, 4, 4, 4, 4, 4, 4, 4, 4, 4, 4, 4, 4, 4, 4, 4, 4, 4, 4, 4, 4, 4, 4, 4, 4, 4, 4, 4, 4, 4, 4, 4, 4, 4, 4, 4, 4, 4, 4, 4, 4, 4, 4, 4, 4, 4, 4, 4, 4, 4, 4, 4, 4, 4, 4, 4, 4, 4, 4, 4, 4, 4, 4, 4, 4, 4, 4, 4, 4, 4, 4, 4, 4, 4, 4, 4, 4, 4, 4, 4, 4, 4, 4, 4, 4, 4, 4, 4, 4, 4, 4, 4, 4, 4, 4, 4, 4, 4, 4, 4, 4, 4, 4, 4, 4, 4, 4, 4, 4, 4, 4, 4, 4, 4, 4, 4, 4, 4, 4, 4, 4, 4, 4, 4]
----------------------------- 
-------cBUFFER---------
[0, 98, 0, 104, 105, 0, 97, 0]
-------------------------- 
[RETURN VALUE] [ 4 ] 
--------[EXEC CODE]:
[ a , EQUALS , 2 , MULT , 2 ]
-------------- 


--------------------------[NEW ITERATION]
[ a , EQUALS , 2 , MULT , 2 ] 

[DOING] OPERator at INDEX: 1 <<PRIORITY>> 2 

[TRYING SETTING] [ a ] WITH [ 2 , MULT , 2 ] 


--------------------------[NEW ITERATION]
[ a ] 

[DOING] OPERator at INDEX: -1 <<PRIORITY>> 100 
[ a ] 
6 [3] 
false 


--------------------------[NEW ITERATION]
[ 2 , MULT , 2 ] 

[DOING] OPERator at INDEX: 1 <<PRIORITY>> 14 
 
[TRYING MULTIPLICATE] [ 2 ] WITH [ 2 ] 


--------------------------[NEW ITERATION]
[ 2 ] 

[DOING] OPERator at INDEX: -1 <<PRIORITY>> 100 
[ 2 ] 
3 [3] 
true 
[EXECUTING  METHODE<<2>>]
 
[ a , EQUALS , 2 , MULT , 2 , ; , a , EQUALS , 2 , MULT , 2 , ; ]---------NEW LINE---------
[ a , EQUALS , 2 , MULT , 2 ]
-------------------- 
---------NEW LINE---------
[ a , EQUALS , 2 , MULT , 2 ]
-------------------- 
--------[EXEC CODE]:
[ a , EQUALS , 2 , MULT , 2 ]
-------------- 


--------------------------[NEW ITERATION]
[ a , EQUALS , 2 , MULT , 2 ] 

[DOING] OPERator at INDEX: 1 <<PRIORITY>> 2 

[TRYING SETTING] [ a ] WITH [ 2 , MULT , 2 ] 


--------------------------[NEW ITERATION]
[ a ] 

[DOING] OPERator at INDEX: -1 <<PRIORITY>> 100 
[ a ] 
6 [3] 
false 


--------------------------[NEW ITERATION]
[ 2 , MULT , 2 ] 

[DOING] OPERator at INDEX: 1 <<PRIORITY>> 14 
 
[TRYING MULTIPLICATE] [ 2 ] WITH [ 2 ] 


--------------------------[NEW ITERATION]
[ 2 ] 

[DOING] OPERator at INDEX: -1 <<PRIORITY>> 100 
[ 2 ] 
1 [3] 
false 


--------------------------[NEW ITERATION]
[ 2 ] 

[DOING] OPERator at INDEX: -1 <<PRIORITY>> 100 
[ 2 ] 
2 [3] 
false 
[OPERATION Mult] 
4 
[STORING] id 170 name [ a ] with TOKEN 1111111000000000000000010101010 ON 6 value [ 4 ] 

-------Buffer----------
[2, 2, 2, 2, 2, 4, 4, 4, 4, 4, 4, 4, 4, 4, 4, 4, 4, 4, 4, 4, 4, 4, 4, 4, 4, 4, 4, 4, 4, 4, 4, 4, 4, 4, 4, 4, 4, 4, 4, 4, 4, 4, 4, 4, 4, 4, 4, 4, 4, 4, 4, 4, 4, 4, 4, 4, 4, 4, 4, 4, 4, 4, 4, 4, 4, 4, 4, 4, 4, 4, 4, 4, 4, 4, 4, 4, 4, 4, 4, 4, 4, 4, 4, 4, 4, 4, 4, 4, 4, 4, 4, 4, 4, 4, 4, 4, 4, 4, 4, 4, 4, 4, 4, 4, 4, 4, 4, 4, 4, 4, 4, 4, 4, 4, 4, 4, 4, 4, 4, 4, 4, 4, 4, 4, 4, 4, 4, 4, 4, 4, 4, 4, 4, 4, 4, 4, 4, 4, 4, 4, 4, 4, 4, 4, 4, 4, 4, 4, 4, 4, 4, 4, 4, 4, 4, 4, 4, 4, 4, 4, 4, 4, 4, 4, 4, 4, 4, 4, 4, 4, 4]
----------------------------- 
-------cBUFFER---------
[0, 98, 0, 104, 105, 0, 97, 0]
-------------------------- 
[RETURN VALUE] [ 4 ] 
--------[EXEC CODE]:
[ a , EQUALS , 2 , MULT , 2 ]
-------------- 


--------------------------[NEW ITERATION]
[ a , EQUALS , 2 , MULT , 2 ] 

[DOING] OPERator at INDEX: 1 <<PRIORITY>> 2 

[TRYING SETTING] [ a ] WITH [ 2 , MULT , 2 ] 


--------------------------[NEW ITERATION]
[ a ] 

[DOING] OPERator at INDEX: -1 <<PRIORITY>> 100 
[ a ] 
6 [3] 
false 


--------------------------[NEW ITERATION]
[ 2 , MULT , 2 ] 

[DOING] OPERator at INDEX: 1 <<PRIORITY>> 14 
 
[TRYING MULTIPLICATE] [ 2 ] WITH [ 2 ] 


--------------------------[NEW ITERATION]
[ 2 ] 

[DOING] OPERator at INDEX: -1 <<PRIORITY>> 100 
[ 2 ] 
3 [3] 
true 
[EXECUTING  METHODE<<2>>]
 
[ a , EQUALS , 2 , MULT , 2 , ; , a , EQUALS , 2 , MULT , 2 , ; ]---------NEW LINE---------
[ a , EQUALS , 2 , MULT , 2 ]
-------------------- 
---------NEW LINE---------
[ a , EQUALS , 2 , MULT , 2 ]
-------------------- 
--------[EXEC CODE]:
[ a , EQUALS , 2 , MULT , 2 ]
-------------- 


--------------------------[NEW ITERATION]
[ a , EQUALS , 2 , MULT , 2 ] 

[DOING] OPERator at INDEX: 1 <<PRIORITY>> 2 

[TRYING SETTING] [ a ] WITH [ 2 , MULT , 2 ] 


--------------------------[NEW ITERATION]
[ a ] 

[DOING] OPERator at INDEX: -1 <<PRIORITY>> 100 
[ a ] 
6 [3] 
false 


--------------------------[NEW ITERATION]
[ 2 , MULT , 2 ] 

[DOING] OPERator at INDEX: 1 <<PRIORITY>> 14 
 
[TRYING MULTIPLICATE] [ 2 ] WITH [ 2 ] 


--------------------------[NEW ITERATION]
[ 2 ] 

[DOING] OPERator at INDEX: -1 <<PRIORITY>> 100 
[ 2 ] 
1 [3] 
false 


--------------------------[NEW ITERATION]
[ 2 ] 

[DOING] OPERator at INDEX: -1 <<PRIORITY>> 100 
[ 2 ] 
2 [3] 
false 
[OPERATION Mult] 
4 
[STORING] id 171 name [ a ] with TOKEN 1111111000000000000000010101011 ON 6 value [ 4 ] 

-------Buffer----------
[2, 2, 2, 2, 2, 4, 4, 4, 4, 4, 4, 4, 4, 4, 4, 4, 4, 4, 4, 4, 4, 4, 4, 4, 4, 4, 4, 4, 4, 4, 4, 4, 4, 4, 4, 4, 4, 4, 4, 4, 4, 4, 4, 4, 4, 4, 4, 4, 4, 4, 4, 4, 4, 4, 4, 4, 4, 4, 4, 4, 4, 4, 4, 4, 4, 4, 4, 4, 4, 4, 4, 4, 4, 4, 4, 4, 4, 4, 4, 4, 4, 4, 4, 4, 4, 4, 4, 4, 4, 4, 4, 4, 4, 4, 4, 4, 4, 4, 4, 4, 4, 4, 4, 4, 4, 4, 4, 4, 4, 4, 4, 4, 4, 4, 4, 4, 4, 4, 4, 4, 4, 4, 4, 4, 4, 4, 4, 4, 4, 4, 4, 4, 4, 4, 4, 4, 4, 4, 4, 4, 4, 4, 4, 4, 4, 4, 4, 4, 4, 4, 4, 4, 4, 4, 4, 4, 4, 4, 4, 4, 4, 4, 4, 4, 4, 4, 4, 4, 4, 4, 4, 4]
----------------------------- 
-------cBUFFER---------
[0, 98, 0, 104, 105, 0, 97, 0]
-------------------------- 
[RETURN VALUE] [ 4 ] 
--------[EXEC CODE]:
[ a , EQUALS , 2 , MULT , 2 ]
-------------- 


--------------------------[NEW ITERATION]
[ a , EQUALS , 2 , MULT , 2 ] 

[DOING] OPERator at INDEX: 1 <<PRIORITY>> 2 

[TRYING SETTING] [ a ] WITH [ 2 , MULT , 2 ] 


--------------------------[NEW ITERATION]
[ a ] 

[DOING] OPERator at INDEX: -1 <<PRIORITY>> 100 
[ a ] 
6 [3] 
false 


--------------------------[NEW ITERATION]
[ 2 , MULT , 2 ] 

[DOING] OPERator at INDEX: 1 <<PRIORITY>> 14 
 
[TRYING MULTIPLICATE] [ 2 ] WITH [ 2 ] 


--------------------------[NEW ITERATION]
[ 2 ] 

[DOING] OPERator at INDEX: -1 <<PRIORITY>> 100 
[ 2 ] 
3 [3] 
true 
[EXECUTING  METHODE<<2>>]
 
[ a , EQUALS , 2 , MULT , 2 , ; , a , EQUALS , 2 , MULT , 2 , ; ]---------NEW LINE---------
[ a , EQUALS , 2 , MULT , 2 ]
-------------------- 
---------NEW LINE---------
[ a , EQUALS , 2 , MULT , 2 ]
-------------------- 
--------[EXEC CODE]:
[ a , EQUALS , 2 , MULT , 2 ]
-------------- 


--------------------------[NEW ITERATION]
[ a , EQUALS , 2 , MULT , 2 ] 

[DOING] OPERator at INDEX: 1 <<PRIORITY>> 2 

[TRYING SETTING] [ a ] WITH [ 2 , MULT , 2 ] 


--------------------------[NEW ITERATION]
[ a ] 

[DOING] OPERator at INDEX: -1 <<PRIORITY>> 100 
[ a ] 
6 [3] 
false 


--------------------------[NEW ITERATION]
[ 2 , MULT , 2 ] 

[DOING] OPERator at INDEX: 1 <<PRIORITY>> 14 
 
[TRYING MULTIPLICATE] [ 2 ] WITH [ 2 ] 


--------------------------[NEW ITERATION]
[ 2 ] 

[DOING] OPERator at INDEX: -1 <<PRIORITY>> 100 
[ 2 ] 
1 [3] 
false 


--------------------------[NEW ITERATION]
[ 2 ] 

[DOING] OPERator at INDEX: -1 <<PRIORITY>> 100 
[ 2 ] 
2 [3] 
false 
[OPERATION Mult] 
4 
[STORING] id 172 name [ a ] with TOKEN 1111111000000000000000010101100 ON 6 value [ 4 ] 

-------Buffer----------
[2, 2, 2, 2, 2, 4, 4, 4, 4, 4, 4, 4, 4, 4, 4, 4, 4, 4, 4, 4, 4, 4, 4, 4, 4, 4, 4, 4, 4, 4, 4, 4, 4, 4, 4, 4, 4, 4, 4, 4, 4, 4, 4, 4, 4, 4, 4, 4, 4, 4, 4, 4, 4, 4, 4, 4, 4, 4, 4, 4, 4, 4, 4, 4, 4, 4, 4, 4, 4, 4, 4, 4, 4, 4, 4, 4, 4, 4, 4, 4, 4, 4, 4, 4, 4, 4, 4, 4, 4, 4, 4, 4, 4, 4, 4, 4, 4, 4, 4, 4, 4, 4, 4, 4, 4, 4, 4, 4, 4, 4, 4, 4, 4, 4, 4, 4, 4, 4, 4, 4, 4, 4, 4, 4, 4, 4, 4, 4, 4, 4, 4, 4, 4, 4, 4, 4, 4, 4, 4, 4, 4, 4, 4, 4, 4, 4, 4, 4, 4, 4, 4, 4, 4, 4, 4, 4, 4, 4, 4, 4, 4, 4, 4, 4, 4, 4, 4, 4, 4, 4, 4, 4, 4]
----------------------------- 
-------cBUFFER---------
[0, 98, 0, 104, 105, 0, 97, 0]
-------------------------- 
[RETURN VALUE] [ 4 ] 
--------[EXEC CODE]:
[ a , EQUALS , 2 , MULT , 2 ]
-------------- 


--------------------------[NEW ITERATION]
[ a , EQUALS , 2 , MULT , 2 ] 

[DOING] OPERator at INDEX: 1 <<PRIORITY>> 2 

[TRYING SETTING] [ a ] WITH [ 2 , MULT , 2 ] 


--------------------------[NEW ITERATION]
[ a ] 

[DOING] OPERator at INDEX: -1 <<PRIORITY>> 100 
[ a ] 
6 [3] 
false 


--------------------------[NEW ITERATION]
[ 2 , MULT , 2 ] 

[DOING] OPERator at INDEX: 1 <<PRIORITY>> 14 
 
[TRYING MULTIPLICATE] [ 2 ] WITH [ 2 ] 


--------------------------[NEW ITERATION]
[ 2 ] 

[DOING] OPERator at INDEX: -1 <<PRIORITY>> 100 
[ 2 ] 
3 [3] 
true 
[EXECUTING  METHODE<<2>>]
 
[ a , EQUALS , 2 , MULT , 2 , ; , a , EQUALS , 2 , MULT , 2 , ; ]---------NEW LINE---------
[ a , EQUALS , 2 , MULT , 2 ]
-------------------- 
---------NEW LINE---------
[ a , EQUALS , 2 , MULT , 2 ]
-------------------- 
--------[EXEC CODE]:
[ a , EQUALS , 2 , MULT , 2 ]
-------------- 


--------------------------[NEW ITERATION]
[ a , EQUALS , 2 , MULT , 2 ] 

[DOING] OPERator at INDEX: 1 <<PRIORITY>> 2 

[TRYING SETTING] [ a ] WITH [ 2 , MULT , 2 ] 


--------------------------[NEW ITERATION]
[ a ] 

[DOING] OPERator at INDEX: -1 <<PRIORITY>> 100 
[ a ] 
6 [3] 
false 


--------------------------[NEW ITERATION]
[ 2 , MULT , 2 ] 

[DOING] OPERator at INDEX: 1 <<PRIORITY>> 14 
 
[TRYING MULTIPLICATE] [ 2 ] WITH [ 2 ] 


--------------------------[NEW ITERATION]
[ 2 ] 

[DOING] OPERator at INDEX: -1 <<PRIORITY>> 100 
[ 2 ] 
1 [3] 
false 


--------------------------[NEW ITERATION]
[ 2 ] 

[DOING] OPERator at INDEX: -1 <<PRIORITY>> 100 
[ 2 ] 
2 [3] 
false 
[OPERATION Mult] 
4 
[STORING] id 173 name [ a ] with TOKEN 1111111000000000000000010101101 ON 6 value [ 4 ] 

-------Buffer----------
[2, 2, 2, 2, 2, 4, 4, 4, 4, 4, 4, 4, 4, 4, 4, 4, 4, 4, 4, 4, 4, 4, 4, 4, 4, 4, 4, 4, 4, 4, 4, 4, 4, 4, 4, 4, 4, 4, 4, 4, 4, 4, 4, 4, 4, 4, 4, 4, 4, 4, 4, 4, 4, 4, 4, 4, 4, 4, 4, 4, 4, 4, 4, 4, 4, 4, 4, 4, 4, 4, 4, 4, 4, 4, 4, 4, 4, 4, 4, 4, 4, 4, 4, 4, 4, 4, 4, 4, 4, 4, 4, 4, 4, 4, 4, 4, 4, 4, 4, 4, 4, 4, 4, 4, 4, 4, 4, 4, 4, 4, 4, 4, 4, 4, 4, 4, 4, 4, 4, 4, 4, 4, 4, 4, 4, 4, 4, 4, 4, 4, 4, 4, 4, 4, 4, 4, 4, 4, 4, 4, 4, 4, 4, 4, 4, 4, 4, 4, 4, 4, 4, 4, 4, 4, 4, 4, 4, 4, 4, 4, 4, 4, 4, 4, 4, 4, 4, 4, 4, 4, 4, 4, 4, 4]
----------------------------- 
-------cBUFFER---------
[0, 98, 0, 104, 105, 0, 97, 0]
-------------------------- 
[RETURN VALUE] [ 4 ] 
--------[EXEC CODE]:
[ a , EQUALS , 2 , MULT , 2 ]
-------------- 


--------------------------[NEW ITERATION]
[ a , EQUALS , 2 , MULT , 2 ] 

[DOING] OPERator at INDEX: 1 <<PRIORITY>> 2 

[TRYING SETTING] [ a ] WITH [ 2 , MULT , 2 ] 


--------------------------[NEW ITERATION]
[ a ] 

[DOING] OPERator at INDEX: -1 <<PRIORITY>> 100 
[ a ] 
6 [3] 
false 


--------------------------[NEW ITERATION]
[ 2 , MULT , 2 ] 

[DOING] OPERator at INDEX: 1 <<PRIORITY>> 14 
 
[TRYING MULTIPLICATE] [ 2 ] WITH [ 2 ] 


--------------------------[NEW ITERATION]
[ 2 ] 

[DOING] OPERator at INDEX: -1 <<PRIORITY>> 100 
[ 2 ] 
3 [3] 
true 
[EXECUTING  METHODE<<2>>]
 
[ a , EQUALS , 2 , MULT , 2 , ; , a , EQUALS , 2 , MULT , 2 , ; ]---------NEW LINE---------
[ a , EQUALS , 2 , MULT , 2 ]
-------------------- 
---------NEW LINE---------
[ a , EQUALS , 2 , MULT , 2 ]
-------------------- 
--------[EXEC CODE]:
[ a , EQUALS , 2 , MULT , 2 ]
-------------- 


--------------------------[NEW ITERATION]
[ a , EQUALS , 2 , MULT , 2 ] 

[DOING] OPERator at INDEX: 1 <<PRIORITY>> 2 

[TRYING SETTING] [ a ] WITH [ 2 , MULT , 2 ] 


--------------------------[NEW ITERATION]
[ a ] 

[DOING] OPERator at INDEX: -1 <<PRIORITY>> 100 
[ a ] 
6 [3] 
false 


--------------------------[NEW ITERATION]
[ 2 , MULT , 2 ] 

[DOING] OPERator at INDEX: 1 <<PRIORITY>> 14 
 
[TRYING MULTIPLICATE] [ 2 ] WITH [ 2 ] 


--------------------------[NEW ITERATION]
[ 2 ] 

[DOING] OPERator at INDEX: -1 <<PRIORITY>> 100 
[ 2 ] 
1 [3] 
false 


--------------------------[NEW ITERATION]
[ 2 ] 

[DOING] OPERator at INDEX: -1 <<PRIORITY>> 100 
[ 2 ] 
2 [3] 
false 
[OPERATION Mult] 
4 
[STORING] id 174 name [ a ] with TOKEN 1111111000000000000000010101110 ON 6 value [ 4 ] 

-------Buffer----------
[2, 2, 2, 2, 2, 4, 4, 4, 4, 4, 4, 4, 4, 4, 4, 4, 4, 4, 4, 4, 4, 4, 4, 4, 4, 4, 4, 4, 4, 4, 4, 4, 4, 4, 4, 4, 4, 4, 4, 4, 4, 4, 4, 4, 4, 4, 4, 4, 4, 4, 4, 4, 4, 4, 4, 4, 4, 4, 4, 4, 4, 4, 4, 4, 4, 4, 4, 4, 4, 4, 4, 4, 4, 4, 4, 4, 4, 4, 4, 4, 4, 4, 4, 4, 4, 4, 4, 4, 4, 4, 4, 4, 4, 4, 4, 4, 4, 4, 4, 4, 4, 4, 4, 4, 4, 4, 4, 4, 4, 4, 4, 4, 4, 4, 4, 4, 4, 4, 4, 4, 4, 4, 4, 4, 4, 4, 4, 4, 4, 4, 4, 4, 4, 4, 4, 4, 4, 4, 4, 4, 4, 4, 4, 4, 4, 4, 4, 4, 4, 4, 4, 4, 4, 4, 4, 4, 4, 4, 4, 4, 4, 4, 4, 4, 4, 4, 4, 4, 4, 4, 4, 4, 4, 4, 4]
----------------------------- 
-------cBUFFER---------
[0, 98, 0, 104, 105, 0, 97, 0]
-------------------------- 
[RETURN VALUE] [ 4 ] 
--------[EXEC CODE]:
[ a , EQUALS , 2 , MULT , 2 ]
-------------- 


--------------------------[NEW ITERATION]
[ a , EQUALS , 2 , MULT , 2 ] 

[DOING] OPERator at INDEX: 1 <<PRIORITY>> 2 

[TRYING SETTING] [ a ] WITH [ 2 , MULT , 2 ] 


--------------------------[NEW ITERATION]
[ a ] 

[DOING] OPERator at INDEX: -1 <<PRIORITY>> 100 
[ a ] 
6 [3] 
false 


--------------------------[NEW ITERATION]
[ 2 , MULT , 2 ] 

[DOING] OPERator at INDEX: 1 <<PRIORITY>> 14 
 
[TRYING MULTIPLICATE] [ 2 ] WITH [ 2 ] 


--------------------------[NEW ITERATION]
[ 2 ] 

[DOING] OPERator at INDEX: -1 <<PRIORITY>> 100 
[ 2 ] 
3 [3] 
true 
[EXECUTING  METHODE<<2>>]
 
[ a , EQUALS , 2 , MULT , 2 , ; , a , EQUALS , 2 , MULT , 2 , ; ]---------NEW LINE---------
[ a , EQUALS , 2 , MULT , 2 ]
-------------------- 
---------NEW LINE---------
[ a , EQUALS , 2 , MULT , 2 ]
-------------------- 
--------[EXEC CODE]:
[ a , EQUALS , 2 , MULT , 2 ]
-------------- 


--------------------------[NEW ITERATION]
[ a , EQUALS , 2 , MULT , 2 ] 

[DOING] OPERator at INDEX: 1 <<PRIORITY>> 2 

[TRYING SETTING] [ a ] WITH [ 2 , MULT , 2 ] 


--------------------------[NEW ITERATION]
[ a ] 

[DOING] OPERator at INDEX: -1 <<PRIORITY>> 100 
[ a ] 
6 [3] 
false 


--------------------------[NEW ITERATION]
[ 2 , MULT , 2 ] 

[DOING] OPERator at INDEX: 1 <<PRIORITY>> 14 
 
[TRYING MULTIPLICATE] [ 2 ] WITH [ 2 ] 


--------------------------[NEW ITERATION]
[ 2 ] 

[DOING] OPERator at INDEX: -1 <<PRIORITY>> 100 
[ 2 ] 
1 [3] 
false 


--------------------------[NEW ITERATION]
[ 2 ] 

[DOING] OPERator at INDEX: -1 <<PRIORITY>> 100 
[ 2 ] 
2 [3] 
false 
[OPERATION Mult] 
4 
[STORING] id 175 name [ a ] with TOKEN 1111111000000000000000010101111 ON 6 value [ 4 ] 

-------Buffer----------
[2, 2, 2, 2, 2, 4, 4, 4, 4, 4, 4, 4, 4, 4, 4, 4, 4, 4, 4, 4, 4, 4, 4, 4, 4, 4, 4, 4, 4, 4, 4, 4, 4, 4, 4, 4, 4, 4, 4, 4, 4, 4, 4, 4, 4, 4, 4, 4, 4, 4, 4, 4, 4, 4, 4, 4, 4, 4, 4, 4, 4, 4, 4, 4, 4, 4, 4, 4, 4, 4, 4, 4, 4, 4, 4, 4, 4, 4, 4, 4, 4, 4, 4, 4, 4, 4, 4, 4, 4, 4, 4, 4, 4, 4, 4, 4, 4, 4, 4, 4, 4, 4, 4, 4, 4, 4, 4, 4, 4, 4, 4, 4, 4, 4, 4, 4, 4, 4, 4, 4, 4, 4, 4, 4, 4, 4, 4, 4, 4, 4, 4, 4, 4, 4, 4, 4, 4, 4, 4, 4, 4, 4, 4, 4, 4, 4, 4, 4, 4, 4, 4, 4, 4, 4, 4, 4, 4, 4, 4, 4, 4, 4, 4, 4, 4, 4, 4, 4, 4, 4, 4, 4, 4, 4, 4, 4]
----------------------------- 
-------cBUFFER---------
[0, 98, 0, 104, 105, 0, 97, 0]
-------------------------- 
[RETURN VALUE] [ 4 ] 
--------[EXEC CODE]:
[ a , EQUALS , 2 , MULT , 2 ]
-------------- 


--------------------------[NEW ITERATION]
[ a , EQUALS , 2 , MULT , 2 ] 

[DOING] OPERator at INDEX: 1 <<PRIORITY>> 2 

[TRYING SETTING] [ a ] WITH [ 2 , MULT , 2 ] 


--------------------------[NEW ITERATION]
[ a ] 

[DOING] OPERator at INDEX: -1 <<PRIORITY>> 100 
[ a ] 
6 [3] 
false 


--------------------------[NEW ITERATION]
[ 2 , MULT , 2 ] 

[DOING] OPERator at INDEX: 1 <<PRIORITY>> 14 
 
[TRYING MULTIPLICATE] [ 2 ] WITH [ 2 ] 


--------------------------[NEW ITERATION]
[ 2 ] 

[DOING] OPERator at INDEX: -1 <<PRIORITY>> 100 
[ 2 ] 
3 [3] 
true 
[EXECUTING  METHODE<<2>>]
 
[ a , EQUALS , 2 , MULT , 2 , ; , a , EQUALS , 2 , MULT , 2 , ; ]---------NEW LINE---------
[ a , EQUALS , 2 , MULT , 2 ]
-------------------- 
---------NEW LINE---------
[ a , EQUALS , 2 , MULT , 2 ]
-------------------- 
--------[EXEC CODE]:
[ a , EQUALS , 2 , MULT , 2 ]
-------------- 


--------------------------[NEW ITERATION]
[ a , EQUALS , 2 , MULT , 2 ] 

[DOING] OPERator at INDEX: 1 <<PRIORITY>> 2 

[TRYING SETTING] [ a ] WITH [ 2 , MULT , 2 ] 


--------------------------[NEW ITERATION]
[ a ] 

[DOING] OPERator at INDEX: -1 <<PRIORITY>> 100 
[ a ] 
6 [3] 
false 


--------------------------[NEW ITERATION]
[ 2 , MULT , 2 ] 

[DOING] OPERator at INDEX: 1 <<PRIORITY>> 14 
 
[TRYING MULTIPLICATE] [ 2 ] WITH [ 2 ] 


--------------------------[NEW ITERATION]
[ 2 ] 

[DOING] OPERator at INDEX: -1 <<PRIORITY>> 100 
[ 2 ] 
1 [3] 
false 


--------------------------[NEW ITERATION]
[ 2 ] 

[DOING] OPERator at INDEX: -1 <<PRIORITY>> 100 
[ 2 ] 
2 [3] 
false 
[OPERATION Mult] 
4 
[STORING] id 176 name [ a ] with TOKEN 1111111000000000000000010110000 ON 6 value [ 4 ] 

-------Buffer----------
[2, 2, 2, 2, 2, 4, 4, 4, 4, 4, 4, 4, 4, 4, 4, 4, 4, 4, 4, 4, 4, 4, 4, 4, 4, 4, 4, 4, 4, 4, 4, 4, 4, 4, 4, 4, 4, 4, 4, 4, 4, 4, 4, 4, 4, 4, 4, 4, 4, 4, 4, 4, 4, 4, 4, 4, 4, 4, 4, 4, 4, 4, 4, 4, 4, 4, 4, 4, 4, 4, 4, 4, 4, 4, 4, 4, 4, 4, 4, 4, 4, 4, 4, 4, 4, 4, 4, 4, 4, 4, 4, 4, 4, 4, 4, 4, 4, 4, 4, 4, 4, 4, 4, 4, 4, 4, 4, 4, 4, 4, 4, 4, 4, 4, 4, 4, 4, 4, 4, 4, 4, 4, 4, 4, 4, 4, 4, 4, 4, 4, 4, 4, 4, 4, 4, 4, 4, 4, 4, 4, 4, 4, 4, 4, 4, 4, 4, 4, 4, 4, 4, 4, 4, 4, 4, 4, 4, 4, 4, 4, 4, 4, 4, 4, 4, 4, 4, 4, 4, 4, 4, 4, 4, 4, 4, 4, 4]
----------------------------- 
-------cBUFFER---------
[0, 98, 0, 104, 105, 0, 97, 0]
-------------------------- 
[RETURN VALUE] [ 4 ] 
--------[EXEC CODE]:
[ a , EQUALS , 2 , MULT , 2 ]
-------------- 


--------------------------[NEW ITERATION]
[ a , EQUALS , 2 , MULT , 2 ] 

[DOING] OPERator at INDEX: 1 <<PRIORITY>> 2 

[TRYING SETTING] [ a ] WITH [ 2 , MULT , 2 ] 


--------------------------[NEW ITERATION]
[ a ] 

[DOING] OPERator at INDEX: -1 <<PRIORITY>> 100 
[ a ] 
6 [3] 
false 


--------------------------[NEW ITERATION]
[ 2 , MULT , 2 ] 

[DOING] OPERator at INDEX: 1 <<PRIORITY>> 14 
 
[TRYING MULTIPLICATE] [ 2 ] WITH [ 2 ] 


--------------------------[NEW ITERATION]
[ 2 ] 

[DOING] OPERator at INDEX: -1 <<PRIORITY>> 100 
[ 2 ] 
3 [3] 
true 
[EXECUTING  METHODE<<2>>]
 
[ a , EQUALS , 2 , MULT , 2 , ; , a , EQUALS , 2 , MULT , 2 , ; ]---------NEW LINE---------
[ a , EQUALS , 2 , MULT , 2 ]
-------------------- 
---------NEW LINE---------
[ a , EQUALS , 2 , MULT , 2 ]
-------------------- 
--------[EXEC CODE]:
[ a , EQUALS , 2 , MULT , 2 ]
-------------- 


--------------------------[NEW ITERATION]
[ a , EQUALS , 2 , MULT , 2 ] 

[DOING] OPERator at INDEX: 1 <<PRIORITY>> 2 

[TRYING SETTING] [ a ] WITH [ 2 , MULT , 2 ] 


--------------------------[NEW ITERATION]
[ a ] 

[DOING] OPERator at INDEX: -1 <<PRIORITY>> 100 
[ a ] 
6 [3] 
false 


--------------------------[NEW ITERATION]
[ 2 , MULT , 2 ] 

[DOING] OPERator at INDEX: 1 <<PRIORITY>> 14 
 
[TRYING MULTIPLICATE] [ 2 ] WITH [ 2 ] 


--------------------------[NEW ITERATION]
[ 2 ] 

[DOING] OPERator at INDEX: -1 <<PRIORITY>> 100 
[ 2 ] 
1 [3] 
false 


--------------------------[NEW ITERATION]
[ 2 ] 

[DOING] OPERator at INDEX: -1 <<PRIORITY>> 100 
[ 2 ] 
2 [3] 
false 
[OPERATION Mult] 
4 
[STORING] id 177 name [ a ] with TOKEN 1111111000000000000000010110001 ON 6 value [ 4 ] 

-------Buffer----------
[2, 2, 2, 2, 2, 4, 4, 4, 4, 4, 4, 4, 4, 4, 4, 4, 4, 4, 4, 4, 4, 4, 4, 4, 4, 4, 4, 4, 4, 4, 4, 4, 4, 4, 4, 4, 4, 4, 4, 4, 4, 4, 4, 4, 4, 4, 4, 4, 4, 4, 4, 4, 4, 4, 4, 4, 4, 4, 4, 4, 4, 4, 4, 4, 4, 4, 4, 4, 4, 4, 4, 4, 4, 4, 4, 4, 4, 4, 4, 4, 4, 4, 4, 4, 4, 4, 4, 4, 4, 4, 4, 4, 4, 4, 4, 4, 4, 4, 4, 4, 4, 4, 4, 4, 4, 4, 4, 4, 4, 4, 4, 4, 4, 4, 4, 4, 4, 4, 4, 4, 4, 4, 4, 4, 4, 4, 4, 4, 4, 4, 4, 4, 4, 4, 4, 4, 4, 4, 4, 4, 4, 4, 4, 4, 4, 4, 4, 4, 4, 4, 4, 4, 4, 4, 4, 4, 4, 4, 4, 4, 4, 4, 4, 4, 4, 4, 4, 4, 4, 4, 4, 4, 4, 4, 4, 4, 4, 4]
----------------------------- 
-------cBUFFER---------
[0, 98, 0, 104, 105, 0, 97, 0]
-------------------------- 
[RETURN VALUE] [ 4 ] 
--------[EXEC CODE]:
[ a , EQUALS , 2 , MULT , 2 ]
-------------- 


--------------------------[NEW ITERATION]
[ a , EQUALS , 2 , MULT , 2 ] 

[DOING] OPERator at INDEX: 1 <<PRIORITY>> 2 

[TRYING SETTING] [ a ] WITH [ 2 , MULT , 2 ] 


--------------------------[NEW ITERATION]
[ a ] 

[DOING] OPERator at INDEX: -1 <<PRIORITY>> 100 
[ a ] 
6 [3] 
false 


--------------------------[NEW ITERATION]
[ 2 , MULT , 2 ] 

[DOING] OPERator at INDEX: 1 <<PRIORITY>> 14 
 
[TRYING MULTIPLICATE] [ 2 ] WITH [ 2 ] 


--------------------------[NEW ITERATION]
[ 2 ] 

[DOING] OPERator at INDEX: -1 <<PRIORITY>> 100 
[ 2 ] 
3 [3] 
true 
[EXECUTING  METHODE<<2>>]
 
[ a , EQUALS , 2 , MULT , 2 , ; , a , EQUALS , 2 , MULT , 2 , ; ]---------NEW LINE---------
[ a , EQUALS , 2 , MULT , 2 ]
-------------------- 
---------NEW LINE---------
[ a , EQUALS , 2 , MULT , 2 ]
-------------------- 
--------[EXEC CODE]:
[ a , EQUALS , 2 , MULT , 2 ]
-------------- 


--------------------------[NEW ITERATION]
[ a , EQUALS , 2 , MULT , 2 ] 

[DOING] OPERator at INDEX: 1 <<PRIORITY>> 2 

[TRYING SETTING] [ a ] WITH [ 2 , MULT , 2 ] 


--------------------------[NEW ITERATION]
[ a ] 

[DOING] OPERator at INDEX: -1 <<PRIORITY>> 100 
[ a ] 
6 [3] 
false 


--------------------------[NEW ITERATION]
[ 2 , MULT , 2 ] 

[DOING] OPERator at INDEX: 1 <<PRIORITY>> 14 
 
[TRYING MULTIPLICATE] [ 2 ] WITH [ 2 ] 


--------------------------[NEW ITERATION]
[ 2 ] 

[DOING] OPERator at INDEX: -1 <<PRIORITY>> 100 
[ 2 ] 
1 [3] 
false 


--------------------------[NEW ITERATION]
[ 2 ] 

[DOING] OPERator at INDEX: -1 <<PRIORITY>> 100 
[ 2 ] 
2 [3] 
false 
[OPERATION Mult] 
4 
[STORING] id 178 name [ a ] with TOKEN 1111111000000000000000010110010 ON 6 value [ 4 ] 

-------Buffer----------
[2, 2, 2, 2, 2, 4, 4, 4, 4, 4, 4, 4, 4, 4, 4, 4, 4, 4, 4, 4, 4, 4, 4, 4, 4, 4, 4, 4, 4, 4, 4, 4, 4, 4, 4, 4, 4, 4, 4, 4, 4, 4, 4, 4, 4, 4, 4, 4, 4, 4, 4, 4, 4, 4, 4, 4, 4, 4, 4, 4, 4, 4, 4, 4, 4, 4, 4, 4, 4, 4, 4, 4, 4, 4, 4, 4, 4, 4, 4, 4, 4, 4, 4, 4, 4, 4, 4, 4, 4, 4, 4, 4, 4, 4, 4, 4, 4, 4, 4, 4, 4, 4, 4, 4, 4, 4, 4, 4, 4, 4, 4, 4, 4, 4, 4, 4, 4, 4, 4, 4, 4, 4, 4, 4, 4, 4, 4, 4, 4, 4, 4, 4, 4, 4, 4, 4, 4, 4, 4, 4, 4, 4, 4, 4, 4, 4, 4, 4, 4, 4, 4, 4, 4, 4, 4, 4, 4, 4, 4, 4, 4, 4, 4, 4, 4, 4, 4, 4, 4, 4, 4, 4, 4, 4, 4, 4, 4, 4, 4]
----------------------------- 
-------cBUFFER---------
[0, 98, 0, 104, 105, 0, 97, 0]
-------------------------- 
[RETURN VALUE] [ 4 ] 
--------[EXEC CODE]:
[ a , EQUALS , 2 , MULT , 2 ]
-------------- 


--------------------------[NEW ITERATION]
[ a , EQUALS , 2 , MULT , 2 ] 

[DOING] OPERator at INDEX: 1 <<PRIORITY>> 2 

[TRYING SETTING] [ a ] WITH [ 2 , MULT , 2 ] 


--------------------------[NEW ITERATION]
[ a ] 

[DOING] OPERator at INDEX: -1 <<PRIORITY>> 100 
[ a ] 
6 [3] 
false 


--------------------------[NEW ITERATION]
[ 2 , MULT , 2 ] 

[DOING] OPERator at INDEX: 1 <<PRIORITY>> 14 
 
[TRYING MULTIPLICATE] [ 2 ] WITH [ 2 ] 


--------------------------[NEW ITERATION]
[ 2 ] 

[DOING] OPERator at INDEX: -1 <<PRIORITY>> 100 
[ 2 ] 
3 [3] 
true 
[EXECUTING  METHODE<<2>>]
 
[ a , EQUALS , 2 , MULT , 2 , ; , a , EQUALS , 2 , MULT , 2 , ; ]---------NEW LINE---------
[ a , EQUALS , 2 , MULT , 2 ]
-------------------- 
---------NEW LINE---------
[ a , EQUALS , 2 , MULT , 2 ]
-------------------- 
--------[EXEC CODE]:
[ a , EQUALS , 2 , MULT , 2 ]
-------------- 


--------------------------[NEW ITERATION]
[ a , EQUALS , 2 , MULT , 2 ] 

[DOING] OPERator at INDEX: 1 <<PRIORITY>> 2 

[TRYING SETTING] [ a ] WITH [ 2 , MULT , 2 ] 


--------------------------[NEW ITERATION]
[ a ] 

[DOING] OPERator at INDEX: -1 <<PRIORITY>> 100 
[ a ] 
6 [3] 
false 


--------------------------[NEW ITERATION]
[ 2 , MULT , 2 ] 

[DOING] OPERator at INDEX: 1 <<PRIORITY>> 14 
 
[TRYING MULTIPLICATE] [ 2 ] WITH [ 2 ] 


--------------------------[NEW ITERATION]
[ 2 ] 

[DOING] OPERator at INDEX: -1 <<PRIORITY>> 100 
[ 2 ] 
1 [3] 
false 


--------------------------[NEW ITERATION]
[ 2 ] 

[DOING] OPERator at INDEX: -1 <<PRIORITY>> 100 
[ 2 ] 
2 [3] 
false 
[OPERATION Mult] 
4 
[STORING] id 179 name [ a ] with TOKEN 1111111000000000000000010110011 ON 6 value [ 4 ] 

-------Buffer----------
[2, 2, 2, 2, 2, 4, 4, 4, 4, 4, 4, 4, 4, 4, 4, 4, 4, 4, 4, 4, 4, 4, 4, 4, 4, 4, 4, 4, 4, 4, 4, 4, 4, 4, 4, 4, 4, 4, 4, 4, 4, 4, 4, 4, 4, 4, 4, 4, 4, 4, 4, 4, 4, 4, 4, 4, 4, 4, 4, 4, 4, 4, 4, 4, 4, 4, 4, 4, 4, 4, 4, 4, 4, 4, 4, 4, 4, 4, 4, 4, 4, 4, 4, 4, 4, 4, 4, 4, 4, 4, 4, 4, 4, 4, 4, 4, 4, 4, 4, 4, 4, 4, 4, 4, 4, 4, 4, 4, 4, 4, 4, 4, 4, 4, 4, 4, 4, 4, 4, 4, 4, 4, 4, 4, 4, 4, 4, 4, 4, 4, 4, 4, 4, 4, 4, 4, 4, 4, 4, 4, 4, 4, 4, 4, 4, 4, 4, 4, 4, 4, 4, 4, 4, 4, 4, 4, 4, 4, 4, 4, 4, 4, 4, 4, 4, 4, 4, 4, 4, 4, 4, 4, 4, 4, 4, 4, 4, 4, 4, 4]
----------------------------- 
-------cBUFFER---------
[0, 98, 0, 104, 105, 0, 97, 0]
-------------------------- 
[RETURN VALUE] [ 4 ] 
--------[EXEC CODE]:
[ a , EQUALS , 2 , MULT , 2 ]
-------------- 


--------------------------[NEW ITERATION]
[ a , EQUALS , 2 , MULT , 2 ] 

[DOING] OPERator at INDEX: 1 <<PRIORITY>> 2 

[TRYING SETTING] [ a ] WITH [ 2 , MULT , 2 ] 


--------------------------[NEW ITERATION]
[ a ] 

[DOING] OPERator at INDEX: -1 <<PRIORITY>> 100 
[ a ] 
6 [3] 
false 


--------------------------[NEW ITERATION]
[ 2 , MULT , 2 ] 

[DOING] OPERator at INDEX: 1 <<PRIORITY>> 14 
 
[TRYING MULTIPLICATE] [ 2 ] WITH [ 2 ] 


--------------------------[NEW ITERATION]
[ 2 ] 

[DOING] OPERator at INDEX: -1 <<PRIORITY>> 100 
[ 2 ] 
3 [3] 
true 
[EXECUTING  METHODE<<2>>]
 
[ a , EQUALS , 2 , MULT , 2 , ; , a , EQUALS , 2 , MULT , 2 , ; ]---------NEW LINE---------
[ a , EQUALS , 2 , MULT , 2 ]
-------------------- 
---------NEW LINE---------
[ a , EQUALS , 2 , MULT , 2 ]
-------------------- 
--------[EXEC CODE]:
[ a , EQUALS , 2 , MULT , 2 ]
-------------- 


--------------------------[NEW ITERATION]
[ a , EQUALS , 2 , MULT , 2 ] 

[DOING] OPERator at INDEX: 1 <<PRIORITY>> 2 

[TRYING SETTING] [ a ] WITH [ 2 , MULT , 2 ] 


--------------------------[NEW ITERATION]
[ a ] 

[DOING] OPERator at INDEX: -1 <<PRIORITY>> 100 
[ a ] 
6 [3] 
false 


--------------------------[NEW ITERATION]
[ 2 , MULT , 2 ] 

[DOING] OPERator at INDEX: 1 <<PRIORITY>> 14 
 
[TRYING MULTIPLICATE] [ 2 ] WITH [ 2 ] 


--------------------------[NEW ITERATION]
[ 2 ] 

[DOING] OPERator at INDEX: -1 <<PRIORITY>> 100 
[ 2 ] 
1 [3] 
false 


--------------------------[NEW ITERATION]
[ 2 ] 

[DOING] OPERator at INDEX: -1 <<PRIORITY>> 100 
[ 2 ] 
2 [3] 
false 
[OPERATION Mult] 
4 
[STORING] id 180 name [ a ] with TOKEN 1111111000000000000000010110100 ON 6 value [ 4 ] 

-------Buffer----------
[2, 2, 2, 2, 2, 4, 4, 4, 4, 4, 4, 4, 4, 4, 4, 4, 4, 4, 4, 4, 4, 4, 4, 4, 4, 4, 4, 4, 4, 4, 4, 4, 4, 4, 4, 4, 4, 4, 4, 4, 4, 4, 4, 4, 4, 4, 4, 4, 4, 4, 4, 4, 4, 4, 4, 4, 4, 4, 4, 4, 4, 4, 4, 4, 4, 4, 4, 4, 4, 4, 4, 4, 4, 4, 4, 4, 4, 4, 4, 4, 4, 4, 4, 4, 4, 4, 4, 4, 4, 4, 4, 4, 4, 4, 4, 4, 4, 4, 4, 4, 4, 4, 4, 4, 4, 4, 4, 4, 4, 4, 4, 4, 4, 4, 4, 4, 4, 4, 4, 4, 4, 4, 4, 4, 4, 4, 4, 4, 4, 4, 4, 4, 4, 4, 4, 4, 4, 4, 4, 4, 4, 4, 4, 4, 4, 4, 4, 4, 4, 4, 4, 4, 4, 4, 4, 4, 4, 4, 4, 4, 4, 4, 4, 4, 4, 4, 4, 4, 4, 4, 4, 4, 4, 4, 4, 4, 4, 4, 4, 4, 4]
----------------------------- 
-------cBUFFER---------
[0, 98, 0, 104, 105, 0, 97, 0]
-------------------------- 
[RETURN VALUE] [ 4 ] 
--------[EXEC CODE]:
[ a , EQUALS , 2 , MULT , 2 ]
-------------- 


--------------------------[NEW ITERATION]
[ a , EQUALS , 2 , MULT , 2 ] 

[DOING] OPERator at INDEX: 1 <<PRIORITY>> 2 

[TRYING SETTING] [ a ] WITH [ 2 , MULT , 2 ] 


--------------------------[NEW ITERATION]
[ a ] 

[DOING] OPERator at INDEX: -1 <<PRIORITY>> 100 
[ a ] 
6 [3] 
false 


--------------------------[NEW ITERATION]
[ 2 , MULT , 2 ] 

[DOING] OPERator at INDEX: 1 <<PRIORITY>> 14 
 
[TRYING MULTIPLICATE] [ 2 ] WITH [ 2 ] 


--------------------------[NEW ITERATION]
[ 2 ] 

[DOING] OPERator at INDEX: -1 <<PRIORITY>> 100 
[ 2 ] 
3 [3] 
true 
[EXECUTING  METHODE<<2>>]
 
[ a , EQUALS , 2 , MULT , 2 , ; , a , EQUALS , 2 , MULT , 2 , ; ]---------NEW LINE---------
[ a , EQUALS , 2 , MULT , 2 ]
-------------------- 
---------NEW LINE---------
[ a , EQUALS , 2 , MULT , 2 ]
-------------------- 
--------[EXEC CODE]:
[ a , EQUALS , 2 , MULT , 2 ]
-------------- 


--------------------------[NEW ITERATION]
[ a , EQUALS , 2 , MULT , 2 ] 

[DOING] OPERator at INDEX: 1 <<PRIORITY>> 2 

[TRYING SETTING] [ a ] WITH [ 2 , MULT , 2 ] 


--------------------------[NEW ITERATION]
[ a ] 

[DOING] OPERator at INDEX: -1 <<PRIORITY>> 100 
[ a ] 
6 [3] 
false 


--------------------------[NEW ITERATION]
[ 2 , MULT , 2 ] 

[DOING] OPERator at INDEX: 1 <<PRIORITY>> 14 
 
[TRYING MULTIPLICATE] [ 2 ] WITH [ 2 ] 


--------------------------[NEW ITERATION]
[ 2 ] 

[DOING] OPERator at INDEX: -1 <<PRIORITY>> 100 
[ 2 ] 
1 [3] 
false 


--------------------------[NEW ITERATION]
[ 2 ] 

[DOING] OPERator at INDEX: -1 <<PRIORITY>> 100 
[ 2 ] 
2 [3] 
false 
[OPERATION Mult] 
4 
[STORING] id 181 name [ a ] with TOKEN 1111111000000000000000010110101 ON 6 value [ 4 ] 

-------Buffer----------
[2, 2, 2, 2, 2, 4, 4, 4, 4, 4, 4, 4, 4, 4, 4, 4, 4, 4, 4, 4, 4, 4, 4, 4, 4, 4, 4, 4, 4, 4, 4, 4, 4, 4, 4, 4, 4, 4, 4, 4, 4, 4, 4, 4, 4, 4, 4, 4, 4, 4, 4, 4, 4, 4, 4, 4, 4, 4, 4, 4, 4, 4, 4, 4, 4, 4, 4, 4, 4, 4, 4, 4, 4, 4, 4, 4, 4, 4, 4, 4, 4, 4, 4, 4, 4, 4, 4, 4, 4, 4, 4, 4, 4, 4, 4, 4, 4, 4, 4, 4, 4, 4, 4, 4, 4, 4, 4, 4, 4, 4, 4, 4, 4, 4, 4, 4, 4, 4, 4, 4, 4, 4, 4, 4, 4, 4, 4, 4, 4, 4, 4, 4, 4, 4, 4, 4, 4, 4, 4, 4, 4, 4, 4, 4, 4, 4, 4, 4, 4, 4, 4, 4, 4, 4, 4, 4, 4, 4, 4, 4, 4, 4, 4, 4, 4, 4, 4, 4, 4, 4, 4, 4, 4, 4, 4, 4, 4, 4, 4, 4, 4, 4]
----------------------------- 
-------cBUFFER---------
[0, 98, 0, 104, 105, 0, 97, 0]
-------------------------- 
[RETURN VALUE] [ 4 ] 
--------[EXEC CODE]:
[ a , EQUALS , 2 , MULT , 2 ]
-------------- 


--------------------------[NEW ITERATION]
[ a , EQUALS , 2 , MULT , 2 ] 

[DOING] OPERator at INDEX: 1 <<PRIORITY>> 2 

[TRYING SETTING] [ a ] WITH [ 2 , MULT , 2 ] 


--------------------------[NEW ITERATION]
[ a ] 

[DOING] OPERator at INDEX: -1 <<PRIORITY>> 100 
[ a ] 
6 [3] 
false 


--------------------------[NEW ITERATION]
[ 2 , MULT , 2 ] 

[DOING] OPERator at INDEX: 1 <<PRIORITY>> 14 
 
[TRYING MULTIPLICATE] [ 2 ] WITH [ 2 ] 


--------------------------[NEW ITERATION]
[ 2 ] 

[DOING] OPERator at INDEX: -1 <<PRIORITY>> 100 
[ 2 ] 
3 [3] 
true 
[EXECUTING  METHODE<<2>>]
 
[ a , EQUALS , 2 , MULT , 2 , ; , a , EQUALS , 2 , MULT , 2 , ; ]---------NEW LINE---------
[ a , EQUALS , 2 , MULT , 2 ]
-------------------- 
---------NEW LINE---------
[ a , EQUALS , 2 , MULT , 2 ]
-------------------- 
--------[EXEC CODE]:
[ a , EQUALS , 2 , MULT , 2 ]
-------------- 


--------------------------[NEW ITERATION]
[ a , EQUALS , 2 , MULT , 2 ] 

[DOING] OPERator at INDEX: 1 <<PRIORITY>> 2 

[TRYING SETTING] [ a ] WITH [ 2 , MULT , 2 ] 


--------------------------[NEW ITERATION]
[ a ] 

[DOING] OPERator at INDEX: -1 <<PRIORITY>> 100 
[ a ] 
6 [3] 
false 


--------------------------[NEW ITERATION]
[ 2 , MULT , 2 ] 

[DOING] OPERator at INDEX: 1 <<PRIORITY>> 14 
 
[TRYING MULTIPLICATE] [ 2 ] WITH [ 2 ] 


--------------------------[NEW ITERATION]
[ 2 ] 

[DOING] OPERator at INDEX: -1 <<PRIORITY>> 100 
[ 2 ] 
1 [3] 
false 


--------------------------[NEW ITERATION]
[ 2 ] 

[DOING] OPERator at INDEX: -1 <<PRIORITY>> 100 
[ 2 ] 
2 [3] 
false 
[OPERATION Mult] 
4 
[STORING] id 182 name [ a ] with TOKEN 1111111000000000000000010110110 ON 6 value [ 4 ] 

-------Buffer----------
[2, 2, 2, 2, 2, 4, 4, 4, 4, 4, 4, 4, 4, 4, 4, 4, 4, 4, 4, 4, 4, 4, 4, 4, 4, 4, 4, 4, 4, 4, 4, 4, 4, 4, 4, 4, 4, 4, 4, 4, 4, 4, 4, 4, 4, 4, 4, 4, 4, 4, 4, 4, 4, 4, 4, 4, 4, 4, 4, 4, 4, 4, 4, 4, 4, 4, 4, 4, 4, 4, 4, 4, 4, 4, 4, 4, 4, 4, 4, 4, 4, 4, 4, 4, 4, 4, 4, 4, 4, 4, 4, 4, 4, 4, 4, 4, 4, 4, 4, 4, 4, 4, 4, 4, 4, 4, 4, 4, 4, 4, 4, 4, 4, 4, 4, 4, 4, 4, 4, 4, 4, 4, 4, 4, 4, 4, 4, 4, 4, 4, 4, 4, 4, 4, 4, 4, 4, 4, 4, 4, 4, 4, 4, 4, 4, 4, 4, 4, 4, 4, 4, 4, 4, 4, 4, 4, 4, 4, 4, 4, 4, 4, 4, 4, 4, 4, 4, 4, 4, 4, 4, 4, 4, 4, 4, 4, 4, 4, 4, 4, 4, 4, 4]
----------------------------- 
-------cBUFFER---------
[0, 98, 0, 104, 105, 0, 97, 0]
-------------------------- 
[RETURN VALUE] [ 4 ] 
--------[EXEC CODE]:
[ a , EQUALS , 2 , MULT , 2 ]
-------------- 


--------------------------[NEW ITERATION]
[ a , EQUALS , 2 , MULT , 2 ] 

[DOING] OPERator at INDEX: 1 <<PRIORITY>> 2 

[TRYING SETTING] [ a ] WITH [ 2 , MULT , 2 ] 


--------------------------[NEW ITERATION]
[ a ] 

[DOING] OPERator at INDEX: -1 <<PRIORITY>> 100 
[ a ] 
6 [3] 
false 


--------------------------[NEW ITERATION]
[ 2 , MULT , 2 ] 

[DOING] OPERator at INDEX: 1 <<PRIORITY>> 14 
 
[TRYING MULTIPLICATE] [ 2 ] WITH [ 2 ] 


--------------------------[NEW ITERATION]
[ 2 ] 

[DOING] OPERator at INDEX: -1 <<PRIORITY>> 100 
[ 2 ] 
3 [3] 
true 
[EXECUTING  METHODE<<2>>]
 
[ a , EQUALS , 2 , MULT , 2 , ; , a , EQUALS , 2 , MULT , 2 , ; ]---------NEW LINE---------
[ a , EQUALS , 2 , MULT , 2 ]
-------------------- 
---------NEW LINE---------
[ a , EQUALS , 2 , MULT , 2 ]
-------------------- 
--------[EXEC CODE]:
[ a , EQUALS , 2 , MULT , 2 ]
-------------- 


--------------------------[NEW ITERATION]
[ a , EQUALS , 2 , MULT , 2 ] 

[DOING] OPERator at INDEX: 1 <<PRIORITY>> 2 

[TRYING SETTING] [ a ] WITH [ 2 , MULT , 2 ] 


--------------------------[NEW ITERATION]
[ a ] 

[DOING] OPERator at INDEX: -1 <<PRIORITY>> 100 
[ a ] 
6 [3] 
false 


--------------------------[NEW ITERATION]
[ 2 , MULT , 2 ] 

[DOING] OPERator at INDEX: 1 <<PRIORITY>> 14 
 
[TRYING MULTIPLICATE] [ 2 ] WITH [ 2 ] 


--------------------------[NEW ITERATION]
[ 2 ] 

[DOING] OPERator at INDEX: -1 <<PRIORITY>> 100 
[ 2 ] 
1 [3] 
false 


--------------------------[NEW ITERATION]
[ 2 ] 

[DOING] OPERator at INDEX: -1 <<PRIORITY>> 100 
[ 2 ] 
2 [3] 
false 
[OPERATION Mult] 
4 
[STORING] id 183 name [ a ] with TOKEN 1111111000000000000000010110111 ON 6 value [ 4 ] 

-------Buffer----------
[2, 2, 2, 2, 2, 4, 4, 4, 4, 4, 4, 4, 4, 4, 4, 4, 4, 4, 4, 4, 4, 4, 4, 4, 4, 4, 4, 4, 4, 4, 4, 4, 4, 4, 4, 4, 4, 4, 4, 4, 4, 4, 4, 4, 4, 4, 4, 4, 4, 4, 4, 4, 4, 4, 4, 4, 4, 4, 4, 4, 4, 4, 4, 4, 4, 4, 4, 4, 4, 4, 4, 4, 4, 4, 4, 4, 4, 4, 4, 4, 4, 4, 4, 4, 4, 4, 4, 4, 4, 4, 4, 4, 4, 4, 4, 4, 4, 4, 4, 4, 4, 4, 4, 4, 4, 4, 4, 4, 4, 4, 4, 4, 4, 4, 4, 4, 4, 4, 4, 4, 4, 4, 4, 4, 4, 4, 4, 4, 4, 4, 4, 4, 4, 4, 4, 4, 4, 4, 4, 4, 4, 4, 4, 4, 4, 4, 4, 4, 4, 4, 4, 4, 4, 4, 4, 4, 4, 4, 4, 4, 4, 4, 4, 4, 4, 4, 4, 4, 4, 4, 4, 4, 4, 4, 4, 4, 4, 4, 4, 4, 4, 4, 4, 4]
----------------------------- 
-------cBUFFER---------
[0, 98, 0, 104, 105, 0, 97, 0]
-------------------------- 
[RETURN VALUE] [ 4 ] 
--------[EXEC CODE]:
[ a , EQUALS , 2 , MULT , 2 ]
-------------- 


--------------------------[NEW ITERATION]
[ a , EQUALS , 2 , MULT , 2 ] 

[DOING] OPERator at INDEX: 1 <<PRIORITY>> 2 

[TRYING SETTING] [ a ] WITH [ 2 , MULT , 2 ] 


--------------------------[NEW ITERATION]
[ a ] 

[DOING] OPERator at INDEX: -1 <<PRIORITY>> 100 
[ a ] 
6 [3] 
false 


--------------------------[NEW ITERATION]
[ 2 , MULT , 2 ] 

[DOING] OPERator at INDEX: 1 <<PRIORITY>> 14 
 
[TRYING MULTIPLICATE] [ 2 ] WITH [ 2 ] 


--------------------------[NEW ITERATION]
[ 2 ] 

[DOING] OPERator at INDEX: -1 <<PRIORITY>> 100 
[ 2 ] 
3 [3] 
true 
[EXECUTING  METHODE<<2>>]
 
[ a , EQUALS , 2 , MULT , 2 , ; , a , EQUALS , 2 , MULT , 2 , ; ]---------NEW LINE---------
[ a , EQUALS , 2 , MULT , 2 ]
-------------------- 
---------NEW LINE---------
[ a , EQUALS , 2 , MULT , 2 ]
-------------------- 
--------[EXEC CODE]:
[ a , EQUALS , 2 , MULT , 2 ]
-------------- 


--------------------------[NEW ITERATION]
[ a , EQUALS , 2 , MULT , 2 ] 

[DOING] OPERator at INDEX: 1 <<PRIORITY>> 2 

[TRYING SETTING] [ a ] WITH [ 2 , MULT , 2 ] 


--------------------------[NEW ITERATION]
[ a ] 

[DOING] OPERator at INDEX: -1 <<PRIORITY>> 100 
[ a ] 
6 [3] 
false 


--------------------------[NEW ITERATION]
[ 2 , MULT , 2 ] 

[DOING] OPERator at INDEX: 1 <<PRIORITY>> 14 
 
[TRYING MULTIPLICATE] [ 2 ] WITH [ 2 ] 


--------------------------[NEW ITERATION]
[ 2 ] 

[DOING] OPERator at INDEX: -1 <<PRIORITY>> 100 
[ 2 ] 
1 [3] 
false 


--------------------------[NEW ITERATION]
[ 2 ] 

[DOING] OPERator at INDEX: -1 <<PRIORITY>> 100 
[ 2 ] 
2 [3] 
false 
[OPERATION Mult] 
4 
[STORING] id 184 name [ a ] with TOKEN 1111111000000000000000010111000 ON 6 value [ 4 ] 

-------Buffer----------
[2, 2, 2, 2, 2, 4, 4, 4, 4, 4, 4, 4, 4, 4, 4, 4, 4, 4, 4, 4, 4, 4, 4, 4, 4, 4, 4, 4, 4, 4, 4, 4, 4, 4, 4, 4, 4, 4, 4, 4, 4, 4, 4, 4, 4, 4, 4, 4, 4, 4, 4, 4, 4, 4, 4, 4, 4, 4, 4, 4, 4, 4, 4, 4, 4, 4, 4, 4, 4, 4, 4, 4, 4, 4, 4, 4, 4, 4, 4, 4, 4, 4, 4, 4, 4, 4, 4, 4, 4, 4, 4, 4, 4, 4, 4, 4, 4, 4, 4, 4, 4, 4, 4, 4, 4, 4, 4, 4, 4, 4, 4, 4, 4, 4, 4, 4, 4, 4, 4, 4, 4, 4, 4, 4, 4, 4, 4, 4, 4, 4, 4, 4, 4, 4, 4, 4, 4, 4, 4, 4, 4, 4, 4, 4, 4, 4, 4, 4, 4, 4, 4, 4, 4, 4, 4, 4, 4, 4, 4, 4, 4, 4, 4, 4, 4, 4, 4, 4, 4, 4, 4, 4, 4, 4, 4, 4, 4, 4, 4, 4, 4, 4, 4, 4, 4]
----------------------------- 
-------cBUFFER---------
[0, 98, 0, 104, 105, 0, 97, 0]
-------------------------- 
[RETURN VALUE] [ 4 ] 
--------[EXEC CODE]:
[ a , EQUALS , 2 , MULT , 2 ]
-------------- 


--------------------------[NEW ITERATION]
[ a , EQUALS , 2 , MULT , 2 ] 

[DOING] OPERator at INDEX: 1 <<PRIORITY>> 2 

[TRYING SETTING] [ a ] WITH [ 2 , MULT , 2 ] 


--------------------------[NEW ITERATION]
[ a ] 

[DOING] OPERator at INDEX: -1 <<PRIORITY>> 100 
[ a ] 
6 [3] 
false 


--------------------------[NEW ITERATION]
[ 2 , MULT , 2 ] 

[DOING] OPERator at INDEX: 1 <<PRIORITY>> 14 
 
[TRYING MULTIPLICATE] [ 2 ] WITH [ 2 ] 


--------------------------[NEW ITERATION]
[ 2 ] 

[DOING] OPERator at INDEX: -1 <<PRIORITY>> 100 
[ 2 ] 
3 [3] 
true 
[EXECUTING  METHODE<<2>>]
 
[ a , EQUALS , 2 , MULT , 2 , ; , a , EQUALS , 2 , MULT , 2 , ; ]---------NEW LINE---------
[ a , EQUALS , 2 , MULT , 2 ]
-------------------- 
---------NEW LINE---------
[ a , EQUALS , 2 , MULT , 2 ]
-------------------- 
--------[EXEC CODE]:
[ a , EQUALS , 2 , MULT , 2 ]
-------------- 


--------------------------[NEW ITERATION]
[ a , EQUALS , 2 , MULT , 2 ] 

[DOING] OPERator at INDEX: 1 <<PRIORITY>> 2 

[TRYING SETTING] [ a ] WITH [ 2 , MULT , 2 ] 


--------------------------[NEW ITERATION]
[ a ] 

[DOING] OPERator at INDEX: -1 <<PRIORITY>> 100 
[ a ] 
6 [3] 
false 


--------------------------[NEW ITERATION]
[ 2 , MULT , 2 ] 

[DOING] OPERator at INDEX: 1 <<PRIORITY>> 14 
 
[TRYING MULTIPLICATE] [ 2 ] WITH [ 2 ] 


--------------------------[NEW ITERATION]
[ 2 ] 

[DOING] OPERator at INDEX: -1 <<PRIORITY>> 100 
[ 2 ] 
1 [3] 
false 


--------------------------[NEW ITERATION]
[ 2 ] 

[DOING] OPERator at INDEX: -1 <<PRIORITY>> 100 
[ 2 ] 
2 [3] 
false 
[OPERATION Mult] 
4 
[STORING] id 185 name [ a ] with TOKEN 1111111000000000000000010111001 ON 6 value [ 4 ] 

-------Buffer----------
[2, 2, 2, 2, 2, 4, 4, 4, 4, 4, 4, 4, 4, 4, 4, 4, 4, 4, 4, 4, 4, 4, 4, 4, 4, 4, 4, 4, 4, 4, 4, 4, 4, 4, 4, 4, 4, 4, 4, 4, 4, 4, 4, 4, 4, 4, 4, 4, 4, 4, 4, 4, 4, 4, 4, 4, 4, 4, 4, 4, 4, 4, 4, 4, 4, 4, 4, 4, 4, 4, 4, 4, 4, 4, 4, 4, 4, 4, 4, 4, 4, 4, 4, 4, 4, 4, 4, 4, 4, 4, 4, 4, 4, 4, 4, 4, 4, 4, 4, 4, 4, 4, 4, 4, 4, 4, 4, 4, 4, 4, 4, 4, 4, 4, 4, 4, 4, 4, 4, 4, 4, 4, 4, 4, 4, 4, 4, 4, 4, 4, 4, 4, 4, 4, 4, 4, 4, 4, 4, 4, 4, 4, 4, 4, 4, 4, 4, 4, 4, 4, 4, 4, 4, 4, 4, 4, 4, 4, 4, 4, 4, 4, 4, 4, 4, 4, 4, 4, 4, 4, 4, 4, 4, 4, 4, 4, 4, 4, 4, 4, 4, 4, 4, 4, 4, 4]
----------------------------- 
-------cBUFFER---------
[0, 98, 0, 104, 105, 0, 97, 0]
-------------------------- 
[RETURN VALUE] [ 4 ] 
--------[EXEC CODE]:
[ a , EQUALS , 2 , MULT , 2 ]
-------------- 


--------------------------[NEW ITERATION]
[ a , EQUALS , 2 , MULT , 2 ] 

[DOING] OPERator at INDEX: 1 <<PRIORITY>> 2 

[TRYING SETTING] [ a ] WITH [ 2 , MULT , 2 ] 


--------------------------[NEW ITERATION]
[ a ] 

[DOING] OPERator at INDEX: -1 <<PRIORITY>> 100 
[ a ] 
6 [3] 
false 


--------------------------[NEW ITERATION]
[ 2 , MULT , 2 ] 

[DOING] OPERator at INDEX: 1 <<PRIORITY>> 14 
 
[TRYING MULTIPLICATE] [ 2 ] WITH [ 2 ] 


--------------------------[NEW ITERATION]
[ 2 ] 

[DOING] OPERator at INDEX: -1 <<PRIORITY>> 100 
[ 2 ] 
3 [3] 
true 
[EXECUTING  METHODE<<2>>]
 
[ a , EQUALS , 2 , MULT , 2 , ; , a , EQUALS , 2 , MULT , 2 , ; ]---------NEW LINE---------
[ a , EQUALS , 2 , MULT , 2 ]
-------------------- 
---------NEW LINE---------
[ a , EQUALS , 2 , MULT , 2 ]
-------------------- 
--------[EXEC CODE]:
[ a , EQUALS , 2 , MULT , 2 ]
-------------- 


--------------------------[NEW ITERATION]
[ a , EQUALS , 2 , MULT , 2 ] 

[DOING] OPERator at INDEX: 1 <<PRIORITY>> 2 

[TRYING SETTING] [ a ] WITH [ 2 , MULT , 2 ] 


--------------------------[NEW ITERATION]
[ a ] 

[DOING] OPERator at INDEX: -1 <<PRIORITY>> 100 
[ a ] 
6 [3] 
false 


--------------------------[NEW ITERATION]
[ 2 , MULT , 2 ] 

[DOING] OPERator at INDEX: 1 <<PRIORITY>> 14 
 
[TRYING MULTIPLICATE] [ 2 ] WITH [ 2 ] 


--------------------------[NEW ITERATION]
[ 2 ] 

[DOING] OPERator at INDEX: -1 <<PRIORITY>> 100 
[ 2 ] 
1 [3] 
false 


--------------------------[NEW ITERATION]
[ 2 ] 

[DOING] OPERator at INDEX: -1 <<PRIORITY>> 100 
[ 2 ] 
2 [3] 
false 
[OPERATION Mult] 
4 
[STORING] id 186 name [ a ] with TOKEN 1111111000000000000000010111010 ON 6 value [ 4 ] 

-------Buffer----------
[2, 2, 2, 2, 2, 4, 4, 4, 4, 4, 4, 4, 4, 4, 4, 4, 4, 4, 4, 4, 4, 4, 4, 4, 4, 4, 4, 4, 4, 4, 4, 4, 4, 4, 4, 4, 4, 4, 4, 4, 4, 4, 4, 4, 4, 4, 4, 4, 4, 4, 4, 4, 4, 4, 4, 4, 4, 4, 4, 4, 4, 4, 4, 4, 4, 4, 4, 4, 4, 4, 4, 4, 4, 4, 4, 4, 4, 4, 4, 4, 4, 4, 4, 4, 4, 4, 4, 4, 4, 4, 4, 4, 4, 4, 4, 4, 4, 4, 4, 4, 4, 4, 4, 4, 4, 4, 4, 4, 4, 4, 4, 4, 4, 4, 4, 4, 4, 4, 4, 4, 4, 4, 4, 4, 4, 4, 4, 4, 4, 4, 4, 4, 4, 4, 4, 4, 4, 4, 4, 4, 4, 4, 4, 4, 4, 4, 4, 4, 4, 4, 4, 4, 4, 4, 4, 4, 4, 4, 4, 4, 4, 4, 4, 4, 4, 4, 4, 4, 4, 4, 4, 4, 4, 4, 4, 4, 4, 4, 4, 4, 4, 4, 4, 4, 4, 4, 4]
----------------------------- 
-------cBUFFER---------
[0, 98, 0, 104, 105, 0, 97, 0]
-------------------------- 
[RETURN VALUE] [ 4 ] 
--------[EXEC CODE]:
[ a , EQUALS , 2 , MULT , 2 ]
-------------- 


--------------------------[NEW ITERATION]
[ a , EQUALS , 2 , MULT , 2 ] 

[DOING] OPERator at INDEX: 1 <<PRIORITY>> 2 

[TRYING SETTING] [ a ] WITH [ 2 , MULT , 2 ] 


--------------------------[NEW ITERATION]
[ a ] 

[DOING] OPERator at INDEX: -1 <<PRIORITY>> 100 
[ a ] 
6 [3] 
false 


--------------------------[NEW ITERATION]
[ 2 , MULT , 2 ] 

[DOING] OPERator at INDEX: 1 <<PRIORITY>> 14 
 
[TRYING MULTIPLICATE] [ 2 ] WITH [ 2 ] 


--------------------------[NEW ITERATION]
[ 2 ] 

[DOING] OPERator at INDEX: -1 <<PRIORITY>> 100 
[ 2 ] 
3 [3] 
true 
[EXECUTING  METHODE<<2>>]
 
[ a , EQUALS , 2 , MULT , 2 , ; , a , EQUALS , 2 , MULT , 2 , ; ]---------NEW LINE---------
[ a , EQUALS , 2 , MULT , 2 ]
-------------------- 
---------NEW LINE---------
[ a , EQUALS , 2 , MULT , 2 ]
-------------------- 
--------[EXEC CODE]:
[ a , EQUALS , 2 , MULT , 2 ]
-------------- 


--------------------------[NEW ITERATION]
[ a , EQUALS , 2 , MULT , 2 ] 

[DOING] OPERator at INDEX: 1 <<PRIORITY>> 2 

[TRYING SETTING] [ a ] WITH [ 2 , MULT , 2 ] 


--------------------------[NEW ITERATION]
[ a ] 

[DOING] OPERator at INDEX: -1 <<PRIORITY>> 100 
[ a ] 
6 [3] 
false 


--------------------------[NEW ITERATION]
[ 2 , MULT , 2 ] 

[DOING] OPERator at INDEX: 1 <<PRIORITY>> 14 
 
[TRYING MULTIPLICATE] [ 2 ] WITH [ 2 ] 


--------------------------[NEW ITERATION]
[ 2 ] 

[DOING] OPERator at INDEX: -1 <<PRIORITY>> 100 
[ 2 ] 
1 [3] 
false 


--------------------------[NEW ITERATION]
[ 2 ] 

[DOING] OPERator at INDEX: -1 <<PRIORITY>> 100 
[ 2 ] 
2 [3] 
false 
[OPERATION Mult] 
4 
[STORING] id 187 name [ a ] with TOKEN 1111111000000000000000010111011 ON 6 value [ 4 ] 

-------Buffer----------
[2, 2, 2, 2, 2, 4, 4, 4, 4, 4, 4, 4, 4, 4, 4, 4, 4, 4, 4, 4, 4, 4, 4, 4, 4, 4, 4, 4, 4, 4, 4, 4, 4, 4, 4, 4, 4, 4, 4, 4, 4, 4, 4, 4, 4, 4, 4, 4, 4, 4, 4, 4, 4, 4, 4, 4, 4, 4, 4, 4, 4, 4, 4, 4, 4, 4, 4, 4, 4, 4, 4, 4, 4, 4, 4, 4, 4, 4, 4, 4, 4, 4, 4, 4, 4, 4, 4, 4, 4, 4, 4, 4, 4, 4, 4, 4, 4, 4, 4, 4, 4, 4, 4, 4, 4, 4, 4, 4, 4, 4, 4, 4, 4, 4, 4, 4, 4, 4, 4, 4, 4, 4, 4, 4, 4, 4, 4, 4, 4, 4, 4, 4, 4, 4, 4, 4, 4, 4, 4, 4, 4, 4, 4, 4, 4, 4, 4, 4, 4, 4, 4, 4, 4, 4, 4, 4, 4, 4, 4, 4, 4, 4, 4, 4, 4, 4, 4, 4, 4, 4, 4, 4, 4, 4, 4, 4, 4, 4, 4, 4, 4, 4, 4, 4, 4, 4, 4, 4]
----------------------------- 
-------cBUFFER---------
[0, 98, 0, 104, 105, 0, 97, 0]
-------------------------- 
[RETURN VALUE] [ 4 ] 
--------[EXEC CODE]:
[ a , EQUALS , 2 , MULT , 2 ]
-------------- 


--------------------------[NEW ITERATION]
[ a , EQUALS , 2 , MULT , 2 ] 

[DOING] OPERator at INDEX: 1 <<PRIORITY>> 2 

[TRYING SETTING] [ a ] WITH [ 2 , MULT , 2 ] 


--------------------------[NEW ITERATION]
[ a ] 

[DOING] OPERator at INDEX: -1 <<PRIORITY>> 100 
[ a ] 
6 [3] 
false 


--------------------------[NEW ITERATION]
[ 2 , MULT , 2 ] 

[DOING] OPERator at INDEX: 1 <<PRIORITY>> 14 
 
[TRYING MULTIPLICATE] [ 2 ] WITH [ 2 ] 


--------------------------[NEW ITERATION]
[ 2 ] 

[DOING] OPERator at INDEX: -1 <<PRIORITY>> 100 
[ 2 ] 
3 [3] 
true 
[EXECUTING  METHODE<<2>>]
 
[ a , EQUALS , 2 , MULT , 2 , ; , a , EQUALS , 2 , MULT , 2 , ; ]---------NEW LINE---------
[ a , EQUALS , 2 , MULT , 2 ]
-------------------- 
---------NEW LINE---------
[ a , EQUALS , 2 , MULT , 2 ]
-------------------- 
--------[EXEC CODE]:
[ a , EQUALS , 2 , MULT , 2 ]
-------------- 


--------------------------[NEW ITERATION]
[ a , EQUALS , 2 , MULT , 2 ] 

[DOING] OPERator at INDEX: 1 <<PRIORITY>> 2 

[TRYING SETTING] [ a ] WITH [ 2 , MULT , 2 ] 


--------------------------[NEW ITERATION]
[ a ] 

[DOING] OPERator at INDEX: -1 <<PRIORITY>> 100 
[ a ] 
6 [3] 
false 


--------------------------[NEW ITERATION]
[ 2 , MULT , 2 ] 

[DOING] OPERator at INDEX: 1 <<PRIORITY>> 14 
 
[TRYING MULTIPLICATE] [ 2 ] WITH [ 2 ] 


--------------------------[NEW ITERATION]
[ 2 ] 

[DOING] OPERator at INDEX: -1 <<PRIORITY>> 100 
[ 2 ] 
1 [3] 
false 


--------------------------[NEW ITERATION]
[ 2 ] 

[DOING] OPERator at INDEX: -1 <<PRIORITY>> 100 
[ 2 ] 
2 [3] 
false 
[OPERATION Mult] 
4 
[STORING] id 188 name [ a ] with TOKEN 1111111000000000000000010111100 ON 6 value [ 4 ] 

-------Buffer----------
[2, 2, 2, 2, 2, 4, 4, 4, 4, 4, 4, 4, 4, 4, 4, 4, 4, 4, 4, 4, 4, 4, 4, 4, 4, 4, 4, 4, 4, 4, 4, 4, 4, 4, 4, 4, 4, 4, 4, 4, 4, 4, 4, 4, 4, 4, 4, 4, 4, 4, 4, 4, 4, 4, 4, 4, 4, 4, 4, 4, 4, 4, 4, 4, 4, 4, 4, 4, 4, 4, 4, 4, 4, 4, 4, 4, 4, 4, 4, 4, 4, 4, 4, 4, 4, 4, 4, 4, 4, 4, 4, 4, 4, 4, 4, 4, 4, 4, 4, 4, 4, 4, 4, 4, 4, 4, 4, 4, 4, 4, 4, 4, 4, 4, 4, 4, 4, 4, 4, 4, 4, 4, 4, 4, 4, 4, 4, 4, 4, 4, 4, 4, 4, 4, 4, 4, 4, 4, 4, 4, 4, 4, 4, 4, 4, 4, 4, 4, 4, 4, 4, 4, 4, 4, 4, 4, 4, 4, 4, 4, 4, 4, 4, 4, 4, 4, 4, 4, 4, 4, 4, 4, 4, 4, 4, 4, 4, 4, 4, 4, 4, 4, 4, 4, 4, 4, 4, 4, 4]
----------------------------- 
-------cBUFFER---------
[0, 98, 0, 104, 105, 0, 97, 0]
-------------------------- 
[RETURN VALUE] [ 4 ] 
--------[EXEC CODE]:
[ a , EQUALS , 2 , MULT , 2 ]
-------------- 


--------------------------[NEW ITERATION]
[ a , EQUALS , 2 , MULT , 2 ] 

[DOING] OPERator at INDEX: 1 <<PRIORITY>> 2 

[TRYING SETTING] [ a ] WITH [ 2 , MULT , 2 ] 


--------------------------[NEW ITERATION]
[ a ] 

[DOING] OPERator at INDEX: -1 <<PRIORITY>> 100 
[ a ] 
6 [3] 
false 


--------------------------[NEW ITERATION]
[ 2 , MULT , 2 ] 

[DOING] OPERator at INDEX: 1 <<PRIORITY>> 14 
 
[TRYING MULTIPLICATE] [ 2 ] WITH [ 2 ] 


--------------------------[NEW ITERATION]
[ 2 ] 

[DOING] OPERator at INDEX: -1 <<PRIORITY>> 100 
[ 2 ] 
3 [3] 
true 
[EXECUTING  METHODE<<2>>]
 
[ a , EQUALS , 2 , MULT , 2 , ; , a , EQUALS , 2 , MULT , 2 , ; ]---------NEW LINE---------
[ a , EQUALS , 2 , MULT , 2 ]
-------------------- 
---------NEW LINE---------
[ a , EQUALS , 2 , MULT , 2 ]
-------------------- 
--------[EXEC CODE]:
[ a , EQUALS , 2 , MULT , 2 ]
-------------- 


--------------------------[NEW ITERATION]
[ a , EQUALS , 2 , MULT , 2 ] 

[DOING] OPERator at INDEX: 1 <<PRIORITY>> 2 

[TRYING SETTING] [ a ] WITH [ 2 , MULT , 2 ] 


--------------------------[NEW ITERATION]
[ a ] 

[DOING] OPERator at INDEX: -1 <<PRIORITY>> 100 
[ a ] 
6 [3] 
false 


--------------------------[NEW ITERATION]
[ 2 , MULT , 2 ] 

[DOING] OPERator at INDEX: 1 <<PRIORITY>> 14 
 
[TRYING MULTIPLICATE] [ 2 ] WITH [ 2 ] 


--------------------------[NEW ITERATION]
[ 2 ] 

[DOING] OPERator at INDEX: -1 <<PRIORITY>> 100 
[ 2 ] 
1 [3] 
false 


--------------------------[NEW ITERATION]
[ 2 ] 

[DOING] OPERator at INDEX: -1 <<PRIORITY>> 100 
[ 2 ] 
2 [3] 
false 
[OPERATION Mult] 
4 
[STORING] id 189 name [ a ] with TOKEN 1111111000000000000000010111101 ON 6 value [ 4 ] 

-------Buffer----------
[2, 2, 2, 2, 2, 4, 4, 4, 4, 4, 4, 4, 4, 4, 4, 4, 4, 4, 4, 4, 4, 4, 4, 4, 4, 4, 4, 4, 4, 4, 4, 4, 4, 4, 4, 4, 4, 4, 4, 4, 4, 4, 4, 4, 4, 4, 4, 4, 4, 4, 4, 4, 4, 4, 4, 4, 4, 4, 4, 4, 4, 4, 4, 4, 4, 4, 4, 4, 4, 4, 4, 4, 4, 4, 4, 4, 4, 4, 4, 4, 4, 4, 4, 4, 4, 4, 4, 4, 4, 4, 4, 4, 4, 4, 4, 4, 4, 4, 4, 4, 4, 4, 4, 4, 4, 4, 4, 4, 4, 4, 4, 4, 4, 4, 4, 4, 4, 4, 4, 4, 4, 4, 4, 4, 4, 4, 4, 4, 4, 4, 4, 4, 4, 4, 4, 4, 4, 4, 4, 4, 4, 4, 4, 4, 4, 4, 4, 4, 4, 4, 4, 4, 4, 4, 4, 4, 4, 4, 4, 4, 4, 4, 4, 4, 4, 4, 4, 4, 4, 4, 4, 4, 4, 4, 4, 4, 4, 4, 4, 4, 4, 4, 4, 4, 4, 4, 4, 4, 4, 4]
----------------------------- 
-------cBUFFER---------
[0, 98, 0, 104, 105, 0, 97, 0]
-------------------------- 
[RETURN VALUE] [ 4 ] 
--------[EXEC CODE]:
[ a , EQUALS , 2 , MULT , 2 ]
-------------- 


--------------------------[NEW ITERATION]
[ a , EQUALS , 2 , MULT , 2 ] 

[DOING] OPERator at INDEX: 1 <<PRIORITY>> 2 

[TRYING SETTING] [ a ] WITH [ 2 , MULT , 2 ] 


--------------------------[NEW ITERATION]
[ a ] 

[DOING] OPERator at INDEX: -1 <<PRIORITY>> 100 
[ a ] 
6 [3] 
false 


--------------------------[NEW ITERATION]
[ 2 , MULT , 2 ] 

[DOING] OPERator at INDEX: 1 <<PRIORITY>> 14 
 
[TRYING MULTIPLICATE] [ 2 ] WITH [ 2 ] 


--------------------------[NEW ITERATION]
[ 2 ] 

[DOING] OPERator at INDEX: -1 <<PRIORITY>> 100 
[ 2 ] 
3 [3] 
true 
[EXECUTING  METHODE<<2>>]
 
[ a , EQUALS , 2 , MULT , 2 , ; , a , EQUALS , 2 , MULT , 2 , ; ]---------NEW LINE---------
[ a , EQUALS , 2 , MULT , 2 ]
-------------------- 
---------NEW LINE---------
[ a , EQUALS , 2 , MULT , 2 ]
-------------------- 
--------[EXEC CODE]:
[ a , EQUALS , 2 , MULT , 2 ]
-------------- 


--------------------------[NEW ITERATION]
[ a , EQUALS , 2 , MULT , 2 ] 

[DOING] OPERator at INDEX: 1 <<PRIORITY>> 2 

[TRYING SETTING] [ a ] WITH [ 2 , MULT , 2 ] 


--------------------------[NEW ITERATION]
[ a ] 

[DOING] OPERator at INDEX: -1 <<PRIORITY>> 100 
[ a ] 
6 [3] 
false 


--------------------------[NEW ITERATION]
[ 2 , MULT , 2 ] 

[DOING] OPERator at INDEX: 1 <<PRIORITY>> 14 
 
[TRYING MULTIPLICATE] [ 2 ] WITH [ 2 ] 


--------------------------[NEW ITERATION]
[ 2 ] 

[DOING] OPERator at INDEX: -1 <<PRIORITY>> 100 
[ 2 ] 
1 [3] 
false 


--------------------------[NEW ITERATION]
[ 2 ] 

[DOING] OPERator at INDEX: -1 <<PRIORITY>> 100 
[ 2 ] 
2 [3] 
false 
[OPERATION Mult] 
4 
[STORING] id 190 name [ a ] with TOKEN 1111111000000000000000010111110 ON 6 value [ 4 ] 

-------Buffer----------
[2, 2, 2, 2, 2, 4, 4, 4, 4, 4, 4, 4, 4, 4, 4, 4, 4, 4, 4, 4, 4, 4, 4, 4, 4, 4, 4, 4, 4, 4, 4, 4, 4, 4, 4, 4, 4, 4, 4, 4, 4, 4, 4, 4, 4, 4, 4, 4, 4, 4, 4, 4, 4, 4, 4, 4, 4, 4, 4, 4, 4, 4, 4, 4, 4, 4, 4, 4, 4, 4, 4, 4, 4, 4, 4, 4, 4, 4, 4, 4, 4, 4, 4, 4, 4, 4, 4, 4, 4, 4, 4, 4, 4, 4, 4, 4, 4, 4, 4, 4, 4, 4, 4, 4, 4, 4, 4, 4, 4, 4, 4, 4, 4, 4, 4, 4, 4, 4, 4, 4, 4, 4, 4, 4, 4, 4, 4, 4, 4, 4, 4, 4, 4, 4, 4, 4, 4, 4, 4, 4, 4, 4, 4, 4, 4, 4, 4, 4, 4, 4, 4, 4, 4, 4, 4, 4, 4, 4, 4, 4, 4, 4, 4, 4, 4, 4, 4, 4, 4, 4, 4, 4, 4, 4, 4, 4, 4, 4, 4, 4, 4, 4, 4, 4, 4, 4, 4, 4, 4, 4, 4]
----------------------------- 
-------cBUFFER---------
[0, 98, 0, 104, 105, 0, 97, 0]
-------------------------- 
[RETURN VALUE] [ 4 ] 
--------[EXEC CODE]:
[ a , EQUALS , 2 , MULT , 2 ]
-------------- 


--------------------------[NEW ITERATION]
[ a , EQUALS , 2 , MULT , 2 ] 

[DOING] OPERator at INDEX: 1 <<PRIORITY>> 2 

[TRYING SETTING] [ a ] WITH [ 2 , MULT , 2 ] 


--------------------------[NEW ITERATION]
[ a ] 

[DOING] OPERator at INDEX: -1 <<PRIORITY>> 100 
[ a ] 
6 [3] 
false 


--------------------------[NEW ITERATION]
[ 2 , MULT , 2 ] 

[DOING] OPERator at INDEX: 1 <<PRIORITY>> 14 
 
[TRYING MULTIPLICATE] [ 2 ] WITH [ 2 ] 


--------------------------[NEW ITERATION]
[ 2 ] 

[DOING] OPERator at INDEX: -1 <<PRIORITY>> 100 
[ 2 ] 
3 [3] 
true 
[EXECUTING  METHODE<<2>>]
 
[ a , EQUALS , 2 , MULT , 2 , ; , a , EQUALS , 2 , MULT , 2 , ; ]---------NEW LINE---------
[ a , EQUALS , 2 , MULT , 2 ]
-------------------- 
---------NEW LINE---------
[ a , EQUALS , 2 , MULT , 2 ]
-------------------- 
--------[EXEC CODE]:
[ a , EQUALS , 2 , MULT , 2 ]
-------------- 


--------------------------[NEW ITERATION]
[ a , EQUALS , 2 , MULT , 2 ] 

[DOING] OPERator at INDEX: 1 <<PRIORITY>> 2 

[TRYING SETTING] [ a ] WITH [ 2 , MULT , 2 ] 


--------------------------[NEW ITERATION]
[ a ] 

[DOING] OPERator at INDEX: -1 <<PRIORITY>> 100 
[ a ] 
6 [3] 
false 


--------------------------[NEW ITERATION]
[ 2 , MULT , 2 ] 

[DOING] OPERator at INDEX: 1 <<PRIORITY>> 14 
 
[TRYING MULTIPLICATE] [ 2 ] WITH [ 2 ] 


--------------------------[NEW ITERATION]
[ 2 ] 

[DOING] OPERator at INDEX: -1 <<PRIORITY>> 100 
[ 2 ] 
1 [3] 
false 


--------------------------[NEW ITERATION]
[ 2 ] 

[DOING] OPERator at INDEX: -1 <<PRIORITY>> 100 
[ 2 ] 
2 [3] 
false 
[OPERATION Mult] 
4 
[STORING] id 191 name [ a ] with TOKEN 1111111000000000000000010111111 ON 6 value [ 4 ] 

-------Buffer----------
[2, 2, 2, 2, 2, 4, 4, 4, 4, 4, 4, 4, 4, 4, 4, 4, 4, 4, 4, 4, 4, 4, 4, 4, 4, 4, 4, 4, 4, 4, 4, 4, 4, 4, 4, 4, 4, 4, 4, 4, 4, 4, 4, 4, 4, 4, 4, 4, 4, 4, 4, 4, 4, 4, 4, 4, 4, 4, 4, 4, 4, 4, 4, 4, 4, 4, 4, 4, 4, 4, 4, 4, 4, 4, 4, 4, 4, 4, 4, 4, 4, 4, 4, 4, 4, 4, 4, 4, 4, 4, 4, 4, 4, 4, 4, 4, 4, 4, 4, 4, 4, 4, 4, 4, 4, 4, 4, 4, 4, 4, 4, 4, 4, 4, 4, 4, 4, 4, 4, 4, 4, 4, 4, 4, 4, 4, 4, 4, 4, 4, 4, 4, 4, 4, 4, 4, 4, 4, 4, 4, 4, 4, 4, 4, 4, 4, 4, 4, 4, 4, 4, 4, 4, 4, 4, 4, 4, 4, 4, 4, 4, 4, 4, 4, 4, 4, 4, 4, 4, 4, 4, 4, 4, 4, 4, 4, 4, 4, 4, 4, 4, 4, 4, 4, 4, 4, 4, 4, 4, 4, 4, 4]
----------------------------- 
-------cBUFFER---------
[0, 98, 0, 104, 105, 0, 97, 0]
-------------------------- 
[RETURN VALUE] [ 4 ] 
--------[EXEC CODE]:
[ a , EQUALS , 2 , MULT , 2 ]
-------------- 


--------------------------[NEW ITERATION]
[ a , EQUALS , 2 , MULT , 2 ] 

[DOING] OPERator at INDEX: 1 <<PRIORITY>> 2 

[TRYING SETTING] [ a ] WITH [ 2 , MULT , 2 ] 


--------------------------[NEW ITERATION]
[ a ] 

[DOING] OPERator at INDEX: -1 <<PRIORITY>> 100 
[ a ] 
6 [3] 
false 


--------------------------[NEW ITERATION]
[ 2 , MULT , 2 ] 

[DOING] OPERator at INDEX: 1 <<PRIORITY>> 14 
 
[TRYING MULTIPLICATE] [ 2 ] WITH [ 2 ] 


--------------------------[NEW ITERATION]
[ 2 ] 

[DOING] OPERator at INDEX: -1 <<PRIORITY>> 100 
[ 2 ] 
3 [3] 
true 
[EXECUTING  METHODE<<2>>]
 
[ a , EQUALS , 2 , MULT , 2 , ; , a , EQUALS , 2 , MULT , 2 , ; ]---------NEW LINE---------
[ a , EQUALS , 2 , MULT , 2 ]
-------------------- 
---------NEW LINE---------
[ a , EQUALS , 2 , MULT , 2 ]
-------------------- 
--------[EXEC CODE]:
[ a , EQUALS , 2 , MULT , 2 ]
-------------- 


--------------------------[NEW ITERATION]
[ a , EQUALS , 2 , MULT , 2 ] 

[DOING] OPERator at INDEX: 1 <<PRIORITY>> 2 

[TRYING SETTING] [ a ] WITH [ 2 , MULT , 2 ] 


--------------------------[NEW ITERATION]
[ a ] 

[DOING] OPERator at INDEX: -1 <<PRIORITY>> 100 
[ a ] 
6 [3] 
false 


--------------------------[NEW ITERATION]
[ 2 , MULT , 2 ] 

[DOING] OPERator at INDEX: 1 <<PRIORITY>> 14 
 
[TRYING MULTIPLICATE] [ 2 ] WITH [ 2 ] 


--------------------------[NEW ITERATION]
[ 2 ] 

[DOING] OPERator at INDEX: -1 <<PRIORITY>> 100 
[ 2 ] 
1 [3] 
false 


--------------------------[NEW ITERATION]
[ 2 ] 

[DOING] OPERator at INDEX: -1 <<PRIORITY>> 100 
[ 2 ] 
2 [3] 
false 
[OPERATION Mult] 
4 
[STORING] id 192 name [ a ] with TOKEN 1111111000000000000000011000000 ON 6 value [ 4 ] 

-------Buffer----------
[2, 2, 2, 2, 2, 4, 4, 4, 4, 4, 4, 4, 4, 4, 4, 4, 4, 4, 4, 4, 4, 4, 4, 4, 4, 4, 4, 4, 4, 4, 4, 4, 4, 4, 4, 4, 4, 4, 4, 4, 4, 4, 4, 4, 4, 4, 4, 4, 4, 4, 4, 4, 4, 4, 4, 4, 4, 4, 4, 4, 4, 4, 4, 4, 4, 4, 4, 4, 4, 4, 4, 4, 4, 4, 4, 4, 4, 4, 4, 4, 4, 4, 4, 4, 4, 4, 4, 4, 4, 4, 4, 4, 4, 4, 4, 4, 4, 4, 4, 4, 4, 4, 4, 4, 4, 4, 4, 4, 4, 4, 4, 4, 4, 4, 4, 4, 4, 4, 4, 4, 4, 4, 4, 4, 4, 4, 4, 4, 4, 4, 4, 4, 4, 4, 4, 4, 4, 4, 4, 4, 4, 4, 4, 4, 4, 4, 4, 4, 4, 4, 4, 4, 4, 4, 4, 4, 4, 4, 4, 4, 4, 4, 4, 4, 4, 4, 4, 4, 4, 4, 4, 4, 4, 4, 4, 4, 4, 4, 4, 4, 4, 4, 4, 4, 4, 4, 4, 4, 4, 4, 4, 4, 4]
----------------------------- 
-------cBUFFER---------
[0, 98, 0, 104, 105, 0, 97, 0]
-------------------------- 
[RETURN VALUE] [ 4 ] 
--------[EXEC CODE]:
[ a , EQUALS , 2 , MULT , 2 ]
-------------- 


--------------------------[NEW ITERATION]
[ a , EQUALS , 2 , MULT , 2 ] 

[DOING] OPERator at INDEX: 1 <<PRIORITY>> 2 

[TRYING SETTING] [ a ] WITH [ 2 , MULT , 2 ] 


--------------------------[NEW ITERATION]
[ a ] 

[DOING] OPERator at INDEX: -1 <<PRIORITY>> 100 
[ a ] 
6 [3] 
false 


--------------------------[NEW ITERATION]
[ 2 , MULT , 2 ] 

[DOING] OPERator at INDEX: 1 <<PRIORITY>> 14 
 
[TRYING MULTIPLICATE] [ 2 ] WITH [ 2 ] 


--------------------------[NEW ITERATION]
[ 2 ] 

[DOING] OPERator at INDEX: -1 <<PRIORITY>> 100 
[ 2 ] 
3 [3] 
true 
[EXECUTING  METHODE<<2>>]
 
[ a , EQUALS , 2 , MULT , 2 , ; , a , EQUALS , 2 , MULT , 2 , ; ]---------NEW LINE---------
[ a , EQUALS , 2 , MULT , 2 ]
-------------------- 
---------NEW LINE---------
[ a , EQUALS , 2 , MULT , 2 ]
-------------------- 
--------[EXEC CODE]:
[ a , EQUALS , 2 , MULT , 2 ]
-------------- 


--------------------------[NEW ITERATION]
[ a , EQUALS , 2 , MULT , 2 ] 

[DOING] OPERator at INDEX: 1 <<PRIORITY>> 2 

[TRYING SETTING] [ a ] WITH [ 2 , MULT , 2 ] 


--------------------------[NEW ITERATION]
[ a ] 

[DOING] OPERator at INDEX: -1 <<PRIORITY>> 100 
[ a ] 
6 [3] 
false 


--------------------------[NEW ITERATION]
[ 2 , MULT , 2 ] 

[DOING] OPERator at INDEX: 1 <<PRIORITY>> 14 
 
[TRYING MULTIPLICATE] [ 2 ] WITH [ 2 ] 


--------------------------[NEW ITERATION]
[ 2 ] 

[DOING] OPERator at INDEX: -1 <<PRIORITY>> 100 
[ 2 ] 
1 [3] 
false 


--------------------------[NEW ITERATION]
[ 2 ] 

[DOING] OPERator at INDEX: -1 <<PRIORITY>> 100 
[ 2 ] 
2 [3] 
false 
[OPERATION Mult] 
4 
[STORING] id 193 name [ a ] with TOKEN 1111111000000000000000011000001 ON 6 value [ 4 ] 

-------Buffer----------
[2, 2, 2, 2, 2, 4, 4, 4, 4, 4, 4, 4, 4, 4, 4, 4, 4, 4, 4, 4, 4, 4, 4, 4, 4, 4, 4, 4, 4, 4, 4, 4, 4, 4, 4, 4, 4, 4, 4, 4, 4, 4, 4, 4, 4, 4, 4, 4, 4, 4, 4, 4, 4, 4, 4, 4, 4, 4, 4, 4, 4, 4, 4, 4, 4, 4, 4, 4, 4, 4, 4, 4, 4, 4, 4, 4, 4, 4, 4, 4, 4, 4, 4, 4, 4, 4, 4, 4, 4, 4, 4, 4, 4, 4, 4, 4, 4, 4, 4, 4, 4, 4, 4, 4, 4, 4, 4, 4, 4, 4, 4, 4, 4, 4, 4, 4, 4, 4, 4, 4, 4, 4, 4, 4, 4, 4, 4, 4, 4, 4, 4, 4, 4, 4, 4, 4, 4, 4, 4, 4, 4, 4, 4, 4, 4, 4, 4, 4, 4, 4, 4, 4, 4, 4, 4, 4, 4, 4, 4, 4, 4, 4, 4, 4, 4, 4, 4, 4, 4, 4, 4, 4, 4, 4, 4, 4, 4, 4, 4, 4, 4, 4, 4, 4, 4, 4, 4, 4, 4, 4, 4, 4, 4, 4]
----------------------------- 
-------cBUFFER---------
[0, 98, 0, 104, 105, 0, 97, 0]
-------------------------- 
[RETURN VALUE] [ 4 ] 
--------[EXEC CODE]:
[ a , EQUALS , 2 , MULT , 2 ]
-------------- 


--------------------------[NEW ITERATION]
[ a , EQUALS , 2 , MULT , 2 ] 

[DOING] OPERator at INDEX: 1 <<PRIORITY>> 2 

[TRYING SETTING] [ a ] WITH [ 2 , MULT , 2 ] 


--------------------------[NEW ITERATION]
[ a ] 

[DOING] OPERator at INDEX: -1 <<PRIORITY>> 100 
[ a ] 
6 [3] 
false 


--------------------------[NEW ITERATION]
[ 2 , MULT , 2 ] 

[DOING] OPERator at INDEX: 1 <<PRIORITY>> 14 
 
[TRYING MULTIPLICATE] [ 2 ] WITH [ 2 ] 


--------------------------[NEW ITERATION]
[ 2 ] 

[DOING] OPERator at INDEX: -1 <<PRIORITY>> 100 
[ 2 ] 
3 [3] 
true 
[EXECUTING  METHODE<<2>>]
 
[ a , EQUALS , 2 , MULT , 2 , ; , a , EQUALS , 2 , MULT , 2 , ; ]---------NEW LINE---------
[ a , EQUALS , 2 , MULT , 2 ]
-------------------- 
---------NEW LINE---------
[ a , EQUALS , 2 , MULT , 2 ]
-------------------- 
--------[EXEC CODE]:
[ a , EQUALS , 2 , MULT , 2 ]
-------------- 


--------------------------[NEW ITERATION]
[ a , EQUALS , 2 , MULT , 2 ] 

[DOING] OPERator at INDEX: 1 <<PRIORITY>> 2 

[TRYING SETTING] [ a ] WITH [ 2 , MULT , 2 ] 


--------------------------[NEW ITERATION]
[ a ] 

[DOING] OPERator at INDEX: -1 <<PRIORITY>> 100 
[ a ] 
6 [3] 
false 


--------------------------[NEW ITERATION]
[ 2 , MULT , 2 ] 

[DOING] OPERator at INDEX: 1 <<PRIORITY>> 14 
 
[TRYING MULTIPLICATE] [ 2 ] WITH [ 2 ] 


--------------------------[NEW ITERATION]
[ 2 ] 

[DOING] OPERator at INDEX: -1 <<PRIORITY>> 100 
[ 2 ] 
1 [3] 
false 


--------------------------[NEW ITERATION]
[ 2 ] 

[DOING] OPERator at INDEX: -1 <<PRIORITY>> 100 
[ 2 ] 
2 [3] 
false 
[OPERATION Mult] 
4 
[STORING] id 194 name [ a ] with TOKEN 1111111000000000000000011000010 ON 6 value [ 4 ] 

-------Buffer----------
[2, 2, 2, 2, 2, 4, 4, 4, 4, 4, 4, 4, 4, 4, 4, 4, 4, 4, 4, 4, 4, 4, 4, 4, 4, 4, 4, 4, 4, 4, 4, 4, 4, 4, 4, 4, 4, 4, 4, 4, 4, 4, 4, 4, 4, 4, 4, 4, 4, 4, 4, 4, 4, 4, 4, 4, 4, 4, 4, 4, 4, 4, 4, 4, 4, 4, 4, 4, 4, 4, 4, 4, 4, 4, 4, 4, 4, 4, 4, 4, 4, 4, 4, 4, 4, 4, 4, 4, 4, 4, 4, 4, 4, 4, 4, 4, 4, 4, 4, 4, 4, 4, 4, 4, 4, 4, 4, 4, 4, 4, 4, 4, 4, 4, 4, 4, 4, 4, 4, 4, 4, 4, 4, 4, 4, 4, 4, 4, 4, 4, 4, 4, 4, 4, 4, 4, 4, 4, 4, 4, 4, 4, 4, 4, 4, 4, 4, 4, 4, 4, 4, 4, 4, 4, 4, 4, 4, 4, 4, 4, 4, 4, 4, 4, 4, 4, 4, 4, 4, 4, 4, 4, 4, 4, 4, 4, 4, 4, 4, 4, 4, 4, 4, 4, 4, 4, 4, 4, 4, 4, 4, 4, 4, 4, 4]
----------------------------- 
-------cBUFFER---------
[0, 98, 0, 104, 105, 0, 97, 0]
-------------------------- 
[RETURN VALUE] [ 4 ] 
--------[EXEC CODE]:
[ a , EQUALS , 2 , MULT , 2 ]
-------------- 


--------------------------[NEW ITERATION]
[ a , EQUALS , 2 , MULT , 2 ] 

[DOING] OPERator at INDEX: 1 <<PRIORITY>> 2 

[TRYING SETTING] [ a ] WITH [ 2 , MULT , 2 ] 


--------------------------[NEW ITERATION]
[ a ] 

[DOING] OPERator at INDEX: -1 <<PRIORITY>> 100 
[ a ] 
6 [3] 
false 


--------------------------[NEW ITERATION]
[ 2 , MULT , 2 ] 

[DOING] OPERator at INDEX: 1 <<PRIORITY>> 14 
 
[TRYING MULTIPLICATE] [ 2 ] WITH [ 2 ] 


--------------------------[NEW ITERATION]
[ 2 ] 

[DOING] OPERator at INDEX: -1 <<PRIORITY>> 100 
[ 2 ] 
3 [3] 
true 
[EXECUTING  METHODE<<2>>]
 
[ a , EQUALS , 2 , MULT , 2 , ; , a , EQUALS , 2 , MULT , 2 , ; ]---------NEW LINE---------
[ a , EQUALS , 2 , MULT , 2 ]
-------------------- 
---------NEW LINE---------
[ a , EQUALS , 2 , MULT , 2 ]
-------------------- 
--------[EXEC CODE]:
[ a , EQUALS , 2 , MULT , 2 ]
-------------- 


--------------------------[NEW ITERATION]
[ a , EQUALS , 2 , MULT , 2 ] 

[DOING] OPERator at INDEX: 1 <<PRIORITY>> 2 

[TRYING SETTING] [ a ] WITH [ 2 , MULT , 2 ] 


--------------------------[NEW ITERATION]
[ a ] 

[DOING] OPERator at INDEX: -1 <<PRIORITY>> 100 
[ a ] 
6 [3] 
false 


--------------------------[NEW ITERATION]
[ 2 , MULT , 2 ] 

[DOING] OPERator at INDEX: 1 <<PRIORITY>> 14 
 
[TRYING MULTIPLICATE] [ 2 ] WITH [ 2 ] 


--------------------------[NEW ITERATION]
[ 2 ] 

[DOING] OPERator at INDEX: -1 <<PRIORITY>> 100 
[ 2 ] 
1 [3] 
false 


--------------------------[NEW ITERATION]
[ 2 ] 

[DOING] OPERator at INDEX: -1 <<PRIORITY>> 100 
[ 2 ] 
2 [3] 
false 
[OPERATION Mult] 
4 
[STORING] id 195 name [ a ] with TOKEN 1111111000000000000000011000011 ON 6 value [ 4 ] 

-------Buffer----------
[2, 2, 2, 2, 2, 4, 4, 4, 4, 4, 4, 4, 4, 4, 4, 4, 4, 4, 4, 4, 4, 4, 4, 4, 4, 4, 4, 4, 4, 4, 4, 4, 4, 4, 4, 4, 4, 4, 4, 4, 4, 4, 4, 4, 4, 4, 4, 4, 4, 4, 4, 4, 4, 4, 4, 4, 4, 4, 4, 4, 4, 4, 4, 4, 4, 4, 4, 4, 4, 4, 4, 4, 4, 4, 4, 4, 4, 4, 4, 4, 4, 4, 4, 4, 4, 4, 4, 4, 4, 4, 4, 4, 4, 4, 4, 4, 4, 4, 4, 4, 4, 4, 4, 4, 4, 4, 4, 4, 4, 4, 4, 4, 4, 4, 4, 4, 4, 4, 4, 4, 4, 4, 4, 4, 4, 4, 4, 4, 4, 4, 4, 4, 4, 4, 4, 4, 4, 4, 4, 4, 4, 4, 4, 4, 4, 4, 4, 4, 4, 4, 4, 4, 4, 4, 4, 4, 4, 4, 4, 4, 4, 4, 4, 4, 4, 4, 4, 4, 4, 4, 4, 4, 4, 4, 4, 4, 4, 4, 4, 4, 4, 4, 4, 4, 4, 4, 4, 4, 4, 4, 4, 4, 4, 4, 4, 4]
----------------------------- 
-------cBUFFER---------
[0, 98, 0, 104, 105, 0, 97, 0]
-------------------------- 
[RETURN VALUE] [ 4 ] 
--------[EXEC CODE]:
[ a , EQUALS , 2 , MULT , 2 ]
-------------- 


--------------------------[NEW ITERATION]
[ a , EQUALS , 2 , MULT , 2 ] 

[DOING] OPERator at INDEX: 1 <<PRIORITY>> 2 

[TRYING SETTING] [ a ] WITH [ 2 , MULT , 2 ] 


--------------------------[NEW ITERATION]
[ a ] 

[DOING] OPERator at INDEX: -1 <<PRIORITY>> 100 
[ a ] 
6 [3] 
false 


--------------------------[NEW ITERATION]
[ 2 , MULT , 2 ] 

[DOING] OPERator at INDEX: 1 <<PRIORITY>> 14 
 
[TRYING MULTIPLICATE] [ 2 ] WITH [ 2 ] 


--------------------------[NEW ITERATION]
[ 2 ] 

[DOING] OPERator at INDEX: -1 <<PRIORITY>> 100 
[ 2 ] 
3 [3] 
true 
[EXECUTING  METHODE<<2>>]
 
[ a , EQUALS , 2 , MULT , 2 , ; , a , EQUALS , 2 , MULT , 2 , ; ]---------NEW LINE---------
[ a , EQUALS , 2 , MULT , 2 ]
-------------------- 
---------NEW LINE---------
[ a , EQUALS , 2 , MULT , 2 ]
-------------------- 
--------[EXEC CODE]:
[ a , EQUALS , 2 , MULT , 2 ]
-------------- 


--------------------------[NEW ITERATION]
[ a , EQUALS , 2 , MULT , 2 ] 

[DOING] OPERator at INDEX: 1 <<PRIORITY>> 2 

[TRYING SETTING] [ a ] WITH [ 2 , MULT , 2 ] 


--------------------------[NEW ITERATION]
[ a ] 

[DOING] OPERator at INDEX: -1 <<PRIORITY>> 100 
[ a ] 
6 [3] 
false 


--------------------------[NEW ITERATION]
[ 2 , MULT , 2 ] 

[DOING] OPERator at INDEX: 1 <<PRIORITY>> 14 
 
[TRYING MULTIPLICATE] [ 2 ] WITH [ 2 ] 


--------------------------[NEW ITERATION]
[ 2 ] 

[DOING] OPERator at INDEX: -1 <<PRIORITY>> 100 
[ 2 ] 
1 [3] 
false 


--------------------------[NEW ITERATION]
[ 2 ] 

[DOING] OPERator at INDEX: -1 <<PRIORITY>> 100 
[ 2 ] 
2 [3] 
false 
[OPERATION Mult] 
4 
[STORING] id 196 name [ a ] with TOKEN 1111111000000000000000011000100 ON 6 value [ 4 ] 

-------Buffer----------
[2, 2, 2, 2, 2, 4, 4, 4, 4, 4, 4, 4, 4, 4, 4, 4, 4, 4, 4, 4, 4, 4, 4, 4, 4, 4, 4, 4, 4, 4, 4, 4, 4, 4, 4, 4, 4, 4, 4, 4, 4, 4, 4, 4, 4, 4, 4, 4, 4, 4, 4, 4, 4, 4, 4, 4, 4, 4, 4, 4, 4, 4, 4, 4, 4, 4, 4, 4, 4, 4, 4, 4, 4, 4, 4, 4, 4, 4, 4, 4, 4, 4, 4, 4, 4, 4, 4, 4, 4, 4, 4, 4, 4, 4, 4, 4, 4, 4, 4, 4, 4, 4, 4, 4, 4, 4, 4, 4, 4, 4, 4, 4, 4, 4, 4, 4, 4, 4, 4, 4, 4, 4, 4, 4, 4, 4, 4, 4, 4, 4, 4, 4, 4, 4, 4, 4, 4, 4, 4, 4, 4, 4, 4, 4, 4, 4, 4, 4, 4, 4, 4, 4, 4, 4, 4, 4, 4, 4, 4, 4, 4, 4, 4, 4, 4, 4, 4, 4, 4, 4, 4, 4, 4, 4, 4, 4, 4, 4, 4, 4, 4, 4, 4, 4, 4, 4, 4, 4, 4, 4, 4, 4, 4, 4, 4, 4, 4]
----------------------------- 
-------cBUFFER---------
[0, 98, 0, 104, 105, 0, 97, 0]
-------------------------- 
[RETURN VALUE] [ 4 ] 
--------[EXEC CODE]:
[ a , EQUALS , 2 , MULT , 2 ]
-------------- 


--------------------------[NEW ITERATION]
[ a , EQUALS , 2 , MULT , 2 ] 

[DOING] OPERator at INDEX: 1 <<PRIORITY>> 2 

[TRYING SETTING] [ a ] WITH [ 2 , MULT , 2 ] 


--------------------------[NEW ITERATION]
[ a ] 

[DOING] OPERator at INDEX: -1 <<PRIORITY>> 100 
[ a ] 
6 [3] 
false 


--------------------------[NEW ITERATION]
[ 2 , MULT , 2 ] 

[DOING] OPERator at INDEX: 1 <<PRIORITY>> 14 
 
[TRYING MULTIPLICATE] [ 2 ] WITH [ 2 ] 


--------------------------[NEW ITERATION]
[ 2 ] 

[DOING] OPERator at INDEX: -1 <<PRIORITY>> 100 
[ 2 ] 
3 [3] 
true 
[EXECUTING  METHODE<<2>>]
 
[ a , EQUALS , 2 , MULT , 2 , ; , a , EQUALS , 2 , MULT , 2 , ; ]---------NEW LINE---------
[ a , EQUALS , 2 , MULT , 2 ]
-------------------- 
---------NEW LINE---------
[ a , EQUALS , 2 , MULT , 2 ]
-------------------- 
--------[EXEC CODE]:
[ a , EQUALS , 2 , MULT , 2 ]
-------------- 


--------------------------[NEW ITERATION]
[ a , EQUALS , 2 , MULT , 2 ] 

[DOING] OPERator at INDEX: 1 <<PRIORITY>> 2 

[TRYING SETTING] [ a ] WITH [ 2 , MULT , 2 ] 


--------------------------[NEW ITERATION]
[ a ] 

[DOING] OPERator at INDEX: -1 <<PRIORITY>> 100 
[ a ] 
6 [3] 
false 


--------------------------[NEW ITERATION]
[ 2 , MULT , 2 ] 

[DOING] OPERator at INDEX: 1 <<PRIORITY>> 14 
 
[TRYING MULTIPLICATE] [ 2 ] WITH [ 2 ] 


--------------------------[NEW ITERATION]
[ 2 ] 

[DOING] OPERator at INDEX: -1 <<PRIORITY>> 100 
[ 2 ] 
1 [3] 
false 


--------------------------[NEW ITERATION]
[ 2 ] 

[DOING] OPERator at INDEX: -1 <<PRIORITY>> 100 
[ 2 ] 
2 [3] 
false 
[OPERATION Mult] 
4 
[STORING] id 197 name [ a ] with TOKEN 1111111000000000000000011000101 ON 6 value [ 4 ] 

-------Buffer----------
[2, 2, 2, 2, 2, 4, 4, 4, 4, 4, 4, 4, 4, 4, 4, 4, 4, 4, 4, 4, 4, 4, 4, 4, 4, 4, 4, 4, 4, 4, 4, 4, 4, 4, 4, 4, 4, 4, 4, 4, 4, 4, 4, 4, 4, 4, 4, 4, 4, 4, 4, 4, 4, 4, 4, 4, 4, 4, 4, 4, 4, 4, 4, 4, 4, 4, 4, 4, 4, 4, 4, 4, 4, 4, 4, 4, 4, 4, 4, 4, 4, 4, 4, 4, 4, 4, 4, 4, 4, 4, 4, 4, 4, 4, 4, 4, 4, 4, 4, 4, 4, 4, 4, 4, 4, 4, 4, 4, 4, 4, 4, 4, 4, 4, 4, 4, 4, 4, 4, 4, 4, 4, 4, 4, 4, 4, 4, 4, 4, 4, 4, 4, 4, 4, 4, 4, 4, 4, 4, 4, 4, 4, 4, 4, 4, 4, 4, 4, 4, 4, 4, 4, 4, 4, 4, 4, 4, 4, 4, 4, 4, 4, 4, 4, 4, 4, 4, 4, 4, 4, 4, 4, 4, 4, 4, 4, 4, 4, 4, 4, 4, 4, 4, 4, 4, 4, 4, 4, 4, 4, 4, 4, 4, 4, 4, 4, 4, 4]
----------------------------- 
-------cBUFFER---------
[0, 98, 0, 104, 105, 0, 97, 0]
-------------------------- 
[RETURN VALUE] [ 4 ] 
--------[EXEC CODE]:
[ a , EQUALS , 2 , MULT , 2 ]
-------------- 


--------------------------[NEW ITERATION]
[ a , EQUALS , 2 , MULT , 2 ] 

[DOING] OPERator at INDEX: 1 <<PRIORITY>> 2 

[TRYING SETTING] [ a ] WITH [ 2 , MULT , 2 ] 


--------------------------[NEW ITERATION]
[ a ] 

[DOING] OPERator at INDEX: -1 <<PRIORITY>> 100 
[ a ] 
6 [3] 
false 


--------------------------[NEW ITERATION]
[ 2 , MULT , 2 ] 

[DOING] OPERator at INDEX: 1 <<PRIORITY>> 14 
 
[TRYING MULTIPLICATE] [ 2 ] WITH [ 2 ] 


--------------------------[NEW ITERATION]
[ 2 ] 

[DOING] OPERator at INDEX: -1 <<PRIORITY>> 100 
[ 2 ] 
3 [3] 
true 
[EXECUTING  METHODE<<2>>]
 
[ a , EQUALS , 2 , MULT , 2 , ; , a , EQUALS , 2 , MULT , 2 , ; ]---------NEW LINE---------
[ a , EQUALS , 2 , MULT , 2 ]
-------------------- 
---------NEW LINE---------
[ a , EQUALS , 2 , MULT , 2 ]
-------------------- 
--------[EXEC CODE]:
[ a , EQUALS , 2 , MULT , 2 ]
-------------- 


--------------------------[NEW ITERATION]
[ a , EQUALS , 2 , MULT , 2 ] 

[DOING] OPERator at INDEX: 1 <<PRIORITY>> 2 

[TRYING SETTING] [ a ] WITH [ 2 , MULT , 2 ] 


--------------------------[NEW ITERATION]
[ a ] 

[DOING] OPERator at INDEX: -1 <<PRIORITY>> 100 
[ a ] 
6 [3] 
false 


--------------------------[NEW ITERATION]
[ 2 , MULT , 2 ] 

[DOING] OPERator at INDEX: 1 <<PRIORITY>> 14 
 
[TRYING MULTIPLICATE] [ 2 ] WITH [ 2 ] 


--------------------------[NEW ITERATION]
[ 2 ] 

[DOING] OPERator at INDEX: -1 <<PRIORITY>> 100 
[ 2 ] 
1 [3] 
false 


--------------------------[NEW ITERATION]
[ 2 ] 

[DOING] OPERator at INDEX: -1 <<PRIORITY>> 100 
[ 2 ] 
2 [3] 
false 
[OPERATION Mult] 
4 
[STORING] id 198 name [ a ] with TOKEN 1111111000000000000000011000110 ON 6 value [ 4 ] 

-------Buffer----------
[2, 2, 2, 2, 2, 4, 4, 4, 4, 4, 4, 4, 4, 4, 4, 4, 4, 4, 4, 4, 4, 4, 4, 4, 4, 4, 4, 4, 4, 4, 4, 4, 4, 4, 4, 4, 4, 4, 4, 4, 4, 4, 4, 4, 4, 4, 4, 4, 4, 4, 4, 4, 4, 4, 4, 4, 4, 4, 4, 4, 4, 4, 4, 4, 4, 4, 4, 4, 4, 4, 4, 4, 4, 4, 4, 4, 4, 4, 4, 4, 4, 4, 4, 4, 4, 4, 4, 4, 4, 4, 4, 4, 4, 4, 4, 4, 4, 4, 4, 4, 4, 4, 4, 4, 4, 4, 4, 4, 4, 4, 4, 4, 4, 4, 4, 4, 4, 4, 4, 4, 4, 4, 4, 4, 4, 4, 4, 4, 4, 4, 4, 4, 4, 4, 4, 4, 4, 4, 4, 4, 4, 4, 4, 4, 4, 4, 4, 4, 4, 4, 4, 4, 4, 4, 4, 4, 4, 4, 4, 4, 4, 4, 4, 4, 4, 4, 4, 4, 4, 4, 4, 4, 4, 4, 4, 4, 4, 4, 4, 4, 4, 4, 4, 4, 4, 4, 4, 4, 4, 4, 4, 4, 4, 4, 4, 4, 4, 4, 4]
----------------------------- 
-------cBUFFER---------
[0, 98, 0, 104, 105, 0, 97, 0]
-------------------------- 
[RETURN VALUE] [ 4 ] 
--------[EXEC CODE]:
[ a , EQUALS , 2 , MULT , 2 ]
-------------- 


--------------------------[NEW ITERATION]
[ a , EQUALS , 2 , MULT , 2 ] 

[DOING] OPERator at INDEX: 1 <<PRIORITY>> 2 

[TRYING SETTING] [ a ] WITH [ 2 , MULT , 2 ] 


--------------------------[NEW ITERATION]
[ a ] 

[DOING] OPERator at INDEX: -1 <<PRIORITY>> 100 
[ a ] 
6 [3] 
false 


--------------------------[NEW ITERATION]
[ 2 , MULT , 2 ] 

[DOING] OPERator at INDEX: 1 <<PRIORITY>> 14 
 
[TRYING MULTIPLICATE] [ 2 ] WITH [ 2 ] 


--------------------------[NEW ITERATION]
[ 2 ] 

[DOING] OPERator at INDEX: -1 <<PRIORITY>> 100 
[ 2 ] 
3 [3] 
true 
[EXECUTING  METHODE<<2>>]
 
[ a , EQUALS , 2 , MULT , 2 , ; , a , EQUALS , 2 , MULT , 2 , ; ]---------NEW LINE---------
[ a , EQUALS , 2 , MULT , 2 ]
-------------------- 
---------NEW LINE---------
[ a , EQUALS , 2 , MULT , 2 ]
-------------------- 
--------[EXEC CODE]:
[ a , EQUALS , 2 , MULT , 2 ]
-------------- 


--------------------------[NEW ITERATION]
[ a , EQUALS , 2 , MULT , 2 ] 

[DOING] OPERator at INDEX: 1 <<PRIORITY>> 2 

[TRYING SETTING] [ a ] WITH [ 2 , MULT , 2 ] 


--------------------------[NEW ITERATION]
[ a ] 

[DOING] OPERator at INDEX: -1 <<PRIORITY>> 100 
[ a ] 
6 [3] 
false 


--------------------------[NEW ITERATION]
[ 2 , MULT , 2 ] 

[DOING] OPERator at INDEX: 1 <<PRIORITY>> 14 
 
[TRYING MULTIPLICATE] [ 2 ] WITH [ 2 ] 


--------------------------[NEW ITERATION]
[ 2 ] 

[DOING] OPERator at INDEX: -1 <<PRIORITY>> 100 
[ 2 ] 
1 [3] 
false 


--------------------------[NEW ITERATION]
[ 2 ] 

[DOING] OPERator at INDEX: -1 <<PRIORITY>> 100 
[ 2 ] 
2 [3] 
false 
[OPERATION Mult] 
4 
[STORING] id 199 name [ a ] with TOKEN 1111111000000000000000011000111 ON 6 value [ 4 ] 

-------Buffer----------
[2, 2, 2, 2, 2, 4, 4, 4, 4, 4, 4, 4, 4, 4, 4, 4, 4, 4, 4, 4, 4, 4, 4, 4, 4, 4, 4, 4, 4, 4, 4, 4, 4, 4, 4, 4, 4, 4, 4, 4, 4, 4, 4, 4, 4, 4, 4, 4, 4, 4, 4, 4, 4, 4, 4, 4, 4, 4, 4, 4, 4, 4, 4, 4, 4, 4, 4, 4, 4, 4, 4, 4, 4, 4, 4, 4, 4, 4, 4, 4, 4, 4, 4, 4, 4, 4, 4, 4, 4, 4, 4, 4, 4, 4, 4, 4, 4, 4, 4, 4, 4, 4, 4, 4, 4, 4, 4, 4, 4, 4, 4, 4, 4, 4, 4, 4, 4, 4, 4, 4, 4, 4, 4, 4, 4, 4, 4, 4, 4, 4, 4, 4, 4, 4, 4, 4, 4, 4, 4, 4, 4, 4, 4, 4, 4, 4, 4, 4, 4, 4, 4, 4, 4, 4, 4, 4, 4, 4, 4, 4, 4, 4, 4, 4, 4, 4, 4, 4, 4, 4, 4, 4, 4, 4, 4, 4, 4, 4, 4, 4, 4, 4, 4, 4, 4, 4, 4, 4, 4, 4, 4, 4, 4, 4, 4, 4, 4, 4, 4, 4]
----------------------------- 
-------cBUFFER---------
[0, 98, 0, 104, 105, 0, 97, 0]
-------------------------- 
[RETURN VALUE] [ 4 ] 
--------[EXEC CODE]:
[ a , EQUALS , 2 , MULT , 2 ]
-------------- 


--------------------------[NEW ITERATION]
[ a , EQUALS , 2 , MULT , 2 ] 

[DOING] OPERator at INDEX: 1 <<PRIORITY>> 2 

[TRYING SETTING] [ a ] WITH [ 2 , MULT , 2 ] 


--------------------------[NEW ITERATION]
[ a ] 

[DOING] OPERator at INDEX: -1 <<PRIORITY>> 100 
[ a ] 
6 [3] 
false 


--------------------------[NEW ITERATION]
[ 2 , MULT , 2 ] 

[DOING] OPERator at INDEX: 1 <<PRIORITY>> 14 
 
[TRYING MULTIPLICATE] [ 2 ] WITH [ 2 ] 


--------------------------[NEW ITERATION]
[ 2 ] 

[DOING] OPERator at INDEX: -1 <<PRIORITY>> 100 
[ 2 ] 
3 [3] 
true 
[EXECUTING  METHODE<<2>>]
 
[ a , EQUALS , 2 , MULT , 2 , ; , a , EQUALS , 2 , MULT , 2 , ; ]---------NEW LINE---------
[ a , EQUALS , 2 , MULT , 2 ]
-------------------- 
---------NEW LINE---------
[ a , EQUALS , 2 , MULT , 2 ]
-------------------- 
--------[EXEC CODE]:
[ a , EQUALS , 2 , MULT , 2 ]
-------------- 


--------------------------[NEW ITERATION]
[ a , EQUALS , 2 , MULT , 2 ] 

[DOING] OPERator at INDEX: 1 <<PRIORITY>> 2 

[TRYING SETTING] [ a ] WITH [ 2 , MULT , 2 ] 


--------------------------[NEW ITERATION]
[ a ] 

[DOING] OPERator at INDEX: -1 <<PRIORITY>> 100 
[ a ] 
6 [3] 
false 


--------------------------[NEW ITERATION]
[ 2 , MULT , 2 ] 

[DOING] OPERator at INDEX: 1 <<PRIORITY>> 14 
 
[TRYING MULTIPLICATE] [ 2 ] WITH [ 2 ] 


--------------------------[NEW ITERATION]
[ 2 ] 

[DOING] OPERator at INDEX: -1 <<PRIORITY>> 100 
[ 2 ] 
1 [3] 
false 


--------------------------[NEW ITERATION]
[ 2 ] 

[DOING] OPERator at INDEX: -1 <<PRIORITY>> 100 
[ 2 ] 
2 [3] 
false 
[OPERATION Mult] 
4 
[STORING] id 200 name [ a ] with TOKEN 1111111000000000000000011001000 ON 6 value [ 4 ] 

-------Buffer----------
[2, 2, 2, 2, 2, 4, 4, 4, 4, 4, 4, 4, 4, 4, 4, 4, 4, 4, 4, 4, 4, 4, 4, 4, 4, 4, 4, 4, 4, 4, 4, 4, 4, 4, 4, 4, 4, 4, 4, 4, 4, 4, 4, 4, 4, 4, 4, 4, 4, 4, 4, 4, 4, 4, 4, 4, 4, 4, 4, 4, 4, 4, 4, 4, 4, 4, 4, 4, 4, 4, 4, 4, 4, 4, 4, 4, 4, 4, 4, 4, 4, 4, 4, 4, 4, 4, 4, 4, 4, 4, 4, 4, 4, 4, 4, 4, 4, 4, 4, 4, 4, 4, 4, 4, 4, 4, 4, 4, 4, 4, 4, 4, 4, 4, 4, 4, 4, 4, 4, 4, 4, 4, 4, 4, 4, 4, 4, 4, 4, 4, 4, 4, 4, 4, 4, 4, 4, 4, 4, 4, 4, 4, 4, 4, 4, 4, 4, 4, 4, 4, 4, 4, 4, 4, 4, 4, 4, 4, 4, 4, 4, 4, 4, 4, 4, 4, 4, 4, 4, 4, 4, 4, 4, 4, 4, 4, 4, 4, 4, 4, 4, 4, 4, 4, 4, 4, 4, 4, 4, 4, 4, 4, 4, 4, 4, 4, 4, 4, 4, 4, 4]
----------------------------- 
-------cBUFFER---------
[0, 98, 0, 104, 105, 0, 97, 0]
-------------------------- 
[RETURN VALUE] [ 4 ] 
--------[EXEC CODE]:
[ a , EQUALS , 2 , MULT , 2 ]
-------------- 


--------------------------[NEW ITERATION]
[ a , EQUALS , 2 , MULT , 2 ] 

[DOING] OPERator at INDEX: 1 <<PRIORITY>> 2 

[TRYING SETTING] [ a ] WITH [ 2 , MULT , 2 ] 


--------------------------[NEW ITERATION]
[ a ] 

[DOING] OPERator at INDEX: -1 <<PRIORITY>> 100 
[ a ] 
6 [3] 
false 


--------------------------[NEW ITERATION]
[ 2 , MULT , 2 ] 

[DOING] OPERator at INDEX: 1 <<PRIORITY>> 14 
 
[TRYING MULTIPLICATE] [ 2 ] WITH [ 2 ] 


--------------------------[NEW ITERATION]
[ 2 ] 

[DOING] OPERator at INDEX: -1 <<PRIORITY>> 100 
[ 2 ] 
3 [3] 
true 
[EXECUTING  METHODE<<2>>]
 
[ a , EQUALS , 2 , MULT , 2 , ; , a , EQUALS , 2 , MULT , 2 , ; ]---------NEW LINE---------
[ a , EQUALS , 2 , MULT , 2 ]
-------------------- 
---------NEW LINE---------
[ a , EQUALS , 2 , MULT , 2 ]
-------------------- 
--------[EXEC CODE]:
[ a , EQUALS , 2 , MULT , 2 ]
-------------- 


--------------------------[NEW ITERATION]
[ a , EQUALS , 2 , MULT , 2 ] 

[DOING] OPERator at INDEX: 1 <<PRIORITY>> 2 

[TRYING SETTING] [ a ] WITH [ 2 , MULT , 2 ] 


--------------------------[NEW ITERATION]
[ a ] 

[DOING] OPERator at INDEX: -1 <<PRIORITY>> 100 
[ a ] 
6 [3] 
false 


--------------------------[NEW ITERATION]
[ 2 , MULT , 2 ] 

[DOING] OPERator at INDEX: 1 <<PRIORITY>> 14 
 
[TRYING MULTIPLICATE] [ 2 ] WITH [ 2 ] 


--------------------------[NEW ITERATION]
[ 2 ] 

[DOING] OPERator at INDEX: -1 <<PRIORITY>> 100 
[ 2 ] 
1 [3] 
false 


--------------------------[NEW ITERATION]
[ 2 ] 

[DOING] OPERator at INDEX: -1 <<PRIORITY>> 100 
[ 2 ] 
2 [3] 
false 
[OPERATION Mult] 
4 
[STORING] id 201 name [ a ] with TOKEN 1111111000000000000000011001001 ON 6 value [ 4 ] 

-------Buffer----------
[2, 2, 2, 2, 2, 4, 4, 4, 4, 4, 4, 4, 4, 4, 4, 4, 4, 4, 4, 4, 4, 4, 4, 4, 4, 4, 4, 4, 4, 4, 4, 4, 4, 4, 4, 4, 4, 4, 4, 4, 4, 4, 4, 4, 4, 4, 4, 4, 4, 4, 4, 4, 4, 4, 4, 4, 4, 4, 4, 4, 4, 4, 4, 4, 4, 4, 4, 4, 4, 4, 4, 4, 4, 4, 4, 4, 4, 4, 4, 4, 4, 4, 4, 4, 4, 4, 4, 4, 4, 4, 4, 4, 4, 4, 4, 4, 4, 4, 4, 4, 4, 4, 4, 4, 4, 4, 4, 4, 4, 4, 4, 4, 4, 4, 4, 4, 4, 4, 4, 4, 4, 4, 4, 4, 4, 4, 4, 4, 4, 4, 4, 4, 4, 4, 4, 4, 4, 4, 4, 4, 4, 4, 4, 4, 4, 4, 4, 4, 4, 4, 4, 4, 4, 4, 4, 4, 4, 4, 4, 4, 4, 4, 4, 4, 4, 4, 4, 4, 4, 4, 4, 4, 4, 4, 4, 4, 4, 4, 4, 4, 4, 4, 4, 4, 4, 4, 4, 4, 4, 4, 4, 4, 4, 4, 4, 4, 4, 4, 4, 4, 4, 4]
----------------------------- 
-------cBUFFER---------
[0, 98, 0, 104, 105, 0, 97, 0]
-------------------------- 
[RETURN VALUE] [ 4 ] 
--------[EXEC CODE]:
[ a , EQUALS , 2 , MULT , 2 ]
-------------- 


--------------------------[NEW ITERATION]
[ a , EQUALS , 2 , MULT , 2 ] 

[DOING] OPERator at INDEX: 1 <<PRIORITY>> 2 

[TRYING SETTING] [ a ] WITH [ 2 , MULT , 2 ] 


--------------------------[NEW ITERATION]
[ a ] 

[DOING] OPERator at INDEX: -1 <<PRIORITY>> 100 
[ a ] 
6 [3] 
false 


--------------------------[NEW ITERATION]
[ 2 , MULT , 2 ] 

[DOING] OPERator at INDEX: 1 <<PRIORITY>> 14 
 
[TRYING MULTIPLICATE] [ 2 ] WITH [ 2 ] 


--------------------------[NEW ITERATION]
[ 2 ] 

[DOING] OPERator at INDEX: -1 <<PRIORITY>> 100 
[ 2 ] 
3 [3] 
true 
[EXECUTING  METHODE<<2>>]
 
[ a , EQUALS , 2 , MULT , 2 , ; , a , EQUALS , 2 , MULT , 2 , ; ]---------NEW LINE---------
[ a , EQUALS , 2 , MULT , 2 ]
-------------------- 
---------NEW LINE---------
[ a , EQUALS , 2 , MULT , 2 ]
-------------------- 
--------[EXEC CODE]:
[ a , EQUALS , 2 , MULT , 2 ]
-------------- 


--------------------------[NEW ITERATION]
[ a , EQUALS , 2 , MULT , 2 ] 

[DOING] OPERator at INDEX: 1 <<PRIORITY>> 2 

[TRYING SETTING] [ a ] WITH [ 2 , MULT , 2 ] 


--------------------------[NEW ITERATION]
[ a ] 

[DOING] OPERator at INDEX: -1 <<PRIORITY>> 100 
[ a ] 
6 [3] 
false 


--------------------------[NEW ITERATION]
[ 2 , MULT , 2 ] 

[DOING] OPERator at INDEX: 1 <<PRIORITY>> 14 
 
[TRYING MULTIPLICATE] [ 2 ] WITH [ 2 ] 


--------------------------[NEW ITERATION]
[ 2 ] 

[DOING] OPERator at INDEX: -1 <<PRIORITY>> 100 
[ 2 ] 
1 [3] 
false 


--------------------------[NEW ITERATION]
[ 2 ] 

[DOING] OPERator at INDEX: -1 <<PRIORITY>> 100 
[ 2 ] 
2 [3] 
false 
[OPERATION Mult] 
4 
[STORING] id 202 name [ a ] with TOKEN 1111111000000000000000011001010 ON 6 value [ 4 ] 

-------Buffer----------
[2, 2, 2, 2, 2, 4, 4, 4, 4, 4, 4, 4, 4, 4, 4, 4, 4, 4, 4, 4, 4, 4, 4, 4, 4, 4, 4, 4, 4, 4, 4, 4, 4, 4, 4, 4, 4, 4, 4, 4, 4, 4, 4, 4, 4, 4, 4, 4, 4, 4, 4, 4, 4, 4, 4, 4, 4, 4, 4, 4, 4, 4, 4, 4, 4, 4, 4, 4, 4, 4, 4, 4, 4, 4, 4, 4, 4, 4, 4, 4, 4, 4, 4, 4, 4, 4, 4, 4, 4, 4, 4, 4, 4, 4, 4, 4, 4, 4, 4, 4, 4, 4, 4, 4, 4, 4, 4, 4, 4, 4, 4, 4, 4, 4, 4, 4, 4, 4, 4, 4, 4, 4, 4, 4, 4, 4, 4, 4, 4, 4, 4, 4, 4, 4, 4, 4, 4, 4, 4, 4, 4, 4, 4, 4, 4, 4, 4, 4, 4, 4, 4, 4, 4, 4, 4, 4, 4, 4, 4, 4, 4, 4, 4, 4, 4, 4, 4, 4, 4, 4, 4, 4, 4, 4, 4, 4, 4, 4, 4, 4, 4, 4, 4, 4, 4, 4, 4, 4, 4, 4, 4, 4, 4, 4, 4, 4, 4, 4, 4, 4, 4, 4, 4]
----------------------------- 
-------cBUFFER---------
[0, 98, 0, 104, 105, 0, 97, 0]
-------------------------- 
[RETURN VALUE] [ 4 ] 
--------[EXEC CODE]:
[ a , EQUALS , 2 , MULT , 2 ]
-------------- 


--------------------------[NEW ITERATION]
[ a , EQUALS , 2 , MULT , 2 ] 

[DOING] OPERator at INDEX: 1 <<PRIORITY>> 2 

[TRYING SETTING] [ a ] WITH [ 2 , MULT , 2 ] 


--------------------------[NEW ITERATION]
[ a ] 

[DOING] OPERator at INDEX: -1 <<PRIORITY>> 100 
[ a ] 
6 [3] 
false 


--------------------------[NEW ITERATION]
[ 2 , MULT , 2 ] 

[DOING] OPERator at INDEX: 1 <<PRIORITY>> 14 
 
[TRYING MULTIPLICATE] [ 2 ] WITH [ 2 ] 


--------------------------[NEW ITERATION]
[ 2 ] 

[DOING] OPERator at INDEX: -1 <<PRIORITY>> 100 
[ 2 ] 
3 [3] 
true 
[EXECUTING  METHODE<<2>>]
 
[ a , EQUALS , 2 , MULT , 2 , ; , a , EQUALS , 2 , MULT , 2 , ; ]---------NEW LINE---------
[ a , EQUALS , 2 , MULT , 2 ]
-------------------- 
---------NEW LINE---------
[ a , EQUALS , 2 , MULT , 2 ]
-------------------- 
--------[EXEC CODE]:
[ a , EQUALS , 2 , MULT , 2 ]
-------------- 


--------------------------[NEW ITERATION]
[ a , EQUALS , 2 , MULT , 2 ] 

[DOING] OPERator at INDEX: 1 <<PRIORITY>> 2 

[TRYING SETTING] [ a ] WITH [ 2 , MULT , 2 ] 


--------------------------[NEW ITERATION]
[ a ] 

[DOING] OPERator at INDEX: -1 <<PRIORITY>> 100 
[ a ] 
6 [3] 
false 


--------------------------[NEW ITERATION]
[ 2 , MULT , 2 ] 

[DOING] OPERator at INDEX: 1 <<PRIORITY>> 14 
 
[TRYING MULTIPLICATE] [ 2 ] WITH [ 2 ] 


--------------------------[NEW ITERATION]
[ 2 ] 

[DOING] OPERator at INDEX: -1 <<PRIORITY>> 100 
[ 2 ] 
1 [3] 
false 


--------------------------[NEW ITERATION]
[ 2 ] 

[DOING] OPERator at INDEX: -1 <<PRIORITY>> 100 
[ 2 ] 
2 [3] 
false 
[OPERATION Mult] 
4 
[STORING] id 203 name [ a ] with TOKEN 1111111000000000000000011001011 ON 6 value [ 4 ] 

-------Buffer----------
[2, 2, 2, 2, 2, 4, 4, 4, 4, 4, 4, 4, 4, 4, 4, 4, 4, 4, 4, 4, 4, 4, 4, 4, 4, 4, 4, 4, 4, 4, 4, 4, 4, 4, 4, 4, 4, 4, 4, 4, 4, 4, 4, 4, 4, 4, 4, 4, 4, 4, 4, 4, 4, 4, 4, 4, 4, 4, 4, 4, 4, 4, 4, 4, 4, 4, 4, 4, 4, 4, 4, 4, 4, 4, 4, 4, 4, 4, 4, 4, 4, 4, 4, 4, 4, 4, 4, 4, 4, 4, 4, 4, 4, 4, 4, 4, 4, 4, 4, 4, 4, 4, 4, 4, 4, 4, 4, 4, 4, 4, 4, 4, 4, 4, 4, 4, 4, 4, 4, 4, 4, 4, 4, 4, 4, 4, 4, 4, 4, 4, 4, 4, 4, 4, 4, 4, 4, 4, 4, 4, 4, 4, 4, 4, 4, 4, 4, 4, 4, 4, 4, 4, 4, 4, 4, 4, 4, 4, 4, 4, 4, 4, 4, 4, 4, 4, 4, 4, 4, 4, 4, 4, 4, 4, 4, 4, 4, 4, 4, 4, 4, 4, 4, 4, 4, 4, 4, 4, 4, 4, 4, 4, 4, 4, 4, 4, 4, 4, 4, 4, 4, 4, 4, 4]
----------------------------- 
-------cBUFFER---------
[0, 98, 0, 104, 105, 0, 97, 0]
-------------------------- 
[RETURN VALUE] [ 4 ] 
--------[EXEC CODE]:
[ a , EQUALS , 2 , MULT , 2 ]
-------------- 


--------------------------[NEW ITERATION]
[ a , EQUALS , 2 , MULT , 2 ] 

[DOING] OPERator at INDEX: 1 <<PRIORITY>> 2 

[TRYING SETTING] [ a ] WITH [ 2 , MULT , 2 ] 


--------------------------[NEW ITERATION]
[ a ] 

[DOING] OPERator at INDEX: -1 <<PRIORITY>> 100 
[ a ] 
6 [3] 
false 


--------------------------[NEW ITERATION]
[ 2 , MULT , 2 ] 

[DOING] OPERator at INDEX: 1 <<PRIORITY>> 14 
 
[TRYING MULTIPLICATE] [ 2 ] WITH [ 2 ] 


--------------------------[NEW ITERATION]
[ 2 ] 

[DOING] OPERator at INDEX: -1 <<PRIORITY>> 100 
[ 2 ] 
3 [3] 
true 
[EXECUTING  METHODE<<2>>]
 
[ a , EQUALS , 2 , MULT , 2 , ; , a , EQUALS , 2 , MULT , 2 , ; ]---------NEW LINE---------
[ a , EQUALS , 2 , MULT , 2 ]
-------------------- 
---------NEW LINE---------
[ a , EQUALS , 2 , MULT , 2 ]
-------------------- 
--------[EXEC CODE]:
[ a , EQUALS , 2 , MULT , 2 ]
-------------- 


--------------------------[NEW ITERATION]
[ a , EQUALS , 2 , MULT , 2 ] 

[DOING] OPERator at INDEX: 1 <<PRIORITY>> 2 

[TRYING SETTING] [ a ] WITH [ 2 , MULT , 2 ] 


--------------------------[NEW ITERATION]
[ a ] 

[DOING] OPERator at INDEX: -1 <<PRIORITY>> 100 
[ a ] 
6 [3] 
false 


--------------------------[NEW ITERATION]
[ 2 , MULT , 2 ] 

[DOING] OPERator at INDEX: 1 <<PRIORITY>> 14 
 
[TRYING MULTIPLICATE] [ 2 ] WITH [ 2 ] 


--------------------------[NEW ITERATION]
[ 2 ] 

[DOING] OPERator at INDEX: -1 <<PRIORITY>> 100 
[ 2 ] 
1 [3] 
false 


--------------------------[NEW ITERATION]
[ 2 ] 

[DOING] OPERator at INDEX: -1 <<PRIORITY>> 100 
[ 2 ] 
2 [3] 
false 
[OPERATION Mult] 
4 
[STORING] id 204 name [ a ] with TOKEN 1111111000000000000000011001100 ON 6 value [ 4 ] 

-------Buffer----------
[2, 2, 2, 2, 2, 4, 4, 4, 4, 4, 4, 4, 4, 4, 4, 4, 4, 4, 4, 4, 4, 4, 4, 4, 4, 4, 4, 4, 4, 4, 4, 4, 4, 4, 4, 4, 4, 4, 4, 4, 4, 4, 4, 4, 4, 4, 4, 4, 4, 4, 4, 4, 4, 4, 4, 4, 4, 4, 4, 4, 4, 4, 4, 4, 4, 4, 4, 4, 4, 4, 4, 4, 4, 4, 4, 4, 4, 4, 4, 4, 4, 4, 4, 4, 4, 4, 4, 4, 4, 4, 4, 4, 4, 4, 4, 4, 4, 4, 4, 4, 4, 4, 4, 4, 4, 4, 4, 4, 4, 4, 4, 4, 4, 4, 4, 4, 4, 4, 4, 4, 4, 4, 4, 4, 4, 4, 4, 4, 4, 4, 4, 4, 4, 4, 4, 4, 4, 4, 4, 4, 4, 4, 4, 4, 4, 4, 4, 4, 4, 4, 4, 4, 4, 4, 4, 4, 4, 4, 4, 4, 4, 4, 4, 4, 4, 4, 4, 4, 4, 4, 4, 4, 4, 4, 4, 4, 4, 4, 4, 4, 4, 4, 4, 4, 4, 4, 4, 4, 4, 4, 4, 4, 4, 4, 4, 4, 4, 4, 4, 4, 4, 4, 4, 4, 4]
----------------------------- 
-------cBUFFER---------
[0, 98, 0, 104, 105, 0, 97, 0]
-------------------------- 
[RETURN VALUE] [ 4 ] 
--------[EXEC CODE]:
[ a , EQUALS , 2 , MULT , 2 ]
-------------- 


--------------------------[NEW ITERATION]
[ a , EQUALS , 2 , MULT , 2 ] 

[DOING] OPERator at INDEX: 1 <<PRIORITY>> 2 

[TRYING SETTING] [ a ] WITH [ 2 , MULT , 2 ] 


--------------------------[NEW ITERATION]
[ a ] 

[DOING] OPERator at INDEX: -1 <<PRIORITY>> 100 
[ a ] 
6 [3] 
false 


--------------------------[NEW ITERATION]
[ 2 , MULT , 2 ] 

[DOING] OPERator at INDEX: 1 <<PRIORITY>> 14 
 
[TRYING MULTIPLICATE] [ 2 ] WITH [ 2 ] 


--------------------------[NEW ITERATION]
[ 2 ] 

[DOING] OPERator at INDEX: -1 <<PRIORITY>> 100 
[ 2 ] 
3 [3] 
true 
[EXECUTING  METHODE<<2>>]
 
[ a , EQUALS , 2 , MULT , 2 , ; , a , EQUALS , 2 , MULT , 2 , ; ]---------NEW LINE---------
[ a , EQUALS , 2 , MULT , 2 ]
-------------------- 
---------NEW LINE---------
[ a , EQUALS , 2 , MULT , 2 ]
-------------------- 
--------[EXEC CODE]:
[ a , EQUALS , 2 , MULT , 2 ]
-------------- 


--------------------------[NEW ITERATION]
[ a , EQUALS , 2 , MULT , 2 ] 

[DOING] OPERator at INDEX: 1 <<PRIORITY>> 2 

[TRYING SETTING] [ a ] WITH [ 2 , MULT , 2 ] 


--------------------------[NEW ITERATION]
[ a ] 

[DOING] OPERator at INDEX: -1 <<PRIORITY>> 100 
[ a ] 
6 [3] 
false 


--------------------------[NEW ITERATION]
[ 2 , MULT , 2 ] 

[DOING] OPERator at INDEX: 1 <<PRIORITY>> 14 
 
[TRYING MULTIPLICATE] [ 2 ] WITH [ 2 ] 


--------------------------[NEW ITERATION]
[ 2 ] 

[DOING] OPERator at INDEX: -1 <<PRIORITY>> 100 
[ 2 ] 
1 [3] 
false 


--------------------------[NEW ITERATION]
[ 2 ] 

[DOING] OPERator at INDEX: -1 <<PRIORITY>> 100 
[ 2 ] 
2 [3] 
false 
[OPERATION Mult] 
4 
[STORING] id 205 name [ a ] with TOKEN 1111111000000000000000011001101 ON 6 value [ 4 ] 

-------Buffer----------
[2, 2, 2, 2, 2, 4, 4, 4, 4, 4, 4, 4, 4, 4, 4, 4, 4, 4, 4, 4, 4, 4, 4, 4, 4, 4, 4, 4, 4, 4, 4, 4, 4, 4, 4, 4, 4, 4, 4, 4, 4, 4, 4, 4, 4, 4, 4, 4, 4, 4, 4, 4, 4, 4, 4, 4, 4, 4, 4, 4, 4, 4, 4, 4, 4, 4, 4, 4, 4, 4, 4, 4, 4, 4, 4, 4, 4, 4, 4, 4, 4, 4, 4, 4, 4, 4, 4, 4, 4, 4, 4, 4, 4, 4, 4, 4, 4, 4, 4, 4, 4, 4, 4, 4, 4, 4, 4, 4, 4, 4, 4, 4, 4, 4, 4, 4, 4, 4, 4, 4, 4, 4, 4, 4, 4, 4, 4, 4, 4, 4, 4, 4, 4, 4, 4, 4, 4, 4, 4, 4, 4, 4, 4, 4, 4, 4, 4, 4, 4, 4, 4, 4, 4, 4, 4, 4, 4, 4, 4, 4, 4, 4, 4, 4, 4, 4, 4, 4, 4, 4, 4, 4, 4, 4, 4, 4, 4, 4, 4, 4, 4, 4, 4, 4, 4, 4, 4, 4, 4, 4, 4, 4, 4, 4, 4, 4, 4, 4, 4, 4, 4, 4, 4, 4, 4, 4]
----------------------------- 
-------cBUFFER---------
[0, 98, 0, 104, 105, 0, 97, 0]
-------------------------- 
[RETURN VALUE] [ 4 ] 
--------[EXEC CODE]:
[ a , EQUALS , 2 , MULT , 2 ]
-------------- 


--------------------------[NEW ITERATION]
[ a , EQUALS , 2 , MULT , 2 ] 

[DOING] OPERator at INDEX: 1 <<PRIORITY>> 2 

[TRYING SETTING] [ a ] WITH [ 2 , MULT , 2 ] 


--------------------------[NEW ITERATION]
[ a ] 

[DOING] OPERator at INDEX: -1 <<PRIORITY>> 100 
[ a ] 
6 [3] 
false 


--------------------------[NEW ITERATION]
[ 2 , MULT , 2 ] 

[DOING] OPERator at INDEX: 1 <<PRIORITY>> 14 
 
[TRYING MULTIPLICATE] [ 2 ] WITH [ 2 ] 


--------------------------[NEW ITERATION]
[ 2 ] 

[DOING] OPERator at INDEX: -1 <<PRIORITY>> 100 
[ 2 ] 
3 [3] 
true 
[EXECUTING  METHODE<<2>>]
 
[ a , EQUALS , 2 , MULT , 2 , ; , a , EQUALS , 2 , MULT , 2 , ; ]---------NEW LINE---------
[ a , EQUALS , 2 , MULT , 2 ]
-------------------- 
---------NEW LINE---------
[ a , EQUALS , 2 , MULT , 2 ]
-------------------- 
--------[EXEC CODE]:
[ a , EQUALS , 2 , MULT , 2 ]
-------------- 


--------------------------[NEW ITERATION]
[ a , EQUALS , 2 , MULT , 2 ] 

[DOING] OPERator at INDEX: 1 <<PRIORITY>> 2 

[TRYING SETTING] [ a ] WITH [ 2 , MULT , 2 ] 


--------------------------[NEW ITERATION]
[ a ] 

[DOING] OPERator at INDEX: -1 <<PRIORITY>> 100 
[ a ] 
6 [3] 
false 


--------------------------[NEW ITERATION]
[ 2 , MULT , 2 ] 

[DOING] OPERator at INDEX: 1 <<PRIORITY>> 14 
 
[TRYING MULTIPLICATE] [ 2 ] WITH [ 2 ] 


--------------------------[NEW ITERATION]
[ 2 ] 

[DOING] OPERator at INDEX: -1 <<PRIORITY>> 100 
[ 2 ] 
1 [3] 
false 


--------------------------[NEW ITERATION]
[ 2 ] 

[DOING] OPERator at INDEX: -1 <<PRIORITY>> 100 
[ 2 ] 
2 [3] 
false 
[OPERATION Mult] 
4 
[STORING] id 206 name [ a ] with TOKEN 1111111000000000000000011001110 ON 6 value [ 4 ] 

-------Buffer----------
[2, 2, 2, 2, 2, 4, 4, 4, 4, 4, 4, 4, 4, 4, 4, 4, 4, 4, 4, 4, 4, 4, 4, 4, 4, 4, 4, 4, 4, 4, 4, 4, 4, 4, 4, 4, 4, 4, 4, 4, 4, 4, 4, 4, 4, 4, 4, 4, 4, 4, 4, 4, 4, 4, 4, 4, 4, 4, 4, 4, 4, 4, 4, 4, 4, 4, 4, 4, 4, 4, 4, 4, 4, 4, 4, 4, 4, 4, 4, 4, 4, 4, 4, 4, 4, 4, 4, 4, 4, 4, 4, 4, 4, 4, 4, 4, 4, 4, 4, 4, 4, 4, 4, 4, 4, 4, 4, 4, 4, 4, 4, 4, 4, 4, 4, 4, 4, 4, 4, 4, 4, 4, 4, 4, 4, 4, 4, 4, 4, 4, 4, 4, 4, 4, 4, 4, 4, 4, 4, 4, 4, 4, 4, 4, 4, 4, 4, 4, 4, 4, 4, 4, 4, 4, 4, 4, 4, 4, 4, 4, 4, 4, 4, 4, 4, 4, 4, 4, 4, 4, 4, 4, 4, 4, 4, 4, 4, 4, 4, 4, 4, 4, 4, 4, 4, 4, 4, 4, 4, 4, 4, 4, 4, 4, 4, 4, 4, 4, 4, 4, 4, 4, 4, 4, 4, 4, 4]
----------------------------- 
-------cBUFFER---------
[0, 98, 0, 104, 105, 0, 97, 0]
-------------------------- 
[RETURN VALUE] [ 4 ] 
--------[EXEC CODE]:
[ a , EQUALS , 2 , MULT , 2 ]
-------------- 


--------------------------[NEW ITERATION]
[ a , EQUALS , 2 , MULT , 2 ] 

[DOING] OPERator at INDEX: 1 <<PRIORITY>> 2 

[TRYING SETTING] [ a ] WITH [ 2 , MULT , 2 ] 


--------------------------[NEW ITERATION]
[ a ] 

[DOING] OPERator at INDEX: -1 <<PRIORITY>> 100 
[ a ] 
6 [3] 
false 


--------------------------[NEW ITERATION]
[ 2 , MULT , 2 ] 

[DOING] OPERator at INDEX: 1 <<PRIORITY>> 14 
 
[TRYING MULTIPLICATE] [ 2 ] WITH [ 2 ] 


--------------------------[NEW ITERATION]
[ 2 ] 

[DOING] OPERator at INDEX: -1 <<PRIORITY>> 100 
[ 2 ] 
3 [3] 
true 
[EXECUTING  METHODE<<2>>]
 
[ a , EQUALS , 2 , MULT , 2 , ; , a , EQUALS , 2 , MULT , 2 , ; ]---------NEW LINE---------
[ a , EQUALS , 2 , MULT , 2 ]
-------------------- 
---------NEW LINE---------
[ a , EQUALS , 2 , MULT , 2 ]
-------------------- 
--------[EXEC CODE]:
[ a , EQUALS , 2 , MULT , 2 ]
-------------- 


--------------------------[NEW ITERATION]
[ a , EQUALS , 2 , MULT , 2 ] 

[DOING] OPERator at INDEX: 1 <<PRIORITY>> 2 

[TRYING SETTING] [ a ] WITH [ 2 , MULT , 2 ] 


--------------------------[NEW ITERATION]
[ a ] 

[DOING] OPERator at INDEX: -1 <<PRIORITY>> 100 
[ a ] 
6 [3] 
false 


--------------------------[NEW ITERATION]
[ 2 , MULT , 2 ] 

[DOING] OPERator at INDEX: 1 <<PRIORITY>> 14 
 
[TRYING MULTIPLICATE] [ 2 ] WITH [ 2 ] 


--------------------------[NEW ITERATION]
[ 2 ] 

[DOING] OPERator at INDEX: -1 <<PRIORITY>> 100 
[ 2 ] 
1 [3] 
false 


--------------------------[NEW ITERATION]
[ 2 ] 

[DOING] OPERator at INDEX: -1 <<PRIORITY>> 100 
[ 2 ] 
2 [3] 
false 
[OPERATION Mult] 
4 
[STORING] id 207 name [ a ] with TOKEN 1111111000000000000000011001111 ON 6 value [ 4 ] 

-------Buffer----------
[2, 2, 2, 2, 2, 4, 4, 4, 4, 4, 4, 4, 4, 4, 4, 4, 4, 4, 4, 4, 4, 4, 4, 4, 4, 4, 4, 4, 4, 4, 4, 4, 4, 4, 4, 4, 4, 4, 4, 4, 4, 4, 4, 4, 4, 4, 4, 4, 4, 4, 4, 4, 4, 4, 4, 4, 4, 4, 4, 4, 4, 4, 4, 4, 4, 4, 4, 4, 4, 4, 4, 4, 4, 4, 4, 4, 4, 4, 4, 4, 4, 4, 4, 4, 4, 4, 4, 4, 4, 4, 4, 4, 4, 4, 4, 4, 4, 4, 4, 4, 4, 4, 4, 4, 4, 4, 4, 4, 4, 4, 4, 4, 4, 4, 4, 4, 4, 4, 4, 4, 4, 4, 4, 4, 4, 4, 4, 4, 4, 4, 4, 4, 4, 4, 4, 4, 4, 4, 4, 4, 4, 4, 4, 4, 4, 4, 4, 4, 4, 4, 4, 4, 4, 4, 4, 4, 4, 4, 4, 4, 4, 4, 4, 4, 4, 4, 4, 4, 4, 4, 4, 4, 4, 4, 4, 4, 4, 4, 4, 4, 4, 4, 4, 4, 4, 4, 4, 4, 4, 4, 4, 4, 4, 4, 4, 4, 4, 4, 4, 4, 4, 4, 4, 4, 4, 4, 4, 4]
----------------------------- 
-------cBUFFER---------
[0, 98, 0, 104, 105, 0, 97, 0]
-------------------------- 
[RETURN VALUE] [ 4 ] 
--------[EXEC CODE]:
[ a , EQUALS , 2 , MULT , 2 ]
-------------- 


--------------------------[NEW ITERATION]
[ a , EQUALS , 2 , MULT , 2 ] 

[DOING] OPERator at INDEX: 1 <<PRIORITY>> 2 

[TRYING SETTING] [ a ] WITH [ 2 , MULT , 2 ] 


--------------------------[NEW ITERATION]
[ a ] 

[DOING] OPERator at INDEX: -1 <<PRIORITY>> 100 
[ a ] 
6 [3] 
false 


--------------------------[NEW ITERATION]
[ 2 , MULT , 2 ] 

[DOING] OPERator at INDEX: 1 <<PRIORITY>> 14 
 
[TRYING MULTIPLICATE] [ 2 ] WITH [ 2 ] 


--------------------------[NEW ITERATION]
[ 2 ] 

[DOING] OPERator at INDEX: -1 <<PRIORITY>> 100 
[ 2 ] 
3 [3] 
true 
[EXECUTING  METHODE<<2>>]
 
[ a , EQUALS , 2 , MULT , 2 , ; , a , EQUALS , 2 , MULT , 2 , ; ]---------NEW LINE---------
[ a , EQUALS , 2 , MULT , 2 ]
-------------------- 
---------NEW LINE---------
[ a , EQUALS , 2 , MULT , 2 ]
-------------------- 
--------[EXEC CODE]:
[ a , EQUALS , 2 , MULT , 2 ]
-------------- 


--------------------------[NEW ITERATION]
[ a , EQUALS , 2 , MULT , 2 ] 

[DOING] OPERator at INDEX: 1 <<PRIORITY>> 2 

[TRYING SETTING] [ a ] WITH [ 2 , MULT , 2 ] 


--------------------------[NEW ITERATION]
[ a ] 

[DOING] OPERator at INDEX: -1 <<PRIORITY>> 100 
[ a ] 
6 [3] 
false 


--------------------------[NEW ITERATION]
[ 2 , MULT , 2 ] 

[DOING] OPERator at INDEX: 1 <<PRIORITY>> 14 
 
[TRYING MULTIPLICATE] [ 2 ] WITH [ 2 ] 


--------------------------[NEW ITERATION]
[ 2 ] 

[DOING] OPERator at INDEX: -1 <<PRIORITY>> 100 
[ 2 ] 
1 [3] 
false 


--------------------------[NEW ITERATION]
[ 2 ] 

[DOING] OPERator at INDEX: -1 <<PRIORITY>> 100 
[ 2 ] 
2 [3] 
false 
[OPERATION Mult] 
4 
[STORING] id 208 name [ a ] with TOKEN 1111111000000000000000011010000 ON 6 value [ 4 ] 

-------Buffer----------
[2, 2, 2, 2, 2, 4, 4, 4, 4, 4, 4, 4, 4, 4, 4, 4, 4, 4, 4, 4, 4, 4, 4, 4, 4, 4, 4, 4, 4, 4, 4, 4, 4, 4, 4, 4, 4, 4, 4, 4, 4, 4, 4, 4, 4, 4, 4, 4, 4, 4, 4, 4, 4, 4, 4, 4, 4, 4, 4, 4, 4, 4, 4, 4, 4, 4, 4, 4, 4, 4, 4, 4, 4, 4, 4, 4, 4, 4, 4, 4, 4, 4, 4, 4, 4, 4, 4, 4, 4, 4, 4, 4, 4, 4, 4, 4, 4, 4, 4, 4, 4, 4, 4, 4, 4, 4, 4, 4, 4, 4, 4, 4, 4, 4, 4, 4, 4, 4, 4, 4, 4, 4, 4, 4, 4, 4, 4, 4, 4, 4, 4, 4, 4, 4, 4, 4, 4, 4, 4, 4, 4, 4, 4, 4, 4, 4, 4, 4, 4, 4, 4, 4, 4, 4, 4, 4, 4, 4, 4, 4, 4, 4, 4, 4, 4, 4, 4, 4, 4, 4, 4, 4, 4, 4, 4, 4, 4, 4, 4, 4, 4, 4, 4, 4, 4, 4, 4, 4, 4, 4, 4, 4, 4, 4, 4, 4, 4, 4, 4, 4, 4, 4, 4, 4, 4, 4, 4, 4, 4]
----------------------------- 
-------cBUFFER---------
[0, 98, 0, 104, 105, 0, 97, 0]
-------------------------- 
[RETURN VALUE] [ 4 ] 
--------[EXEC CODE]:
[ a , EQUALS , 2 , MULT , 2 ]
-------------- 


--------------------------[NEW ITERATION]
[ a , EQUALS , 2 , MULT , 2 ] 

[DOING] OPERator at INDEX: 1 <<PRIORITY>> 2 

[TRYING SETTING] [ a ] WITH [ 2 , MULT , 2 ] 


--------------------------[NEW ITERATION]
[ a ] 

[DOING] OPERator at INDEX: -1 <<PRIORITY>> 100 
[ a ] 
6 [3] 
false 


--------------------------[NEW ITERATION]
[ 2 , MULT , 2 ] 

[DOING] OPERator at INDEX: 1 <<PRIORITY>> 14 
 
[TRYING MULTIPLICATE] [ 2 ] WITH [ 2 ] 


--------------------------[NEW ITERATION]
[ 2 ] 

[DOING] OPERator at INDEX: -1 <<PRIORITY>> 100 
[ 2 ] 
3 [3] 
true 
[EXECUTING  METHODE<<2>>]
 
[ a , EQUALS , 2 , MULT , 2 , ; , a , EQUALS , 2 , MULT , 2 , ; ]---------NEW LINE---------
[ a , EQUALS , 2 , MULT , 2 ]
-------------------- 
---------NEW LINE---------
[ a , EQUALS , 2 , MULT , 2 ]
-------------------- 
--------[EXEC CODE]:
[ a , EQUALS , 2 , MULT , 2 ]
-------------- 


--------------------------[NEW ITERATION]
[ a , EQUALS , 2 , MULT , 2 ] 

[DOING] OPERator at INDEX: 1 <<PRIORITY>> 2 

[TRYING SETTING] [ a ] WITH [ 2 , MULT , 2 ] 


--------------------------[NEW ITERATION]
[ a ] 

[DOING] OPERator at INDEX: -1 <<PRIORITY>> 100 
[ a ] 
6 [3] 
false 


--------------------------[NEW ITERATION]
[ 2 , MULT , 2 ] 

[DOING] OPERator at INDEX: 1 <<PRIORITY>> 14 
 
[TRYING MULTIPLICATE] [ 2 ] WITH [ 2 ] 


--------------------------[NEW ITERATION]
[ 2 ] 

[DOING] OPERator at INDEX: -1 <<PRIORITY>> 100 
[ 2 ] 
1 [3] 
false 


--------------------------[NEW ITERATION]
[ 2 ] 

[DOING] OPERator at INDEX: -1 <<PRIORITY>> 100 
[ 2 ] 
2 [3] 
false 
[OPERATION Mult] 
4 
[STORING] id 209 name [ a ] with TOKEN 1111111000000000000000011010001 ON 6 value [ 4 ] 

-------Buffer----------
[2, 2, 2, 2, 2, 4, 4, 4, 4, 4, 4, 4, 4, 4, 4, 4, 4, 4, 4, 4, 4, 4, 4, 4, 4, 4, 4, 4, 4, 4, 4, 4, 4, 4, 4, 4, 4, 4, 4, 4, 4, 4, 4, 4, 4, 4, 4, 4, 4, 4, 4, 4, 4, 4, 4, 4, 4, 4, 4, 4, 4, 4, 4, 4, 4, 4, 4, 4, 4, 4, 4, 4, 4, 4, 4, 4, 4, 4, 4, 4, 4, 4, 4, 4, 4, 4, 4, 4, 4, 4, 4, 4, 4, 4, 4, 4, 4, 4, 4, 4, 4, 4, 4, 4, 4, 4, 4, 4, 4, 4, 4, 4, 4, 4, 4, 4, 4, 4, 4, 4, 4, 4, 4, 4, 4, 4, 4, 4, 4, 4, 4, 4, 4, 4, 4, 4, 4, 4, 4, 4, 4, 4, 4, 4, 4, 4, 4, 4, 4, 4, 4, 4, 4, 4, 4, 4, 4, 4, 4, 4, 4, 4, 4, 4, 4, 4, 4, 4, 4, 4, 4, 4, 4, 4, 4, 4, 4, 4, 4, 4, 4, 4, 4, 4, 4, 4, 4, 4, 4, 4, 4, 4, 4, 4, 4, 4, 4, 4, 4, 4, 4, 4, 4, 4, 4, 4, 4, 4, 4, 4]
----------------------------- 
-------cBUFFER---------
[0, 98, 0, 104, 105, 0, 97, 0]
-------------------------- 
[RETURN VALUE] [ 4 ] 
--------[EXEC CODE]:
[ a , EQUALS , 2 , MULT , 2 ]
-------------- 


--------------------------[NEW ITERATION]
[ a , EQUALS , 2 , MULT , 2 ] 

[DOING] OPERator at INDEX: 1 <<PRIORITY>> 2 

[TRYING SETTING] [ a ] WITH [ 2 , MULT , 2 ] 


--------------------------[NEW ITERATION]
[ a ] 

[DOING] OPERator at INDEX: -1 <<PRIORITY>> 100 
[ a ] 
6 [3] 
false 


--------------------------[NEW ITERATION]
[ 2 , MULT , 2 ] 

[DOING] OPERator at INDEX: 1 <<PRIORITY>> 14 
 
[TRYING MULTIPLICATE] [ 2 ] WITH [ 2 ] 


--------------------------[NEW ITERATION]
[ 2 ] 

[DOING] OPERator at INDEX: -1 <<PRIORITY>> 100 
[ 2 ] 
3 [3] 
true 
[EXECUTING  METHODE<<2>>]
 
[ a , EQUALS , 2 , MULT , 2 , ; , a , EQUALS , 2 , MULT , 2 , ; ]---------NEW LINE---------
[ a , EQUALS , 2 , MULT , 2 ]
-------------------- 
---------NEW LINE---------
[ a , EQUALS , 2 , MULT , 2 ]
-------------------- 
--------[EXEC CODE]:
[ a , EQUALS , 2 , MULT , 2 ]
-------------- 


--------------------------[NEW ITERATION]
[ a , EQUALS , 2 , MULT , 2 ] 

[DOING] OPERator at INDEX: 1 <<PRIORITY>> 2 

[TRYING SETTING] [ a ] WITH [ 2 , MULT , 2 ] 


--------------------------[NEW ITERATION]
[ a ] 

[DOING] OPERator at INDEX: -1 <<PRIORITY>> 100 
[ a ] 
6 [3] 
false 


--------------------------[NEW ITERATION]
[ 2 , MULT , 2 ] 

[DOING] OPERator at INDEX: 1 <<PRIORITY>> 14 
 
[TRYING MULTIPLICATE] [ 2 ] WITH [ 2 ] 


--------------------------[NEW ITERATION]
[ 2 ] 

[DOING] OPERator at INDEX: -1 <<PRIORITY>> 100 
[ 2 ] 
1 [3] 
false 


--------------------------[NEW ITERATION]
[ 2 ] 

[DOING] OPERator at INDEX: -1 <<PRIORITY>> 100 
[ 2 ] 
2 [3] 
false 
[OPERATION Mult] 
4 
[STORING] id 210 name [ a ] with TOKEN 1111111000000000000000011010010 ON 6 value [ 4 ] 

-------Buffer----------
[2, 2, 2, 2, 2, 4, 4, 4, 4, 4, 4, 4, 4, 4, 4, 4, 4, 4, 4, 4, 4, 4, 4, 4, 4, 4, 4, 4, 4, 4, 4, 4, 4, 4, 4, 4, 4, 4, 4, 4, 4, 4, 4, 4, 4, 4, 4, 4, 4, 4, 4, 4, 4, 4, 4, 4, 4, 4, 4, 4, 4, 4, 4, 4, 4, 4, 4, 4, 4, 4, 4, 4, 4, 4, 4, 4, 4, 4, 4, 4, 4, 4, 4, 4, 4, 4, 4, 4, 4, 4, 4, 4, 4, 4, 4, 4, 4, 4, 4, 4, 4, 4, 4, 4, 4, 4, 4, 4, 4, 4, 4, 4, 4, 4, 4, 4, 4, 4, 4, 4, 4, 4, 4, 4, 4, 4, 4, 4, 4, 4, 4, 4, 4, 4, 4, 4, 4, 4, 4, 4, 4, 4, 4, 4, 4, 4, 4, 4, 4, 4, 4, 4, 4, 4, 4, 4, 4, 4, 4, 4, 4, 4, 4, 4, 4, 4, 4, 4, 4, 4, 4, 4, 4, 4, 4, 4, 4, 4, 4, 4, 4, 4, 4, 4, 4, 4, 4, 4, 4, 4, 4, 4, 4, 4, 4, 4, 4, 4, 4, 4, 4, 4, 4, 4, 4, 4, 4, 4, 4, 4, 4]
----------------------------- 
-------cBUFFER---------
[0, 98, 0, 104, 105, 0, 97, 0]
-------------------------- 
[RETURN VALUE] [ 4 ] 
--------[EXEC CODE]:
[ a , EQUALS , 2 , MULT , 2 ]
-------------- 


--------------------------[NEW ITERATION]
[ a , EQUALS , 2 , MULT , 2 ] 

[DOING] OPERator at INDEX: 1 <<PRIORITY>> 2 

[TRYING SETTING] [ a ] WITH [ 2 , MULT , 2 ] 


--------------------------[NEW ITERATION]
[ a ] 

[DOING] OPERator at INDEX: -1 <<PRIORITY>> 100 
[ a ] 
6 [3] 
false 


--------------------------[NEW ITERATION]
[ 2 , MULT , 2 ] 

[DOING] OPERator at INDEX: 1 <<PRIORITY>> 14 
 
[TRYING MULTIPLICATE] [ 2 ] WITH [ 2 ] 


--------------------------[NEW ITERATION]
[ 2 ] 

[DOING] OPERator at INDEX: -1 <<PRIORITY>> 100 
[ 2 ] 
3 [3] 
true 
[EXECUTING  METHODE<<2>>]
 
[ a , EQUALS , 2 , MULT , 2 , ; , a , EQUALS , 2 , MULT , 2 , ; ]---------NEW LINE---------
[ a , EQUALS , 2 , MULT , 2 ]
-------------------- 
---------NEW LINE---------
[ a , EQUALS , 2 , MULT , 2 ]
-------------------- 
--------[EXEC CODE]:
[ a , EQUALS , 2 , MULT , 2 ]
-------------- 


--------------------------[NEW ITERATION]
[ a , EQUALS , 2 , MULT , 2 ] 

[DOING] OPERator at INDEX: 1 <<PRIORITY>> 2 

[TRYING SETTING] [ a ] WITH [ 2 , MULT , 2 ] 


--------------------------[NEW ITERATION]
[ a ] 

[DOING] OPERator at INDEX: -1 <<PRIORITY>> 100 
[ a ] 
6 [3] 
false 


--------------------------[NEW ITERATION]
[ 2 , MULT , 2 ] 

[DOING] OPERator at INDEX: 1 <<PRIORITY>> 14 
 
[TRYING MULTIPLICATE] [ 2 ] WITH [ 2 ] 


--------------------------[NEW ITERATION]
[ 2 ] 

[DOING] OPERator at INDEX: -1 <<PRIORITY>> 100 
[ 2 ] 
1 [3] 
false 


--------------------------[NEW ITERATION]
[ 2 ] 

[DOING] OPERator at INDEX: -1 <<PRIORITY>> 100 
[ 2 ] 
2 [3] 
false 
[OPERATION Mult] 
4 
[STORING] id 211 name [ a ] with TOKEN 1111111000000000000000011010011 ON 6 value [ 4 ] 

-------Buffer----------
[2, 2, 2, 2, 2, 4, 4, 4, 4, 4, 4, 4, 4, 4, 4, 4, 4, 4, 4, 4, 4, 4, 4, 4, 4, 4, 4, 4, 4, 4, 4, 4, 4, 4, 4, 4, 4, 4, 4, 4, 4, 4, 4, 4, 4, 4, 4, 4, 4, 4, 4, 4, 4, 4, 4, 4, 4, 4, 4, 4, 4, 4, 4, 4, 4, 4, 4, 4, 4, 4, 4, 4, 4, 4, 4, 4, 4, 4, 4, 4, 4, 4, 4, 4, 4, 4, 4, 4, 4, 4, 4, 4, 4, 4, 4, 4, 4, 4, 4, 4, 4, 4, 4, 4, 4, 4, 4, 4, 4, 4, 4, 4, 4, 4, 4, 4, 4, 4, 4, 4, 4, 4, 4, 4, 4, 4, 4, 4, 4, 4, 4, 4, 4, 4, 4, 4, 4, 4, 4, 4, 4, 4, 4, 4, 4, 4, 4, 4, 4, 4, 4, 4, 4, 4, 4, 4, 4, 4, 4, 4, 4, 4, 4, 4, 4, 4, 4, 4, 4, 4, 4, 4, 4, 4, 4, 4, 4, 4, 4, 4, 4, 4, 4, 4, 4, 4, 4, 4, 4, 4, 4, 4, 4, 4, 4, 4, 4, 4, 4, 4, 4, 4, 4, 4, 4, 4, 4, 4, 4, 4, 4, 4]
----------------------------- 
-------cBUFFER---------
[0, 98, 0, 104, 105, 0, 97, 0]
-------------------------- 
[RETURN VALUE] [ 4 ] 
--------[EXEC CODE]:
[ a , EQUALS , 2 , MULT , 2 ]
-------------- 


--------------------------[NEW ITERATION]
[ a , EQUALS , 2 , MULT , 2 ] 

[DOING] OPERator at INDEX: 1 <<PRIORITY>> 2 

[TRYING SETTING] [ a ] WITH [ 2 , MULT , 2 ] 


--------------------------[NEW ITERATION]
[ a ] 

[DOING] OPERator at INDEX: -1 <<PRIORITY>> 100 
[ a ] 
6 [3] 
false 


--------------------------[NEW ITERATION]
[ 2 , MULT , 2 ] 

[DOING] OPERator at INDEX: 1 <<PRIORITY>> 14 
 
[TRYING MULTIPLICATE] [ 2 ] WITH [ 2 ] 


--------------------------[NEW ITERATION]
[ 2 ] 

[DOING] OPERator at INDEX: -1 <<PRIORITY>> 100 
[ 2 ] 
3 [3] 
true 
[EXECUTING  METHODE<<2>>]
 
[ a , EQUALS , 2 , MULT , 2 , ; , a , EQUALS , 2 , MULT , 2 , ; ]---------NEW LINE---------
[ a , EQUALS , 2 , MULT , 2 ]
-------------------- 
---------NEW LINE---------
[ a , EQUALS , 2 , MULT , 2 ]
-------------------- 
--------[EXEC CODE]:
[ a , EQUALS , 2 , MULT , 2 ]
-------------- 


--------------------------[NEW ITERATION]
[ a , EQUALS , 2 , MULT , 2 ] 

[DOING] OPERator at INDEX: 1 <<PRIORITY>> 2 

[TRYING SETTING] [ a ] WITH [ 2 , MULT , 2 ] 


--------------------------[NEW ITERATION]
[ a ] 

[DOING] OPERator at INDEX: -1 <<PRIORITY>> 100 
[ a ] 
6 [3] 
false 


--------------------------[NEW ITERATION]
[ 2 , MULT , 2 ] 

[DOING] OPERator at INDEX: 1 <<PRIORITY>> 14 
 
[TRYING MULTIPLICATE] [ 2 ] WITH [ 2 ] 


--------------------------[NEW ITERATION]
[ 2 ] 

[DOING] OPERator at INDEX: -1 <<PRIORITY>> 100 
[ 2 ] 
1 [3] 
false 


--------------------------[NEW ITERATION]
[ 2 ] 

[DOING] OPERator at INDEX: -1 <<PRIORITY>> 100 
[ 2 ] 
2 [3] 
false 
[OPERATION Mult] 
4 
[STORING] id 212 name [ a ] with TOKEN 1111111000000000000000011010100 ON 6 value [ 4 ] 

-------Buffer----------
[2, 2, 2, 2, 2, 4, 4, 4, 4, 4, 4, 4, 4, 4, 4, 4, 4, 4, 4, 4, 4, 4, 4, 4, 4, 4, 4, 4, 4, 4, 4, 4, 4, 4, 4, 4, 4, 4, 4, 4, 4, 4, 4, 4, 4, 4, 4, 4, 4, 4, 4, 4, 4, 4, 4, 4, 4, 4, 4, 4, 4, 4, 4, 4, 4, 4, 4, 4, 4, 4, 4, 4, 4, 4, 4, 4, 4, 4, 4, 4, 4, 4, 4, 4, 4, 4, 4, 4, 4, 4, 4, 4, 4, 4, 4, 4, 4, 4, 4, 4, 4, 4, 4, 4, 4, 4, 4, 4, 4, 4, 4, 4, 4, 4, 4, 4, 4, 4, 4, 4, 4, 4, 4, 4, 4, 4, 4, 4, 4, 4, 4, 4, 4, 4, 4, 4, 4, 4, 4, 4, 4, 4, 4, 4, 4, 4, 4, 4, 4, 4, 4, 4, 4, 4, 4, 4, 4, 4, 4, 4, 4, 4, 4, 4, 4, 4, 4, 4, 4, 4, 4, 4, 4, 4, 4, 4, 4, 4, 4, 4, 4, 4, 4, 4, 4, 4, 4, 4, 4, 4, 4, 4, 4, 4, 4, 4, 4, 4, 4, 4, 4, 4, 4, 4, 4, 4, 4, 4, 4, 4, 4, 4, 4]
----------------------------- 
-------cBUFFER---------
[0, 98, 0, 104, 105, 0, 97, 0]
-------------------------- 
[RETURN VALUE] [ 4 ] 
--------[EXEC CODE]:
[ a , EQUALS , 2 , MULT , 2 ]
-------------- 


--------------------------[NEW ITERATION]
[ a , EQUALS , 2 , MULT , 2 ] 

[DOING] OPERator at INDEX: 1 <<PRIORITY>> 2 

[TRYING SETTING] [ a ] WITH [ 2 , MULT , 2 ] 


--------------------------[NEW ITERATION]
[ a ] 

[DOING] OPERator at INDEX: -1 <<PRIORITY>> 100 
[ a ] 
6 [3] 
false 


--------------------------[NEW ITERATION]
[ 2 , MULT , 2 ] 

[DOING] OPERator at INDEX: 1 <<PRIORITY>> 14 
 
[TRYING MULTIPLICATE] [ 2 ] WITH [ 2 ] 


--------------------------[NEW ITERATION]
[ 2 ] 

[DOING] OPERator at INDEX: -1 <<PRIORITY>> 100 
[ 2 ] 
3 [3] 
true 
[EXECUTING  METHODE<<2>>]
 
[ a , EQUALS , 2 , MULT , 2 , ; , a , EQUALS , 2 , MULT , 2 , ; ]---------NEW LINE---------
[ a , EQUALS , 2 , MULT , 2 ]
-------------------- 
---------NEW LINE---------
[ a , EQUALS , 2 , MULT , 2 ]
-------------------- 
--------[EXEC CODE]:
[ a , EQUALS , 2 , MULT , 2 ]
-------------- 


--------------------------[NEW ITERATION]
[ a , EQUALS , 2 , MULT , 2 ] 

[DOING] OPERator at INDEX: 1 <<PRIORITY>> 2 

[TRYING SETTING] [ a ] WITH [ 2 , MULT , 2 ] 


--------------------------[NEW ITERATION]
[ a ] 

[DOING] OPERator at INDEX: -1 <<PRIORITY>> 100 
[ a ] 
6 [3] 
false 


--------------------------[NEW ITERATION]
[ 2 , MULT , 2 ] 

[DOING] OPERator at INDEX: 1 <<PRIORITY>> 14 
 
[TRYING MULTIPLICATE] [ 2 ] WITH [ 2 ] 


--------------------------[NEW ITERATION]
[ 2 ] 

[DOING] OPERator at INDEX: -1 <<PRIORITY>> 100 
[ 2 ] 
1 [3] 
false 


--------------------------[NEW ITERATION]
[ 2 ] 

[DOING] OPERator at INDEX: -1 <<PRIORITY>> 100 
[ 2 ] 
2 [3] 
false 
[OPERATION Mult] 
4 
[STORING] id 213 name [ a ] with TOKEN 1111111000000000000000011010101 ON 6 value [ 4 ] 

-------Buffer----------
[2, 2, 2, 2, 2, 4, 4, 4, 4, 4, 4, 4, 4, 4, 4, 4, 4, 4, 4, 4, 4, 4, 4, 4, 4, 4, 4, 4, 4, 4, 4, 4, 4, 4, 4, 4, 4, 4, 4, 4, 4, 4, 4, 4, 4, 4, 4, 4, 4, 4, 4, 4, 4, 4, 4, 4, 4, 4, 4, 4, 4, 4, 4, 4, 4, 4, 4, 4, 4, 4, 4, 4, 4, 4, 4, 4, 4, 4, 4, 4, 4, 4, 4, 4, 4, 4, 4, 4, 4, 4, 4, 4, 4, 4, 4, 4, 4, 4, 4, 4, 4, 4, 4, 4, 4, 4, 4, 4, 4, 4, 4, 4, 4, 4, 4, 4, 4, 4, 4, 4, 4, 4, 4, 4, 4, 4, 4, 4, 4, 4, 4, 4, 4, 4, 4, 4, 4, 4, 4, 4, 4, 4, 4, 4, 4, 4, 4, 4, 4, 4, 4, 4, 4, 4, 4, 4, 4, 4, 4, 4, 4, 4, 4, 4, 4, 4, 4, 4, 4, 4, 4, 4, 4, 4, 4, 4, 4, 4, 4, 4, 4, 4, 4, 4, 4, 4, 4, 4, 4, 4, 4, 4, 4, 4, 4, 4, 4, 4, 4, 4, 4, 4, 4, 4, 4, 4, 4, 4, 4, 4, 4, 4, 4, 4]
----------------------------- 
-------cBUFFER---------
[0, 98, 0, 104, 105, 0, 97, 0]
-------------------------- 
[RETURN VALUE] [ 4 ] 
--------[EXEC CODE]:
[ a , EQUALS , 2 , MULT , 2 ]
-------------- 


--------------------------[NEW ITERATION]
[ a , EQUALS , 2 , MULT , 2 ] 

[DOING] OPERator at INDEX: 1 <<PRIORITY>> 2 

[TRYING SETTING] [ a ] WITH [ 2 , MULT , 2 ] 


--------------------------[NEW ITERATION]
[ a ] 

[DOING] OPERator at INDEX: -1 <<PRIORITY>> 100 
[ a ] 
6 [3] 
false 


--------------------------[NEW ITERATION]
[ 2 , MULT , 2 ] 

[DOING] OPERator at INDEX: 1 <<PRIORITY>> 14 
 
[TRYING MULTIPLICATE] [ 2 ] WITH [ 2 ] 


--------------------------[NEW ITERATION]
[ 2 ] 

[DOING] OPERator at INDEX: -1 <<PRIORITY>> 100 
[ 2 ] 
3 [3] 
true 
[EXECUTING  METHODE<<2>>]
 
[ a , EQUALS , 2 , MULT , 2 , ; , a , EQUALS , 2 , MULT , 2 , ; ]---------NEW LINE---------
[ a , EQUALS , 2 , MULT , 2 ]
-------------------- 
---------NEW LINE---------
[ a , EQUALS , 2 , MULT , 2 ]
-------------------- 
--------[EXEC CODE]:
[ a , EQUALS , 2 , MULT , 2 ]
-------------- 


--------------------------[NEW ITERATION]
[ a , EQUALS , 2 , MULT , 2 ] 

[DOING] OPERator at INDEX: 1 <<PRIORITY>> 2 

[TRYING SETTING] [ a ] WITH [ 2 , MULT , 2 ] 


--------------------------[NEW ITERATION]
[ a ] 

[DOING] OPERator at INDEX: -1 <<PRIORITY>> 100 
[ a ] 
6 [3] 
false 


--------------------------[NEW ITERATION]
[ 2 , MULT , 2 ] 

[DOING] OPERator at INDEX: 1 <<PRIORITY>> 14 
 
[TRYING MULTIPLICATE] [ 2 ] WITH [ 2 ] 


--------------------------[NEW ITERATION]
[ 2 ] 

[DOING] OPERator at INDEX: -1 <<PRIORITY>> 100 
[ 2 ] 
1 [3] 
false 


--------------------------[NEW ITERATION]
[ 2 ] 

[DOING] OPERator at INDEX: -1 <<PRIORITY>> 100 
[ 2 ] 
2 [3] 
false 
[OPERATION Mult] 
4 
[STORING] id 214 name [ a ] with TOKEN 1111111000000000000000011010110 ON 6 value [ 4 ] 

-------Buffer----------
[2, 2, 2, 2, 2, 4, 4, 4, 4, 4, 4, 4, 4, 4, 4, 4, 4, 4, 4, 4, 4, 4, 4, 4, 4, 4, 4, 4, 4, 4, 4, 4, 4, 4, 4, 4, 4, 4, 4, 4, 4, 4, 4, 4, 4, 4, 4, 4, 4, 4, 4, 4, 4, 4, 4, 4, 4, 4, 4, 4, 4, 4, 4, 4, 4, 4, 4, 4, 4, 4, 4, 4, 4, 4, 4, 4, 4, 4, 4, 4, 4, 4, 4, 4, 4, 4, 4, 4, 4, 4, 4, 4, 4, 4, 4, 4, 4, 4, 4, 4, 4, 4, 4, 4, 4, 4, 4, 4, 4, 4, 4, 4, 4, 4, 4, 4, 4, 4, 4, 4, 4, 4, 4, 4, 4, 4, 4, 4, 4, 4, 4, 4, 4, 4, 4, 4, 4, 4, 4, 4, 4, 4, 4, 4, 4, 4, 4, 4, 4, 4, 4, 4, 4, 4, 4, 4, 4, 4, 4, 4, 4, 4, 4, 4, 4, 4, 4, 4, 4, 4, 4, 4, 4, 4, 4, 4, 4, 4, 4, 4, 4, 4, 4, 4, 4, 4, 4, 4, 4, 4, 4, 4, 4, 4, 4, 4, 4, 4, 4, 4, 4, 4, 4, 4, 4, 4, 4, 4, 4, 4, 4, 4, 4, 4, 4]
----------------------------- 
-------cBUFFER---------
[0, 98, 0, 104, 105, 0, 97, 0]
-------------------------- 
[RETURN VALUE] [ 4 ] 
--------[EXEC CODE]:
[ a , EQUALS , 2 , MULT , 2 ]
-------------- 


--------------------------[NEW ITERATION]
[ a , EQUALS , 2 , MULT , 2 ] 

[DOING] OPERator at INDEX: 1 <<PRIORITY>> 2 

[TRYING SETTING] [ a ] WITH [ 2 , MULT , 2 ] 


--------------------------[NEW ITERATION]
[ a ] 

[DOING] OPERator at INDEX: -1 <<PRIORITY>> 100 
[ a ] 
6 [3] 
false 


--------------------------[NEW ITERATION]
[ 2 , MULT , 2 ] 

[DOING] OPERator at INDEX: 1 <<PRIORITY>> 14 
 
[TRYING MULTIPLICATE] [ 2 ] WITH [ 2 ] 


--------------------------[NEW ITERATION]
[ 2 ] 

[DOING] OPERator at INDEX: -1 <<PRIORITY>> 100 
[ 2 ] 
3 [3] 
true 
[EXECUTING  METHODE<<2>>]
 
[ a , EQUALS , 2 , MULT , 2 , ; , a , EQUALS , 2 , MULT , 2 , ; ]---------NEW LINE---------
[ a , EQUALS , 2 , MULT , 2 ]
-------------------- 
---------NEW LINE---------
[ a , EQUALS , 2 , MULT , 2 ]
-------------------- 
--------[EXEC CODE]:
[ a , EQUALS , 2 , MULT , 2 ]
-------------- 


--------------------------[NEW ITERATION]
[ a , EQUALS , 2 , MULT , 2 ] 

[DOING] OPERator at INDEX: 1 <<PRIORITY>> 2 

[TRYING SETTING] [ a ] WITH [ 2 , MULT , 2 ] 


--------------------------[NEW ITERATION]
[ a ] 

[DOING] OPERator at INDEX: -1 <<PRIORITY>> 100 
[ a ] 
6 [3] 
false 


--------------------------[NEW ITERATION]
[ 2 , MULT , 2 ] 

[DOING] OPERator at INDEX: 1 <<PRIORITY>> 14 
 
[TRYING MULTIPLICATE] [ 2 ] WITH [ 2 ] 


--------------------------[NEW ITERATION]
[ 2 ] 

[DOING] OPERator at INDEX: -1 <<PRIORITY>> 100 
[ 2 ] 
1 [3] 
false 


--------------------------[NEW ITERATION]
[ 2 ] 

[DOING] OPERator at INDEX: -1 <<PRIORITY>> 100 
[ 2 ] 
2 [3] 
false 
[OPERATION Mult] 
4 
[STORING] id 215 name [ a ] with TOKEN 1111111000000000000000011010111 ON 6 value [ 4 ] 

-------Buffer----------
[2, 2, 2, 2, 2, 4, 4, 4, 4, 4, 4, 4, 4, 4, 4, 4, 4, 4, 4, 4, 4, 4, 4, 4, 4, 4, 4, 4, 4, 4, 4, 4, 4, 4, 4, 4, 4, 4, 4, 4, 4, 4, 4, 4, 4, 4, 4, 4, 4, 4, 4, 4, 4, 4, 4, 4, 4, 4, 4, 4, 4, 4, 4, 4, 4, 4, 4, 4, 4, 4, 4, 4, 4, 4, 4, 4, 4, 4, 4, 4, 4, 4, 4, 4, 4, 4, 4, 4, 4, 4, 4, 4, 4, 4, 4, 4, 4, 4, 4, 4, 4, 4, 4, 4, 4, 4, 4, 4, 4, 4, 4, 4, 4, 4, 4, 4, 4, 4, 4, 4, 4, 4, 4, 4, 4, 4, 4, 4, 4, 4, 4, 4, 4, 4, 4, 4, 4, 4, 4, 4, 4, 4, 4, 4, 4, 4, 4, 4, 4, 4, 4, 4, 4, 4, 4, 4, 4, 4, 4, 4, 4, 4, 4, 4, 4, 4, 4, 4, 4, 4, 4, 4, 4, 4, 4, 4, 4, 4, 4, 4, 4, 4, 4, 4, 4, 4, 4, 4, 4, 4, 4, 4, 4, 4, 4, 4, 4, 4, 4, 4, 4, 4, 4, 4, 4, 4, 4, 4, 4, 4, 4, 4, 4, 4, 4, 4]
----------------------------- 
-------cBUFFER---------
[0, 98, 0, 104, 105, 0, 97, 0]
-------------------------- 
[RETURN VALUE] [ 4 ] 
--------[EXEC CODE]:
[ a , EQUALS , 2 , MULT , 2 ]
-------------- 


--------------------------[NEW ITERATION]
[ a , EQUALS , 2 , MULT , 2 ] 

[DOING] OPERator at INDEX: 1 <<PRIORITY>> 2 

[TRYING SETTING] [ a ] WITH [ 2 , MULT , 2 ] 


--------------------------[NEW ITERATION]
[ a ] 

[DOING] OPERator at INDEX: -1 <<PRIORITY>> 100 
[ a ] 
6 [3] 
false 


--------------------------[NEW ITERATION]
[ 2 , MULT , 2 ] 

[DOING] OPERator at INDEX: 1 <<PRIORITY>> 14 
 
[TRYING MULTIPLICATE] [ 2 ] WITH [ 2 ] 


--------------------------[NEW ITERATION]
[ 2 ] 

[DOING] OPERator at INDEX: -1 <<PRIORITY>> 100 
[ 2 ] 
3 [3] 
true 
[EXECUTING  METHODE<<2>>]
 
[ a , EQUALS , 2 , MULT , 2 , ; , a , EQUALS , 2 , MULT , 2 , ; ]---------NEW LINE---------
[ a , EQUALS , 2 , MULT , 2 ]
-------------------- 
---------NEW LINE---------
[ a , EQUALS , 2 , MULT , 2 ]
-------------------- 
--------[EXEC CODE]:
[ a , EQUALS , 2 , MULT , 2 ]
-------------- 


--------------------------[NEW ITERATION]
[ a , EQUALS , 2 , MULT , 2 ] 

[DOING] OPERator at INDEX: 1 <<PRIORITY>> 2 

[TRYING SETTING] [ a ] WITH [ 2 , MULT , 2 ] 


--------------------------[NEW ITERATION]
[ a ] 

[DOING] OPERator at INDEX: -1 <<PRIORITY>> 100 
[ a ] 
6 [3] 
false 


--------------------------[NEW ITERATION]
[ 2 , MULT , 2 ] 

[DOING] OPERator at INDEX: 1 <<PRIORITY>> 14 
 
[TRYING MULTIPLICATE] [ 2 ] WITH [ 2 ] 


--------------------------[NEW ITERATION]
[ 2 ] 

[DOING] OPERator at INDEX: -1 <<PRIORITY>> 100 
[ 2 ] 
1 [3] 
false 


--------------------------[NEW ITERATION]
[ 2 ] 

[DOING] OPERator at INDEX: -1 <<PRIORITY>> 100 
[ 2 ] 
2 [3] 
false 
[OPERATION Mult] 
4 
[STORING] id 216 name [ a ] with TOKEN 1111111000000000000000011011000 ON 6 value [ 4 ] 

-------Buffer----------
[2, 2, 2, 2, 2, 4, 4, 4, 4, 4, 4, 4, 4, 4, 4, 4, 4, 4, 4, 4, 4, 4, 4, 4, 4, 4, 4, 4, 4, 4, 4, 4, 4, 4, 4, 4, 4, 4, 4, 4, 4, 4, 4, 4, 4, 4, 4, 4, 4, 4, 4, 4, 4, 4, 4, 4, 4, 4, 4, 4, 4, 4, 4, 4, 4, 4, 4, 4, 4, 4, 4, 4, 4, 4, 4, 4, 4, 4, 4, 4, 4, 4, 4, 4, 4, 4, 4, 4, 4, 4, 4, 4, 4, 4, 4, 4, 4, 4, 4, 4, 4, 4, 4, 4, 4, 4, 4, 4, 4, 4, 4, 4, 4, 4, 4, 4, 4, 4, 4, 4, 4, 4, 4, 4, 4, 4, 4, 4, 4, 4, 4, 4, 4, 4, 4, 4, 4, 4, 4, 4, 4, 4, 4, 4, 4, 4, 4, 4, 4, 4, 4, 4, 4, 4, 4, 4, 4, 4, 4, 4, 4, 4, 4, 4, 4, 4, 4, 4, 4, 4, 4, 4, 4, 4, 4, 4, 4, 4, 4, 4, 4, 4, 4, 4, 4, 4, 4, 4, 4, 4, 4, 4, 4, 4, 4, 4, 4, 4, 4, 4, 4, 4, 4, 4, 4, 4, 4, 4, 4, 4, 4, 4, 4, 4, 4, 4, 4]
----------------------------- 
-------cBUFFER---------
[0, 98, 0, 104, 105, 0, 97, 0]
-------------------------- 
[RETURN VALUE] [ 4 ] 
--------[EXEC CODE]:
[ a , EQUALS , 2 , MULT , 2 ]
-------------- 


--------------------------[NEW ITERATION]
[ a , EQUALS , 2 , MULT , 2 ] 

[DOING] OPERator at INDEX: 1 <<PRIORITY>> 2 

[TRYING SETTING] [ a ] WITH [ 2 , MULT , 2 ] 


--------------------------[NEW ITERATION]
[ a ] 

[DOING] OPERator at INDEX: -1 <<PRIORITY>> 100 
[ a ] 
6 [3] 
false 


--------------------------[NEW ITERATION]
[ 2 , MULT , 2 ] 

[DOING] OPERator at INDEX: 1 <<PRIORITY>> 14 
 
[TRYING MULTIPLICATE] [ 2 ] WITH [ 2 ] 


--------------------------[NEW ITERATION]
[ 2 ] 

[DOING] OPERator at INDEX: -1 <<PRIORITY>> 100 
[ 2 ] 
3 [3] 
true 
[EXECUTING  METHODE<<2>>]
 
[ a , EQUALS , 2 , MULT , 2 , ; , a , EQUALS , 2 , MULT , 2 , ; ]---------NEW LINE---------
[ a , EQUALS , 2 , MULT , 2 ]
-------------------- 
---------NEW LINE---------
[ a , EQUALS , 2 , MULT , 2 ]
-------------------- 
--------[EXEC CODE]:
[ a , EQUALS , 2 , MULT , 2 ]
-------------- 


--------------------------[NEW ITERATION]
[ a , EQUALS , 2 , MULT , 2 ] 

[DOING] OPERator at INDEX: 1 <<PRIORITY>> 2 

[TRYING SETTING] [ a ] WITH [ 2 , MULT , 2 ] 


--------------------------[NEW ITERATION]
[ a ] 

[DOING] OPERator at INDEX: -1 <<PRIORITY>> 100 
[ a ] 
6 [3] 
false 


--------------------------[NEW ITERATION]
[ 2 , MULT , 2 ] 

[DOING] OPERator at INDEX: 1 <<PRIORITY>> 14 
 
[TRYING MULTIPLICATE] [ 2 ] WITH [ 2 ] 


--------------------------[NEW ITERATION]
[ 2 ] 

[DOING] OPERator at INDEX: -1 <<PRIORITY>> 100 
[ 2 ] 
1 [3] 
false 


--------------------------[NEW ITERATION]
[ 2 ] 

[DOING] OPERator at INDEX: -1 <<PRIORITY>> 100 
[ 2 ] 
2 [3] 
false 
[OPERATION Mult] 
4 
[STORING] id 217 name [ a ] with TOKEN 1111111000000000000000011011001 ON 6 value [ 4 ] 

-------Buffer----------
[2, 2, 2, 2, 2, 4, 4, 4, 4, 4, 4, 4, 4, 4, 4, 4, 4, 4, 4, 4, 4, 4, 4, 4, 4, 4, 4, 4, 4, 4, 4, 4, 4, 4, 4, 4, 4, 4, 4, 4, 4, 4, 4, 4, 4, 4, 4, 4, 4, 4, 4, 4, 4, 4, 4, 4, 4, 4, 4, 4, 4, 4, 4, 4, 4, 4, 4, 4, 4, 4, 4, 4, 4, 4, 4, 4, 4, 4, 4, 4, 4, 4, 4, 4, 4, 4, 4, 4, 4, 4, 4, 4, 4, 4, 4, 4, 4, 4, 4, 4, 4, 4, 4, 4, 4, 4, 4, 4, 4, 4, 4, 4, 4, 4, 4, 4, 4, 4, 4, 4, 4, 4, 4, 4, 4, 4, 4, 4, 4, 4, 4, 4, 4, 4, 4, 4, 4, 4, 4, 4, 4, 4, 4, 4, 4, 4, 4, 4, 4, 4, 4, 4, 4, 4, 4, 4, 4, 4, 4, 4, 4, 4, 4, 4, 4, 4, 4, 4, 4, 4, 4, 4, 4, 4, 4, 4, 4, 4, 4, 4, 4, 4, 4, 4, 4, 4, 4, 4, 4, 4, 4, 4, 4, 4, 4, 4, 4, 4, 4, 4, 4, 4, 4, 4, 4, 4, 4, 4, 4, 4, 4, 4, 4, 4, 4, 4, 4, 4]
----------------------------- 
-------cBUFFER---------
[0, 98, 0, 104, 105, 0, 97, 0]
-------------------------- 
[RETURN VALUE] [ 4 ] 
--------[EXEC CODE]:
[ a , EQUALS , 2 , MULT , 2 ]
-------------- 


--------------------------[NEW ITERATION]
[ a , EQUALS , 2 , MULT , 2 ] 

[DOING] OPERator at INDEX: 1 <<PRIORITY>> 2 

[TRYING SETTING] [ a ] WITH [ 2 , MULT , 2 ] 


--------------------------[NEW ITERATION]
[ a ] 

[DOING] OPERator at INDEX: -1 <<PRIORITY>> 100 
[ a ] 
6 [3] 
false 


--------------------------[NEW ITERATION]
[ 2 , MULT , 2 ] 

[DOING] OPERator at INDEX: 1 <<PRIORITY>> 14 
 
[TRYING MULTIPLICATE] [ 2 ] WITH [ 2 ] 


--------------------------[NEW ITERATION]
[ 2 ] 

[DOING] OPERator at INDEX: -1 <<PRIORITY>> 100 
[ 2 ] 
3 [3] 
true 
[EXECUTING  METHODE<<2>>]
 
[ a , EQUALS , 2 , MULT , 2 , ; , a , EQUALS , 2 , MULT , 2 , ; ]---------NEW LINE---------
[ a , EQUALS , 2 , MULT , 2 ]
-------------------- 
---------NEW LINE---------
[ a , EQUALS , 2 , MULT , 2 ]
-------------------- 
--------[EXEC CODE]:
[ a , EQUALS , 2 , MULT , 2 ]
-------------- 


--------------------------[NEW ITERATION]
[ a , EQUALS , 2 , MULT , 2 ] 

[DOING] OPERator at INDEX: 1 <<PRIORITY>> 2 

[TRYING SETTING] [ a ] WITH [ 2 , MULT , 2 ] 


--------------------------[NEW ITERATION]
[ a ] 

[DOING] OPERator at INDEX: -1 <<PRIORITY>> 100 
[ a ] 
6 [3] 
false 


--------------------------[NEW ITERATION]
[ 2 , MULT , 2 ] 

[DOING] OPERator at INDEX: 1 <<PRIORITY>> 14 
 
[TRYING MULTIPLICATE] [ 2 ] WITH [ 2 ] 


--------------------------[NEW ITERATION]
[ 2 ] 

[DOING] OPERator at INDEX: -1 <<PRIORITY>> 100 
[ 2 ] 
1 [3] 
false 


--------------------------[NEW ITERATION]
[ 2 ] 

[DOING] OPERator at INDEX: -1 <<PRIORITY>> 100 
[ 2 ] 
2 [3] 
false 
[OPERATION Mult] 
4 
[STORING] id 218 name [ a ] with TOKEN 1111111000000000000000011011010 ON 6 value [ 4 ] 

-------Buffer----------
[2, 2, 2, 2, 2, 4, 4, 4, 4, 4, 4, 4, 4, 4, 4, 4, 4, 4, 4, 4, 4, 4, 4, 4, 4, 4, 4, 4, 4, 4, 4, 4, 4, 4, 4, 4, 4, 4, 4, 4, 4, 4, 4, 4, 4, 4, 4, 4, 4, 4, 4, 4, 4, 4, 4, 4, 4, 4, 4, 4, 4, 4, 4, 4, 4, 4, 4, 4, 4, 4, 4, 4, 4, 4, 4, 4, 4, 4, 4, 4, 4, 4, 4, 4, 4, 4, 4, 4, 4, 4, 4, 4, 4, 4, 4, 4, 4, 4, 4, 4, 4, 4, 4, 4, 4, 4, 4, 4, 4, 4, 4, 4, 4, 4, 4, 4, 4, 4, 4, 4, 4, 4, 4, 4, 4, 4, 4, 4, 4, 4, 4, 4, 4, 4, 4, 4, 4, 4, 4, 4, 4, 4, 4, 4, 4, 4, 4, 4, 4, 4, 4, 4, 4, 4, 4, 4, 4, 4, 4, 4, 4, 4, 4, 4, 4, 4, 4, 4, 4, 4, 4, 4, 4, 4, 4, 4, 4, 4, 4, 4, 4, 4, 4, 4, 4, 4, 4, 4, 4, 4, 4, 4, 4, 4, 4, 4, 4, 4, 4, 4, 4, 4, 4, 4, 4, 4, 4, 4, 4, 4, 4, 4, 4, 4, 4, 4, 4, 4, 4]
----------------------------- 
-------cBUFFER---------
[0, 98, 0, 104, 105, 0, 97, 0]
-------------------------- 
[RETURN VALUE] [ 4 ] 
--------[EXEC CODE]:
[ a , EQUALS , 2 , MULT , 2 ]
-------------- 


--------------------------[NEW ITERATION]
[ a , EQUALS , 2 , MULT , 2 ] 

[DOING] OPERator at INDEX: 1 <<PRIORITY>> 2 

[TRYING SETTING] [ a ] WITH [ 2 , MULT , 2 ] 


--------------------------[NEW ITERATION]
[ a ] 

[DOING] OPERator at INDEX: -1 <<PRIORITY>> 100 
[ a ] 
6 [3] 
false 


--------------------------[NEW ITERATION]
[ 2 , MULT , 2 ] 

[DOING] OPERator at INDEX: 1 <<PRIORITY>> 14 
 
[TRYING MULTIPLICATE] [ 2 ] WITH [ 2 ] 


--------------------------[NEW ITERATION]
[ 2 ] 

[DOING] OPERator at INDEX: -1 <<PRIORITY>> 100 
[ 2 ] 
3 [3] 
true 
[EXECUTING  METHODE<<2>>]
 
[ a , EQUALS , 2 , MULT , 2 , ; , a , EQUALS , 2 , MULT , 2 , ; ]---------NEW LINE---------
[ a , EQUALS , 2 , MULT , 2 ]
-------------------- 
---------NEW LINE---------
[ a , EQUALS , 2 , MULT , 2 ]
-------------------- 
--------[EXEC CODE]:
[ a , EQUALS , 2 , MULT , 2 ]
-------------- 


--------------------------[NEW ITERATION]
[ a , EQUALS , 2 , MULT , 2 ] 

[DOING] OPERator at INDEX: 1 <<PRIORITY>> 2 

[TRYING SETTING] [ a ] WITH [ 2 , MULT , 2 ] 


--------------------------[NEW ITERATION]
[ a ] 

[DOING] OPERator at INDEX: -1 <<PRIORITY>> 100 
[ a ] 
6 [3] 
false 


--------------------------[NEW ITERATION]
[ 2 , MULT , 2 ] 

[DOING] OPERator at INDEX: 1 <<PRIORITY>> 14 
 
[TRYING MULTIPLICATE] [ 2 ] WITH [ 2 ] 


--------------------------[NEW ITERATION]
[ 2 ] 

[DOING] OPERator at INDEX: -1 <<PRIORITY>> 100 
[ 2 ] 
1 [3] 
false 


--------------------------[NEW ITERATION]
[ 2 ] 

[DOING] OPERator at INDEX: -1 <<PRIORITY>> 100 
[ 2 ] 
2 [3] 
false 
[OPERATION Mult] 
4 
[STORING] id 219 name [ a ] with TOKEN 1111111000000000000000011011011 ON 6 value [ 4 ] 

-------Buffer----------
[2, 2, 2, 2, 2, 4, 4, 4, 4, 4, 4, 4, 4, 4, 4, 4, 4, 4, 4, 4, 4, 4, 4, 4, 4, 4, 4, 4, 4, 4, 4, 4, 4, 4, 4, 4, 4, 4, 4, 4, 4, 4, 4, 4, 4, 4, 4, 4, 4, 4, 4, 4, 4, 4, 4, 4, 4, 4, 4, 4, 4, 4, 4, 4, 4, 4, 4, 4, 4, 4, 4, 4, 4, 4, 4, 4, 4, 4, 4, 4, 4, 4, 4, 4, 4, 4, 4, 4, 4, 4, 4, 4, 4, 4, 4, 4, 4, 4, 4, 4, 4, 4, 4, 4, 4, 4, 4, 4, 4, 4, 4, 4, 4, 4, 4, 4, 4, 4, 4, 4, 4, 4, 4, 4, 4, 4, 4, 4, 4, 4, 4, 4, 4, 4, 4, 4, 4, 4, 4, 4, 4, 4, 4, 4, 4, 4, 4, 4, 4, 4, 4, 4, 4, 4, 4, 4, 4, 4, 4, 4, 4, 4, 4, 4, 4, 4, 4, 4, 4, 4, 4, 4, 4, 4, 4, 4, 4, 4, 4, 4, 4, 4, 4, 4, 4, 4, 4, 4, 4, 4, 4, 4, 4, 4, 4, 4, 4, 4, 4, 4, 4, 4, 4, 4, 4, 4, 4, 4, 4, 4, 4, 4, 4, 4, 4, 4, 4, 4, 4, 4]
----------------------------- 
-------cBUFFER---------
[0, 98, 0, 104, 105, 0, 97, 0]
-------------------------- 
[RETURN VALUE] [ 4 ] 
--------[EXEC CODE]:
[ a , EQUALS , 2 , MULT , 2 ]
-------------- 


--------------------------[NEW ITERATION]
[ a , EQUALS , 2 , MULT , 2 ] 

[DOING] OPERator at INDEX: 1 <<PRIORITY>> 2 

[TRYING SETTING] [ a ] WITH [ 2 , MULT , 2 ] 


--------------------------[NEW ITERATION]
[ a ] 

[DOING] OPERator at INDEX: -1 <<PRIORITY>> 100 
[ a ] 
6 [3] 
false 


--------------------------[NEW ITERATION]
[ 2 , MULT , 2 ] 

[DOING] OPERator at INDEX: 1 <<PRIORITY>> 14 
 
[TRYING MULTIPLICATE] [ 2 ] WITH [ 2 ] 


--------------------------[NEW ITERATION]
[ 2 ] 

[DOING] OPERator at INDEX: -1 <<PRIORITY>> 100 
[ 2 ] 
3 [3] 
true 
[EXECUTING  METHODE<<2>>]
 
[ a , EQUALS , 2 , MULT , 2 , ; , a , EQUALS , 2 , MULT , 2 , ; ]---------NEW LINE---------
[ a , EQUALS , 2 , MULT , 2 ]
-------------------- 
---------NEW LINE---------
[ a , EQUALS , 2 , MULT , 2 ]
-------------------- 
--------[EXEC CODE]:
[ a , EQUALS , 2 , MULT , 2 ]
-------------- 


--------------------------[NEW ITERATION]
[ a , EQUALS , 2 , MULT , 2 ] 

[DOING] OPERator at INDEX: 1 <<PRIORITY>> 2 

[TRYING SETTING] [ a ] WITH [ 2 , MULT , 2 ] 


--------------------------[NEW ITERATION]
[ a ] 

[DOING] OPERator at INDEX: -1 <<PRIORITY>> 100 
[ a ] 
6 [3] 
false 


--------------------------[NEW ITERATION]
[ 2 , MULT , 2 ] 

[DOING] OPERator at INDEX: 1 <<PRIORITY>> 14 
 
[TRYING MULTIPLICATE] [ 2 ] WITH [ 2 ] 


--------------------------[NEW ITERATION]
[ 2 ] 

[DOING] OPERator at INDEX: -1 <<PRIORITY>> 100 
[ 2 ] 
1 [3] 
false 


--------------------------[NEW ITERATION]
[ 2 ] 

[DOING] OPERator at INDEX: -1 <<PRIORITY>> 100 
[ 2 ] 
2 [3] 
false 
[OPERATION Mult] 
4 
[STORING] id 220 name [ a ] with TOKEN 1111111000000000000000011011100 ON 6 value [ 4 ] 

-------Buffer----------
[2, 2, 2, 2, 2, 4, 4, 4, 4, 4, 4, 4, 4, 4, 4, 4, 4, 4, 4, 4, 4, 4, 4, 4, 4, 4, 4, 4, 4, 4, 4, 4, 4, 4, 4, 4, 4, 4, 4, 4, 4, 4, 4, 4, 4, 4, 4, 4, 4, 4, 4, 4, 4, 4, 4, 4, 4, 4, 4, 4, 4, 4, 4, 4, 4, 4, 4, 4, 4, 4, 4, 4, 4, 4, 4, 4, 4, 4, 4, 4, 4, 4, 4, 4, 4, 4, 4, 4, 4, 4, 4, 4, 4, 4, 4, 4, 4, 4, 4, 4, 4, 4, 4, 4, 4, 4, 4, 4, 4, 4, 4, 4, 4, 4, 4, 4, 4, 4, 4, 4, 4, 4, 4, 4, 4, 4, 4, 4, 4, 4, 4, 4, 4, 4, 4, 4, 4, 4, 4, 4, 4, 4, 4, 4, 4, 4, 4, 4, 4, 4, 4, 4, 4, 4, 4, 4, 4, 4, 4, 4, 4, 4, 4, 4, 4, 4, 4, 4, 4, 4, 4, 4, 4, 4, 4, 4, 4, 4, 4, 4, 4, 4, 4, 4, 4, 4, 4, 4, 4, 4, 4, 4, 4, 4, 4, 4, 4, 4, 4, 4, 4, 4, 4, 4, 4, 4, 4, 4, 4, 4, 4, 4, 4, 4, 4, 4, 4, 4, 4, 4, 4]
----------------------------- 
-------cBUFFER---------
[0, 98, 0, 104, 105, 0, 97, 0]
-------------------------- 
[RETURN VALUE] [ 4 ] 
--------[EXEC CODE]:
[ a , EQUALS , 2 , MULT , 2 ]
-------------- 


--------------------------[NEW ITERATION]
[ a , EQUALS , 2 , MULT , 2 ] 

[DOING] OPERator at INDEX: 1 <<PRIORITY>> 2 

[TRYING SETTING] [ a ] WITH [ 2 , MULT , 2 ] 


--------------------------[NEW ITERATION]
[ a ] 

[DOING] OPERator at INDEX: -1 <<PRIORITY>> 100 
[ a ] 
6 [3] 
false 


--------------------------[NEW ITERATION]
[ 2 , MULT , 2 ] 

[DOING] OPERator at INDEX: 1 <<PRIORITY>> 14 
 
[TRYING MULTIPLICATE] [ 2 ] WITH [ 2 ] 


--------------------------[NEW ITERATION]
[ 2 ] 

[DOING] OPERator at INDEX: -1 <<PRIORITY>> 100 
[ 2 ] 
3 [3] 
true 
[EXECUTING  METHODE<<2>>]
 
[ a , EQUALS , 2 , MULT , 2 , ; , a , EQUALS , 2 , MULT , 2 , ; ]---------NEW LINE---------
[ a , EQUALS , 2 , MULT , 2 ]
-------------------- 
---------NEW LINE---------
[ a , EQUALS , 2 , MULT , 2 ]
-------------------- 
--------[EXEC CODE]:
[ a , EQUALS , 2 , MULT , 2 ]
-------------- 


--------------------------[NEW ITERATION]
[ a , EQUALS , 2 , MULT , 2 ] 

[DOING] OPERator at INDEX: 1 <<PRIORITY>> 2 

[TRYING SETTING] [ a ] WITH [ 2 , MULT , 2 ] 


--------------------------[NEW ITERATION]
[ a ] 

[DOING] OPERator at INDEX: -1 <<PRIORITY>> 100 
[ a ] 
6 [3] 
false 


--------------------------[NEW ITERATION]
[ 2 , MULT , 2 ] 

[DOING] OPERator at INDEX: 1 <<PRIORITY>> 14 
 
[TRYING MULTIPLICATE] [ 2 ] WITH [ 2 ] 


--------------------------[NEW ITERATION]
[ 2 ] 

[DOING] OPERator at INDEX: -1 <<PRIORITY>> 100 
[ 2 ] 
1 [3] 
false 


--------------------------[NEW ITERATION]
[ 2 ] 

[DOING] OPERator at INDEX: -1 <<PRIORITY>> 100 
[ 2 ] 
2 [3] 
false 
[OPERATION Mult] 
4 
[STORING] id 221 name [ a ] with TOKEN 1111111000000000000000011011101 ON 6 value [ 4 ] 

-------Buffer----------
[2, 2, 2, 2, 2, 4, 4, 4, 4, 4, 4, 4, 4, 4, 4, 4, 4, 4, 4, 4, 4, 4, 4, 4, 4, 4, 4, 4, 4, 4, 4, 4, 4, 4, 4, 4, 4, 4, 4, 4, 4, 4, 4, 4, 4, 4, 4, 4, 4, 4, 4, 4, 4, 4, 4, 4, 4, 4, 4, 4, 4, 4, 4, 4, 4, 4, 4, 4, 4, 4, 4, 4, 4, 4, 4, 4, 4, 4, 4, 4, 4, 4, 4, 4, 4, 4, 4, 4, 4, 4, 4, 4, 4, 4, 4, 4, 4, 4, 4, 4, 4, 4, 4, 4, 4, 4, 4, 4, 4, 4, 4, 4, 4, 4, 4, 4, 4, 4, 4, 4, 4, 4, 4, 4, 4, 4, 4, 4, 4, 4, 4, 4, 4, 4, 4, 4, 4, 4, 4, 4, 4, 4, 4, 4, 4, 4, 4, 4, 4, 4, 4, 4, 4, 4, 4, 4, 4, 4, 4, 4, 4, 4, 4, 4, 4, 4, 4, 4, 4, 4, 4, 4, 4, 4, 4, 4, 4, 4, 4, 4, 4, 4, 4, 4, 4, 4, 4, 4, 4, 4, 4, 4, 4, 4, 4, 4, 4, 4, 4, 4, 4, 4, 4, 4, 4, 4, 4, 4, 4, 4, 4, 4, 4, 4, 4, 4, 4, 4, 4, 4, 4, 4]
----------------------------- 
-------cBUFFER---------
[0, 98, 0, 104, 105, 0, 97, 0]
-------------------------- 
[RETURN VALUE] [ 4 ] 
--------[EXEC CODE]:
[ a , EQUALS , 2 , MULT , 2 ]
-------------- 


--------------------------[NEW ITERATION]
[ a , EQUALS , 2 , MULT , 2 ] 

[DOING] OPERator at INDEX: 1 <<PRIORITY>> 2 

[TRYING SETTING] [ a ] WITH [ 2 , MULT , 2 ] 


--------------------------[NEW ITERATION]
[ a ] 

[DOING] OPERator at INDEX: -1 <<PRIORITY>> 100 
[ a ] 
6 [3] 
false 


--------------------------[NEW ITERATION]
[ 2 , MULT , 2 ] 

[DOING] OPERator at INDEX: 1 <<PRIORITY>> 14 
 
[TRYING MULTIPLICATE] [ 2 ] WITH [ 2 ] 


--------------------------[NEW ITERATION]
[ 2 ] 

[DOING] OPERator at INDEX: -1 <<PRIORITY>> 100 
[ 2 ] 
3 [3] 
true 
[EXECUTING  METHODE<<2>>]
 
[ a , EQUALS , 2 , MULT , 2 , ; , a , EQUALS , 2 , MULT , 2 , ; ]---------NEW LINE---------
[ a , EQUALS , 2 , MULT , 2 ]
-------------------- 
---------NEW LINE---------
[ a , EQUALS , 2 , MULT , 2 ]
-------------------- 
--------[EXEC CODE]:
[ a , EQUALS , 2 , MULT , 2 ]
-------------- 


--------------------------[NEW ITERATION]
[ a , EQUALS , 2 , MULT , 2 ] 

[DOING] OPERator at INDEX: 1 <<PRIORITY>> 2 

[TRYING SETTING] [ a ] WITH [ 2 , MULT , 2 ] 


--------------------------[NEW ITERATION]
[ a ] 

[DOING] OPERator at INDEX: -1 <<PRIORITY>> 100 
[ a ] 
6 [3] 
false 


--------------------------[NEW ITERATION]
[ 2 , MULT , 2 ] 

[DOING] OPERator at INDEX: 1 <<PRIORITY>> 14 
 
[TRYING MULTIPLICATE] [ 2 ] WITH [ 2 ] 


--------------------------[NEW ITERATION]
[ 2 ] 

[DOING] OPERator at INDEX: -1 <<PRIORITY>> 100 
[ 2 ] 
1 [3] 
false 


--------------------------[NEW ITERATION]
[ 2 ] 

[DOING] OPERator at INDEX: -1 <<PRIORITY>> 100 
[ 2 ] 
2 [3] 
false 
[OPERATION Mult] 
4 
[STORING] id 222 name [ a ] with TOKEN 1111111000000000000000011011110 ON 6 value [ 4 ] 

-------Buffer----------
[2, 2, 2, 2, 2, 4, 4, 4, 4, 4, 4, 4, 4, 4, 4, 4, 4, 4, 4, 4, 4, 4, 4, 4, 4, 4, 4, 4, 4, 4, 4, 4, 4, 4, 4, 4, 4, 4, 4, 4, 4, 4, 4, 4, 4, 4, 4, 4, 4, 4, 4, 4, 4, 4, 4, 4, 4, 4, 4, 4, 4, 4, 4, 4, 4, 4, 4, 4, 4, 4, 4, 4, 4, 4, 4, 4, 4, 4, 4, 4, 4, 4, 4, 4, 4, 4, 4, 4, 4, 4, 4, 4, 4, 4, 4, 4, 4, 4, 4, 4, 4, 4, 4, 4, 4, 4, 4, 4, 4, 4, 4, 4, 4, 4, 4, 4, 4, 4, 4, 4, 4, 4, 4, 4, 4, 4, 4, 4, 4, 4, 4, 4, 4, 4, 4, 4, 4, 4, 4, 4, 4, 4, 4, 4, 4, 4, 4, 4, 4, 4, 4, 4, 4, 4, 4, 4, 4, 4, 4, 4, 4, 4, 4, 4, 4, 4, 4, 4, 4, 4, 4, 4, 4, 4, 4, 4, 4, 4, 4, 4, 4, 4, 4, 4, 4, 4, 4, 4, 4, 4, 4, 4, 4, 4, 4, 4, 4, 4, 4, 4, 4, 4, 4, 4, 4, 4, 4, 4, 4, 4, 4, 4, 4, 4, 4, 4, 4, 4, 4, 4, 4, 4, 4]
----------------------------- 
-------cBUFFER---------
[0, 98, 0, 104, 105, 0, 97, 0]
-------------------------- 
[RETURN VALUE] [ 4 ] 
--------[EXEC CODE]:
[ a , EQUALS , 2 , MULT , 2 ]
-------------- 


--------------------------[NEW ITERATION]
[ a , EQUALS , 2 , MULT , 2 ] 

[DOING] OPERator at INDEX: 1 <<PRIORITY>> 2 

[TRYING SETTING] [ a ] WITH [ 2 , MULT , 2 ] 


--------------------------[NEW ITERATION]
[ a ] 

[DOING] OPERator at INDEX: -1 <<PRIORITY>> 100 
[ a ] 
6 [3] 
false 


--------------------------[NEW ITERATION]
[ 2 , MULT , 2 ] 

[DOING] OPERator at INDEX: 1 <<PRIORITY>> 14 
 
[TRYING MULTIPLICATE] [ 2 ] WITH [ 2 ] 


--------------------------[NEW ITERATION]
[ 2 ] 

[DOING] OPERator at INDEX: -1 <<PRIORITY>> 100 
[ 2 ] 
3 [3] 
true 
[EXECUTING  METHODE<<2>>]
 
[ a , EQUALS , 2 , MULT , 2 , ; , a , EQUALS , 2 , MULT , 2 , ; ]---------NEW LINE---------
[ a , EQUALS , 2 , MULT , 2 ]
-------------------- 
---------NEW LINE---------
[ a , EQUALS , 2 , MULT , 2 ]
-------------------- 
--------[EXEC CODE]:
[ a , EQUALS , 2 , MULT , 2 ]
-------------- 


--------------------------[NEW ITERATION]
[ a , EQUALS , 2 , MULT , 2 ] 

[DOING] OPERator at INDEX: 1 <<PRIORITY>> 2 

[TRYING SETTING] [ a ] WITH [ 2 , MULT , 2 ] 


--------------------------[NEW ITERATION]
[ a ] 

[DOING] OPERator at INDEX: -1 <<PRIORITY>> 100 
[ a ] 
6 [3] 
false 


--------------------------[NEW ITERATION]
[ 2 , MULT , 2 ] 

[DOING] OPERator at INDEX: 1 <<PRIORITY>> 14 
 
[TRYING MULTIPLICATE] [ 2 ] WITH [ 2 ] 


--------------------------[NEW ITERATION]
[ 2 ] 

[DOING] OPERator at INDEX: -1 <<PRIORITY>> 100 
[ 2 ] 
1 [3] 
false 


--------------------------[NEW ITERATION]
[ 2 ] 

[DOING] OPERator at INDEX: -1 <<PRIORITY>> 100 
[ 2 ] 
2 [3] 
false 
[OPERATION Mult] 
4 
[STORING] id 223 name [ a ] with TOKEN 1111111000000000000000011011111 ON 6 value [ 4 ] 

-------Buffer----------
[2, 2, 2, 2, 2, 4, 4, 4, 4, 4, 4, 4, 4, 4, 4, 4, 4, 4, 4, 4, 4, 4, 4, 4, 4, 4, 4, 4, 4, 4, 4, 4, 4, 4, 4, 4, 4, 4, 4, 4, 4, 4, 4, 4, 4, 4, 4, 4, 4, 4, 4, 4, 4, 4, 4, 4, 4, 4, 4, 4, 4, 4, 4, 4, 4, 4, 4, 4, 4, 4, 4, 4, 4, 4, 4, 4, 4, 4, 4, 4, 4, 4, 4, 4, 4, 4, 4, 4, 4, 4, 4, 4, 4, 4, 4, 4, 4, 4, 4, 4, 4, 4, 4, 4, 4, 4, 4, 4, 4, 4, 4, 4, 4, 4, 4, 4, 4, 4, 4, 4, 4, 4, 4, 4, 4, 4, 4, 4, 4, 4, 4, 4, 4, 4, 4, 4, 4, 4, 4, 4, 4, 4, 4, 4, 4, 4, 4, 4, 4, 4, 4, 4, 4, 4, 4, 4, 4, 4, 4, 4, 4, 4, 4, 4, 4, 4, 4, 4, 4, 4, 4, 4, 4, 4, 4, 4, 4, 4, 4, 4, 4, 4, 4, 4, 4, 4, 4, 4, 4, 4, 4, 4, 4, 4, 4, 4, 4, 4, 4, 4, 4, 4, 4, 4, 4, 4, 4, 4, 4, 4, 4, 4, 4, 4, 4, 4, 4, 4, 4, 4, 4, 4, 4, 4]
----------------------------- 
-------cBUFFER---------
[0, 98, 0, 104, 105, 0, 97, 0]
-------------------------- 
[RETURN VALUE] [ 4 ] 
--------[EXEC CODE]:
[ a , EQUALS , 2 , MULT , 2 ]
-------------- 


--------------------------[NEW ITERATION]
[ a , EQUALS , 2 , MULT , 2 ] 

[DOING] OPERator at INDEX: 1 <<PRIORITY>> 2 

[TRYING SETTING] [ a ] WITH [ 2 , MULT , 2 ] 


--------------------------[NEW ITERATION]
[ a ] 

[DOING] OPERator at INDEX: -1 <<PRIORITY>> 100 
[ a ] 
6 [3] 
false 


--------------------------[NEW ITERATION]
[ 2 , MULT , 2 ] 

[DOING] OPERator at INDEX: 1 <<PRIORITY>> 14 
 
[TRYING MULTIPLICATE] [ 2 ] WITH [ 2 ] 


--------------------------[NEW ITERATION]
[ 2 ] 

[DOING] OPERator at INDEX: -1 <<PRIORITY>> 100 
[ 2 ] 
3 [3] 
true 
[EXECUTING  METHODE<<2>>]
 
[ a , EQUALS , 2 , MULT , 2 , ; , a , EQUALS , 2 , MULT , 2 , ; ]---------NEW LINE---------
[ a , EQUALS , 2 , MULT , 2 ]
-------------------- 
---------NEW LINE---------
[ a , EQUALS , 2 , MULT , 2 ]
-------------------- 
--------[EXEC CODE]:
[ a , EQUALS , 2 , MULT , 2 ]
-------------- 


--------------------------[NEW ITERATION]
[ a , EQUALS , 2 , MULT , 2 ] 

[DOING] OPERator at INDEX: 1 <<PRIORITY>> 2 

[TRYING SETTING] [ a ] WITH [ 2 , MULT , 2 ] 


--------------------------[NEW ITERATION]
[ a ] 

[DOING] OPERator at INDEX: -1 <<PRIORITY>> 100 
[ a ] 
6 [3] 
false 


--------------------------[NEW ITERATION]
[ 2 , MULT , 2 ] 

[DOING] OPERator at INDEX: 1 <<PRIORITY>> 14 
 
[TRYING MULTIPLICATE] [ 2 ] WITH [ 2 ] 


--------------------------[NEW ITERATION]
[ 2 ] 

[DOING] OPERator at INDEX: -1 <<PRIORITY>> 100 
[ 2 ] 
1 [3] 
false 


--------------------------[NEW ITERATION]
[ 2 ] 

[DOING] OPERator at INDEX: -1 <<PRIORITY>> 100 
[ 2 ] 
2 [3] 
false 
[OPERATION Mult] 
4 
[STORING] id 224 name [ a ] with TOKEN 1111111000000000000000011100000 ON 6 value [ 4 ] 

-------Buffer----------
[2, 2, 2, 2, 2, 4, 4, 4, 4, 4, 4, 4, 4, 4, 4, 4, 4, 4, 4, 4, 4, 4, 4, 4, 4, 4, 4, 4, 4, 4, 4, 4, 4, 4, 4, 4, 4, 4, 4, 4, 4, 4, 4, 4, 4, 4, 4, 4, 4, 4, 4, 4, 4, 4, 4, 4, 4, 4, 4, 4, 4, 4, 4, 4, 4, 4, 4, 4, 4, 4, 4, 4, 4, 4, 4, 4, 4, 4, 4, 4, 4, 4, 4, 4, 4, 4, 4, 4, 4, 4, 4, 4, 4, 4, 4, 4, 4, 4, 4, 4, 4, 4, 4, 4, 4, 4, 4, 4, 4, 4, 4, 4, 4, 4, 4, 4, 4, 4, 4, 4, 4, 4, 4, 4, 4, 4, 4, 4, 4, 4, 4, 4, 4, 4, 4, 4, 4, 4, 4, 4, 4, 4, 4, 4, 4, 4, 4, 4, 4, 4, 4, 4, 4, 4, 4, 4, 4, 4, 4, 4, 4, 4, 4, 4, 4, 4, 4, 4, 4, 4, 4, 4, 4, 4, 4, 4, 4, 4, 4, 4, 4, 4, 4, 4, 4, 4, 4, 4, 4, 4, 4, 4, 4, 4, 4, 4, 4, 4, 4, 4, 4, 4, 4, 4, 4, 4, 4, 4, 4, 4, 4, 4, 4, 4, 4, 4, 4, 4, 4, 4, 4, 4, 4, 4, 4]
----------------------------- 
-------cBUFFER---------
[0, 98, 0, 104, 105, 0, 97, 0]
-------------------------- 
[RETURN VALUE] [ 4 ] 
--------[EXEC CODE]:
[ a , EQUALS , 2 , MULT , 2 ]
-------------- 


--------------------------[NEW ITERATION]
[ a , EQUALS , 2 , MULT , 2 ] 

[DOING] OPERator at INDEX: 1 <<PRIORITY>> 2 

[TRYING SETTING] [ a ] WITH [ 2 , MULT , 2 ] 


--------------------------[NEW ITERATION]
[ a ] 

[DOING] OPERator at INDEX: -1 <<PRIORITY>> 100 
[ a ] 
6 [3] 
false 


--------------------------[NEW ITERATION]
[ 2 , MULT , 2 ] 

[DOING] OPERator at INDEX: 1 <<PRIORITY>> 14 
 
[TRYING MULTIPLICATE] [ 2 ] WITH [ 2 ] 


--------------------------[NEW ITERATION]
[ 2 ] 

[DOING] OPERator at INDEX: -1 <<PRIORITY>> 100 
[ 2 ] 
3 [3] 
true 
[EXECUTING  METHODE<<2>>]
 
[ a , EQUALS , 2 , MULT , 2 , ; , a , EQUALS , 2 , MULT , 2 , ; ]---------NEW LINE---------
[ a , EQUALS , 2 , MULT , 2 ]
-------------------- 
---------NEW LINE---------
[ a , EQUALS , 2 , MULT , 2 ]
-------------------- 
--------[EXEC CODE]:
[ a , EQUALS , 2 , MULT , 2 ]
-------------- 


--------------------------[NEW ITERATION]
[ a , EQUALS , 2 , MULT , 2 ] 

[DOING] OPERator at INDEX: 1 <<PRIORITY>> 2 

[TRYING SETTING] [ a ] WITH [ 2 , MULT , 2 ] 


--------------------------[NEW ITERATION]
[ a ] 

[DOING] OPERator at INDEX: -1 <<PRIORITY>> 100 
[ a ] 
6 [3] 
false 


--------------------------[NEW ITERATION]
[ 2 , MULT , 2 ] 

[DOING] OPERator at INDEX: 1 <<PRIORITY>> 14 
 
[TRYING MULTIPLICATE] [ 2 ] WITH [ 2 ] 


--------------------------[NEW ITERATION]
[ 2 ] 

[DOING] OPERator at INDEX: -1 <<PRIORITY>> 100 
[ 2 ] 
1 [3] 
false 


--------------------------[NEW ITERATION]
[ 2 ] 

[DOING] OPERator at INDEX: -1 <<PRIORITY>> 100 
[ 2 ] 
2 [3] 
false 
[OPERATION Mult] 
4 
[STORING] id 225 name [ a ] with TOKEN 1111111000000000000000011100001 ON 6 value [ 4 ] 

-------Buffer----------
[2, 2, 2, 2, 2, 4, 4, 4, 4, 4, 4, 4, 4, 4, 4, 4, 4, 4, 4, 4, 4, 4, 4, 4, 4, 4, 4, 4, 4, 4, 4, 4, 4, 4, 4, 4, 4, 4, 4, 4, 4, 4, 4, 4, 4, 4, 4, 4, 4, 4, 4, 4, 4, 4, 4, 4, 4, 4, 4, 4, 4, 4, 4, 4, 4, 4, 4, 4, 4, 4, 4, 4, 4, 4, 4, 4, 4, 4, 4, 4, 4, 4, 4, 4, 4, 4, 4, 4, 4, 4, 4, 4, 4, 4, 4, 4, 4, 4, 4, 4, 4, 4, 4, 4, 4, 4, 4, 4, 4, 4, 4, 4, 4, 4, 4, 4, 4, 4, 4, 4, 4, 4, 4, 4, 4, 4, 4, 4, 4, 4, 4, 4, 4, 4, 4, 4, 4, 4, 4, 4, 4, 4, 4, 4, 4, 4, 4, 4, 4, 4, 4, 4, 4, 4, 4, 4, 4, 4, 4, 4, 4, 4, 4, 4, 4, 4, 4, 4, 4, 4, 4, 4, 4, 4, 4, 4, 4, 4, 4, 4, 4, 4, 4, 4, 4, 4, 4, 4, 4, 4, 4, 4, 4, 4, 4, 4, 4, 4, 4, 4, 4, 4, 4, 4, 4, 4, 4, 4, 4, 4, 4, 4, 4, 4, 4, 4, 4, 4, 4, 4, 4, 4, 4, 4, 4, 4]
----------------------------- 
-------cBUFFER---------
[0, 98, 0, 104, 105, 0, 97, 0]
-------------------------- 
[RETURN VALUE] [ 4 ] 
--------[EXEC CODE]:
[ a , EQUALS , 2 , MULT , 2 ]
-------------- 


--------------------------[NEW ITERATION]
[ a , EQUALS , 2 , MULT , 2 ] 

[DOING] OPERator at INDEX: 1 <<PRIORITY>> 2 

[TRYING SETTING] [ a ] WITH [ 2 , MULT , 2 ] 


--------------------------[NEW ITERATION]
[ a ] 

[DOING] OPERator at INDEX: -1 <<PRIORITY>> 100 
[ a ] 
6 [3] 
false 


--------------------------[NEW ITERATION]
[ 2 , MULT , 2 ] 

[DOING] OPERator at INDEX: 1 <<PRIORITY>> 14 
 
[TRYING MULTIPLICATE] [ 2 ] WITH [ 2 ] 


--------------------------[NEW ITERATION]
[ 2 ] 

[DOING] OPERator at INDEX: -1 <<PRIORITY>> 100 
[ 2 ] 
3 [3] 
true 
[EXECUTING  METHODE<<2>>]
 
[ a , EQUALS , 2 , MULT , 2 , ; , a , EQUALS , 2 , MULT , 2 , ; ]---------NEW LINE---------
[ a , EQUALS , 2 , MULT , 2 ]
-------------------- 
---------NEW LINE---------
[ a , EQUALS , 2 , MULT , 2 ]
-------------------- 
--------[EXEC CODE]:
[ a , EQUALS , 2 , MULT , 2 ]
-------------- 


--------------------------[NEW ITERATION]
[ a , EQUALS , 2 , MULT , 2 ] 

[DOING] OPERator at INDEX: 1 <<PRIORITY>> 2 

[TRYING SETTING] [ a ] WITH [ 2 , MULT , 2 ] 


--------------------------[NEW ITERATION]
[ a ] 

[DOING] OPERator at INDEX: -1 <<PRIORITY>> 100 
[ a ] 
6 [3] 
false 


--------------------------[NEW ITERATION]
[ 2 , MULT , 2 ] 

[DOING] OPERator at INDEX: 1 <<PRIORITY>> 14 
 
[TRYING MULTIPLICATE] [ 2 ] WITH [ 2 ] 


--------------------------[NEW ITERATION]
[ 2 ] 

[DOING] OPERator at INDEX: -1 <<PRIORITY>> 100 
[ 2 ] 
1 [3] 
false 


--------------------------[NEW ITERATION]
[ 2 ] 

[DOING] OPERator at INDEX: -1 <<PRIORITY>> 100 
[ 2 ] 
2 [3] 
false 
[OPERATION Mult] 
4 
[STORING] id 226 name [ a ] with TOKEN 1111111000000000000000011100010 ON 6 value [ 4 ] 

-------Buffer----------
[2, 2, 2, 2, 2, 4, 4, 4, 4, 4, 4, 4, 4, 4, 4, 4, 4, 4, 4, 4, 4, 4, 4, 4, 4, 4, 4, 4, 4, 4, 4, 4, 4, 4, 4, 4, 4, 4, 4, 4, 4, 4, 4, 4, 4, 4, 4, 4, 4, 4, 4, 4, 4, 4, 4, 4, 4, 4, 4, 4, 4, 4, 4, 4, 4, 4, 4, 4, 4, 4, 4, 4, 4, 4, 4, 4, 4, 4, 4, 4, 4, 4, 4, 4, 4, 4, 4, 4, 4, 4, 4, 4, 4, 4, 4, 4, 4, 4, 4, 4, 4, 4, 4, 4, 4, 4, 4, 4, 4, 4, 4, 4, 4, 4, 4, 4, 4, 4, 4, 4, 4, 4, 4, 4, 4, 4, 4, 4, 4, 4, 4, 4, 4, 4, 4, 4, 4, 4, 4, 4, 4, 4, 4, 4, 4, 4, 4, 4, 4, 4, 4, 4, 4, 4, 4, 4, 4, 4, 4, 4, 4, 4, 4, 4, 4, 4, 4, 4, 4, 4, 4, 4, 4, 4, 4, 4, 4, 4, 4, 4, 4, 4, 4, 4, 4, 4, 4, 4, 4, 4, 4, 4, 4, 4, 4, 4, 4, 4, 4, 4, 4, 4, 4, 4, 4, 4, 4, 4, 4, 4, 4, 4, 4, 4, 4, 4, 4, 4, 4, 4, 4, 4, 4, 4, 4, 4, 4]
----------------------------- 
-------cBUFFER---------
[0, 98, 0, 104, 105, 0, 97, 0]
-------------------------- 
[RETURN VALUE] [ 4 ] 
--------[EXEC CODE]:
[ a , EQUALS , 2 , MULT , 2 ]
-------------- 


--------------------------[NEW ITERATION]
[ a , EQUALS , 2 , MULT , 2 ] 

[DOING] OPERator at INDEX: 1 <<PRIORITY>> 2 

[TRYING SETTING] [ a ] WITH [ 2 , MULT , 2 ] 


--------------------------[NEW ITERATION]
[ a ] 

[DOING] OPERator at INDEX: -1 <<PRIORITY>> 100 
[ a ] 
6 [3] 
false 


--------------------------[NEW ITERATION]
[ 2 , MULT , 2 ] 

[DOING] OPERator at INDEX: 1 <<PRIORITY>> 14 
 
[TRYING MULTIPLICATE] [ 2 ] WITH [ 2 ] 


--------------------------[NEW ITERATION]
[ 2 ] 

[DOING] OPERator at INDEX: -1 <<PRIORITY>> 100 
[ 2 ] 
3 [3] 
true 
[EXECUTING  METHODE<<2>>]
 
[ a , EQUALS , 2 , MULT , 2 , ; , a , EQUALS , 2 , MULT , 2 , ; ]---------NEW LINE---------
[ a , EQUALS , 2 , MULT , 2 ]
-------------------- 
---------NEW LINE---------
[ a , EQUALS , 2 , MULT , 2 ]
-------------------- 
--------[EXEC CODE]:
[ a , EQUALS , 2 , MULT , 2 ]
-------------- 


--------------------------[NEW ITERATION]
[ a , EQUALS , 2 , MULT , 2 ] 

[DOING] OPERator at INDEX: 1 <<PRIORITY>> 2 

[TRYING SETTING] [ a ] WITH [ 2 , MULT , 2 ] 


--------------------------[NEW ITERATION]
[ a ] 

[DOING] OPERator at INDEX: -1 <<PRIORITY>> 100 
[ a ] 
6 [3] 
false 


--------------------------[NEW ITERATION]
[ 2 , MULT , 2 ] 

[DOING] OPERator at INDEX: 1 <<PRIORITY>> 14 
 
[TRYING MULTIPLICATE] [ 2 ] WITH [ 2 ] 


--------------------------[NEW ITERATION]
[ 2 ] 

[DOING] OPERator at INDEX: -1 <<PRIORITY>> 100 
[ 2 ] 
1 [3] 
false 


--------------------------[NEW ITERATION]
[ 2 ] 

[DOING] OPERator at INDEX: -1 <<PRIORITY>> 100 
[ 2 ] 
2 [3] 
false 
[OPERATION Mult] 
4 
[STORING] id 227 name [ a ] with TOKEN 1111111000000000000000011100011 ON 6 value [ 4 ] 

-------Buffer----------
[2, 2, 2, 2, 2, 4, 4, 4, 4, 4, 4, 4, 4, 4, 4, 4, 4, 4, 4, 4, 4, 4, 4, 4, 4, 4, 4, 4, 4, 4, 4, 4, 4, 4, 4, 4, 4, 4, 4, 4, 4, 4, 4, 4, 4, 4, 4, 4, 4, 4, 4, 4, 4, 4, 4, 4, 4, 4, 4, 4, 4, 4, 4, 4, 4, 4, 4, 4, 4, 4, 4, 4, 4, 4, 4, 4, 4, 4, 4, 4, 4, 4, 4, 4, 4, 4, 4, 4, 4, 4, 4, 4, 4, 4, 4, 4, 4, 4, 4, 4, 4, 4, 4, 4, 4, 4, 4, 4, 4, 4, 4, 4, 4, 4, 4, 4, 4, 4, 4, 4, 4, 4, 4, 4, 4, 4, 4, 4, 4, 4, 4, 4, 4, 4, 4, 4, 4, 4, 4, 4, 4, 4, 4, 4, 4, 4, 4, 4, 4, 4, 4, 4, 4, 4, 4, 4, 4, 4, 4, 4, 4, 4, 4, 4, 4, 4, 4, 4, 4, 4, 4, 4, 4, 4, 4, 4, 4, 4, 4, 4, 4, 4, 4, 4, 4, 4, 4, 4, 4, 4, 4, 4, 4, 4, 4, 4, 4, 4, 4, 4, 4, 4, 4, 4, 4, 4, 4, 4, 4, 4, 4, 4, 4, 4, 4, 4, 4, 4, 4, 4, 4, 4, 4, 4, 4, 4, 4, 4]
----------------------------- 
-------cBUFFER---------
[0, 98, 0, 104, 105, 0, 97, 0]
-------------------------- 
[RETURN VALUE] [ 4 ] 
--------[EXEC CODE]:
[ a , EQUALS , 2 , MULT , 2 ]
-------------- 


--------------------------[NEW ITERATION]
[ a , EQUALS , 2 , MULT , 2 ] 

[DOING] OPERator at INDEX: 1 <<PRIORITY>> 2 

[TRYING SETTING] [ a ] WITH [ 2 , MULT , 2 ] 


--------------------------[NEW ITERATION]
[ a ] 

[DOING] OPERator at INDEX: -1 <<PRIORITY>> 100 
[ a ] 
6 [3] 
false 


--------------------------[NEW ITERATION]
[ 2 , MULT , 2 ] 

[DOING] OPERator at INDEX: 1 <<PRIORITY>> 14 
 
[TRYING MULTIPLICATE] [ 2 ] WITH [ 2 ] 


--------------------------[NEW ITERATION]
[ 2 ] 

[DOING] OPERator at INDEX: -1 <<PRIORITY>> 100 
[ 2 ] 
3 [3] 
true 
[EXECUTING  METHODE<<2>>]
 
[ a , EQUALS , 2 , MULT , 2 , ; , a , EQUALS , 2 , MULT , 2 , ; ]---------NEW LINE---------
[ a , EQUALS , 2 , MULT , 2 ]
-------------------- 
---------NEW LINE---------
[ a , EQUALS , 2 , MULT , 2 ]
-------------------- 
--------[EXEC CODE]:
[ a , EQUALS , 2 , MULT , 2 ]
-------------- 


--------------------------[NEW ITERATION]
[ a , EQUALS , 2 , MULT , 2 ] 

[DOING] OPERator at INDEX: 1 <<PRIORITY>> 2 

[TRYING SETTING] [ a ] WITH [ 2 , MULT , 2 ] 


--------------------------[NEW ITERATION]
[ a ] 

[DOING] OPERator at INDEX: -1 <<PRIORITY>> 100 
[ a ] 
6 [3] 
false 


--------------------------[NEW ITERATION]
[ 2 , MULT , 2 ] 

[DOING] OPERator at INDEX: 1 <<PRIORITY>> 14 
 
[TRYING MULTIPLICATE] [ 2 ] WITH [ 2 ] 


--------------------------[NEW ITERATION]
[ 2 ] 

[DOING] OPERator at INDEX: -1 <<PRIORITY>> 100 
[ 2 ] 
1 [3] 
false 


--------------------------[NEW ITERATION]
[ 2 ] 

[DOING] OPERator at INDEX: -1 <<PRIORITY>> 100 
[ 2 ] 
2 [3] 
false 
[OPERATION Mult] 
4 
[STORING] id 228 name [ a ] with TOKEN 1111111000000000000000011100100 ON 6 value [ 4 ] 

-------Buffer----------
[2, 2, 2, 2, 2, 4, 4, 4, 4, 4, 4, 4, 4, 4, 4, 4, 4, 4, 4, 4, 4, 4, 4, 4, 4, 4, 4, 4, 4, 4, 4, 4, 4, 4, 4, 4, 4, 4, 4, 4, 4, 4, 4, 4, 4, 4, 4, 4, 4, 4, 4, 4, 4, 4, 4, 4, 4, 4, 4, 4, 4, 4, 4, 4, 4, 4, 4, 4, 4, 4, 4, 4, 4, 4, 4, 4, 4, 4, 4, 4, 4, 4, 4, 4, 4, 4, 4, 4, 4, 4, 4, 4, 4, 4, 4, 4, 4, 4, 4, 4, 4, 4, 4, 4, 4, 4, 4, 4, 4, 4, 4, 4, 4, 4, 4, 4, 4, 4, 4, 4, 4, 4, 4, 4, 4, 4, 4, 4, 4, 4, 4, 4, 4, 4, 4, 4, 4, 4, 4, 4, 4, 4, 4, 4, 4, 4, 4, 4, 4, 4, 4, 4, 4, 4, 4, 4, 4, 4, 4, 4, 4, 4, 4, 4, 4, 4, 4, 4, 4, 4, 4, 4, 4, 4, 4, 4, 4, 4, 4, 4, 4, 4, 4, 4, 4, 4, 4, 4, 4, 4, 4, 4, 4, 4, 4, 4, 4, 4, 4, 4, 4, 4, 4, 4, 4, 4, 4, 4, 4, 4, 4, 4, 4, 4, 4, 4, 4, 4, 4, 4, 4, 4, 4, 4, 4, 4, 4, 4, 4]
----------------------------- 
-------cBUFFER---------
[0, 98, 0, 104, 105, 0, 97, 0]
-------------------------- 
[RETURN VALUE] [ 4 ] 
--------[EXEC CODE]:
[ a , EQUALS , 2 , MULT , 2 ]
-------------- 


--------------------------[NEW ITERATION]
[ a , EQUALS , 2 , MULT , 2 ] 

[DOING] OPERator at INDEX: 1 <<PRIORITY>> 2 

[TRYING SETTING] [ a ] WITH [ 2 , MULT , 2 ] 


--------------------------[NEW ITERATION]
[ a ] 

[DOING] OPERator at INDEX: -1 <<PRIORITY>> 100 
[ a ] 
6 [3] 
false 


--------------------------[NEW ITERATION]
[ 2 , MULT , 2 ] 

[DOING] OPERator at INDEX: 1 <<PRIORITY>> 14 
 
[TRYING MULTIPLICATE] [ 2 ] WITH [ 2 ] 


--------------------------[NEW ITERATION]
[ 2 ] 

[DOING] OPERator at INDEX: -1 <<PRIORITY>> 100 
[ 2 ] 
3 [3] 
true 
[EXECUTING  METHODE<<2>>]
 
[ a , EQUALS , 2 , MULT , 2 , ; , a , EQUALS , 2 , MULT , 2 , ; ]---------NEW LINE---------
[ a , EQUALS , 2 , MULT , 2 ]
-------------------- 
---------NEW LINE---------
[ a , EQUALS , 2 , MULT , 2 ]
-------------------- 
--------[EXEC CODE]:
[ a , EQUALS , 2 , MULT , 2 ]
-------------- 


--------------------------[NEW ITERATION]
[ a , EQUALS , 2 , MULT , 2 ] 

[DOING] OPERator at INDEX: 1 <<PRIORITY>> 2 

[TRYING SETTING] [ a ] WITH [ 2 , MULT , 2 ] 


--------------------------[NEW ITERATION]
[ a ] 

[DOING] OPERator at INDEX: -1 <<PRIORITY>> 100 
[ a ] 
6 [3] 
false 


--------------------------[NEW ITERATION]
[ 2 , MULT , 2 ] 

[DOING] OPERator at INDEX: 1 <<PRIORITY>> 14 
 
[TRYING MULTIPLICATE] [ 2 ] WITH [ 2 ] 


--------------------------[NEW ITERATION]
[ 2 ] 

[DOING] OPERator at INDEX: -1 <<PRIORITY>> 100 
[ 2 ] 
1 [3] 
false 


--------------------------[NEW ITERATION]
[ 2 ] 

[DOING] OPERator at INDEX: -1 <<PRIORITY>> 100 
[ 2 ] 
2 [3] 
false 
[OPERATION Mult] 
4 
[STORING] id 229 name [ a ] with TOKEN 1111111000000000000000011100101 ON 6 value [ 4 ] 

-------Buffer----------
[2, 2, 2, 2, 2, 4, 4, 4, 4, 4, 4, 4, 4, 4, 4, 4, 4, 4, 4, 4, 4, 4, 4, 4, 4, 4, 4, 4, 4, 4, 4, 4, 4, 4, 4, 4, 4, 4, 4, 4, 4, 4, 4, 4, 4, 4, 4, 4, 4, 4, 4, 4, 4, 4, 4, 4, 4, 4, 4, 4, 4, 4, 4, 4, 4, 4, 4, 4, 4, 4, 4, 4, 4, 4, 4, 4, 4, 4, 4, 4, 4, 4, 4, 4, 4, 4, 4, 4, 4, 4, 4, 4, 4, 4, 4, 4, 4, 4, 4, 4, 4, 4, 4, 4, 4, 4, 4, 4, 4, 4, 4, 4, 4, 4, 4, 4, 4, 4, 4, 4, 4, 4, 4, 4, 4, 4, 4, 4, 4, 4, 4, 4, 4, 4, 4, 4, 4, 4, 4, 4, 4, 4, 4, 4, 4, 4, 4, 4, 4, 4, 4, 4, 4, 4, 4, 4, 4, 4, 4, 4, 4, 4, 4, 4, 4, 4, 4, 4, 4, 4, 4, 4, 4, 4, 4, 4, 4, 4, 4, 4, 4, 4, 4, 4, 4, 4, 4, 4, 4, 4, 4, 4, 4, 4, 4, 4, 4, 4, 4, 4, 4, 4, 4, 4, 4, 4, 4, 4, 4, 4, 4, 4, 4, 4, 4, 4, 4, 4, 4, 4, 4, 4, 4, 4, 4, 4, 4, 4, 4, 4]
----------------------------- 
-------cBUFFER---------
[0, 98, 0, 104, 105, 0, 97, 0]
-------------------------- 
[RETURN VALUE] [ 4 ] 
--------[EXEC CODE]:
[ a , EQUALS , 2 , MULT , 2 ]
-------------- 


--------------------------[NEW ITERATION]
[ a , EQUALS , 2 , MULT , 2 ] 

[DOING] OPERator at INDEX: 1 <<PRIORITY>> 2 

[TRYING SETTING] [ a ] WITH [ 2 , MULT , 2 ] 


--------------------------[NEW ITERATION]
[ a ] 

[DOING] OPERator at INDEX: -1 <<PRIORITY>> 100 
[ a ] 
6 [3] 
false 


--------------------------[NEW ITERATION]
[ 2 , MULT , 2 ] 

[DOING] OPERator at INDEX: 1 <<PRIORITY>> 14 
 
[TRYING MULTIPLICATE] [ 2 ] WITH [ 2 ] 


--------------------------[NEW ITERATION]
[ 2 ] 

[DOING] OPERator at INDEX: -1 <<PRIORITY>> 100 
[ 2 ] 
3 [3] 
true 
[EXECUTING  METHODE<<2>>]
 
[ a , EQUALS , 2 , MULT , 2 , ; , a , EQUALS , 2 , MULT , 2 , ; ]---------NEW LINE---------
[ a , EQUALS , 2 , MULT , 2 ]
-------------------- 
---------NEW LINE---------
[ a , EQUALS , 2 , MULT , 2 ]
-------------------- 
--------[EXEC CODE]:
[ a , EQUALS , 2 , MULT , 2 ]
-------------- 


--------------------------[NEW ITERATION]
[ a , EQUALS , 2 , MULT , 2 ] 

[DOING] OPERator at INDEX: 1 <<PRIORITY>> 2 

[TRYING SETTING] [ a ] WITH [ 2 , MULT , 2 ] 


--------------------------[NEW ITERATION]
[ a ] 

[DOING] OPERator at INDEX: -1 <<PRIORITY>> 100 
[ a ] 
6 [3] 
false 


--------------------------[NEW ITERATION]
[ 2 , MULT , 2 ] 

[DOING] OPERator at INDEX: 1 <<PRIORITY>> 14 
 
[TRYING MULTIPLICATE] [ 2 ] WITH [ 2 ] 


--------------------------[NEW ITERATION]
[ 2 ] 

[DOING] OPERator at INDEX: -1 <<PRIORITY>> 100 
[ 2 ] 
1 [3] 
false 


--------------------------[NEW ITERATION]
[ 2 ] 

[DOING] OPERator at INDEX: -1 <<PRIORITY>> 100 
[ 2 ] 
2 [3] 
false 
[OPERATION Mult] 
4 
[STORING] id 230 name [ a ] with TOKEN 1111111000000000000000011100110 ON 6 value [ 4 ] 

-------Buffer----------
[2, 2, 2, 2, 2, 4, 4, 4, 4, 4, 4, 4, 4, 4, 4, 4, 4, 4, 4, 4, 4, 4, 4, 4, 4, 4, 4, 4, 4, 4, 4, 4, 4, 4, 4, 4, 4, 4, 4, 4, 4, 4, 4, 4, 4, 4, 4, 4, 4, 4, 4, 4, 4, 4, 4, 4, 4, 4, 4, 4, 4, 4, 4, 4, 4, 4, 4, 4, 4, 4, 4, 4, 4, 4, 4, 4, 4, 4, 4, 4, 4, 4, 4, 4, 4, 4, 4, 4, 4, 4, 4, 4, 4, 4, 4, 4, 4, 4, 4, 4, 4, 4, 4, 4, 4, 4, 4, 4, 4, 4, 4, 4, 4, 4, 4, 4, 4, 4, 4, 4, 4, 4, 4, 4, 4, 4, 4, 4, 4, 4, 4, 4, 4, 4, 4, 4, 4, 4, 4, 4, 4, 4, 4, 4, 4, 4, 4, 4, 4, 4, 4, 4, 4, 4, 4, 4, 4, 4, 4, 4, 4, 4, 4, 4, 4, 4, 4, 4, 4, 4, 4, 4, 4, 4, 4, 4, 4, 4, 4, 4, 4, 4, 4, 4, 4, 4, 4, 4, 4, 4, 4, 4, 4, 4, 4, 4, 4, 4, 4, 4, 4, 4, 4, 4, 4, 4, 4, 4, 4, 4, 4, 4, 4, 4, 4, 4, 4, 4, 4, 4, 4, 4, 4, 4, 4, 4, 4, 4, 4, 4, 4]
----------------------------- 
-------cBUFFER---------
[0, 98, 0, 104, 105, 0, 97, 0]
-------------------------- 
[RETURN VALUE] [ 4 ] 
--------[EXEC CODE]:
[ a , EQUALS , 2 , MULT , 2 ]
-------------- 


--------------------------[NEW ITERATION]
[ a , EQUALS , 2 , MULT , 2 ] 

[DOING] OPERator at INDEX: 1 <<PRIORITY>> 2 

[TRYING SETTING] [ a ] WITH [ 2 , MULT , 2 ] 


--------------------------[NEW ITERATION]
[ a ] 

[DOING] OPERator at INDEX: -1 <<PRIORITY>> 100 
[ a ] 
6 [3] 
false 


--------------------------[NEW ITERATION]
[ 2 , MULT , 2 ] 

[DOING] OPERator at INDEX: 1 <<PRIORITY>> 14 
 
[TRYING MULTIPLICATE] [ 2 ] WITH [ 2 ] 


--------------------------[NEW ITERATION]
[ 2 ] 

[DOING] OPERator at INDEX: -1 <<PRIORITY>> 100 
[ 2 ] 
3 [3] 
true 
[EXECUTING  METHODE<<2>>]
 
[ a , EQUALS , 2 , MULT , 2 , ; , a , EQUALS , 2 , MULT , 2 , ; ]---------NEW LINE---------
[ a , EQUALS , 2 , MULT , 2 ]
-------------------- 
---------NEW LINE---------
[ a , EQUALS , 2 , MULT , 2 ]
-------------------- 
--------[EXEC CODE]:
[ a , EQUALS , 2 , MULT , 2 ]
-------------- 


--------------------------[NEW ITERATION]
[ a , EQUALS , 2 , MULT , 2 ] 

[DOING] OPERator at INDEX: 1 <<PRIORITY>> 2 

[TRYING SETTING] [ a ] WITH [ 2 , MULT , 2 ] 


--------------------------[NEW ITERATION]
[ a ] 

[DOING] OPERator at INDEX: -1 <<PRIORITY>> 100 
[ a ] 
6 [3] 
false 


--------------------------[NEW ITERATION]
[ 2 , MULT , 2 ] 

[DOING] OPERator at INDEX: 1 <<PRIORITY>> 14 
 
[TRYING MULTIPLICATE] [ 2 ] WITH [ 2 ] 


--------------------------[NEW ITERATION]
[ 2 ] 

[DOING] OPERator at INDEX: -1 <<PRIORITY>> 100 
[ 2 ] 
1 [3] 
false 


--------------------------[NEW ITERATION]
[ 2 ] 

[DOING] OPERator at INDEX: -1 <<PRIORITY>> 100 
[ 2 ] 
2 [3] 
false 
[OPERATION Mult] 
4 
[STORING] id 231 name [ a ] with TOKEN 1111111000000000000000011100111 ON 6 value [ 4 ] 

-------Buffer----------
[2, 2, 2, 2, 2, 4, 4, 4, 4, 4, 4, 4, 4, 4, 4, 4, 4, 4, 4, 4, 4, 4, 4, 4, 4, 4, 4, 4, 4, 4, 4, 4, 4, 4, 4, 4, 4, 4, 4, 4, 4, 4, 4, 4, 4, 4, 4, 4, 4, 4, 4, 4, 4, 4, 4, 4, 4, 4, 4, 4, 4, 4, 4, 4, 4, 4, 4, 4, 4, 4, 4, 4, 4, 4, 4, 4, 4, 4, 4, 4, 4, 4, 4, 4, 4, 4, 4, 4, 4, 4, 4, 4, 4, 4, 4, 4, 4, 4, 4, 4, 4, 4, 4, 4, 4, 4, 4, 4, 4, 4, 4, 4, 4, 4, 4, 4, 4, 4, 4, 4, 4, 4, 4, 4, 4, 4, 4, 4, 4, 4, 4, 4, 4, 4, 4, 4, 4, 4, 4, 4, 4, 4, 4, 4, 4, 4, 4, 4, 4, 4, 4, 4, 4, 4, 4, 4, 4, 4, 4, 4, 4, 4, 4, 4, 4, 4, 4, 4, 4, 4, 4, 4, 4, 4, 4, 4, 4, 4, 4, 4, 4, 4, 4, 4, 4, 4, 4, 4, 4, 4, 4, 4, 4, 4, 4, 4, 4, 4, 4, 4, 4, 4, 4, 4, 4, 4, 4, 4, 4, 4, 4, 4, 4, 4, 4, 4, 4, 4, 4, 4, 4, 4, 4, 4, 4, 4, 4, 4, 4, 4, 4, 4]
----------------------------- 
-------cBUFFER---------
[0, 98, 0, 104, 105, 0, 97, 0]
-------------------------- 
[RETURN VALUE] [ 4 ] 
--------[EXEC CODE]:
[ a , EQUALS , 2 , MULT , 2 ]
-------------- 


--------------------------[NEW ITERATION]
[ a , EQUALS , 2 , MULT , 2 ] 

[DOING] OPERator at INDEX: 1 <<PRIORITY>> 2 

[TRYING SETTING] [ a ] WITH [ 2 , MULT , 2 ] 


--------------------------[NEW ITERATION]
[ a ] 

[DOING] OPERator at INDEX: -1 <<PRIORITY>> 100 
[ a ] 
6 [3] 
false 


--------------------------[NEW ITERATION]
[ 2 , MULT , 2 ] 

[DOING] OPERator at INDEX: 1 <<PRIORITY>> 14 
 
[TRYING MULTIPLICATE] [ 2 ] WITH [ 2 ] 


--------------------------[NEW ITERATION]
[ 2 ] 

[DOING] OPERator at INDEX: -1 <<PRIORITY>> 100 
[ 2 ] 
3 [3] 
true 
[EXECUTING  METHODE<<2>>]
 
[ a , EQUALS , 2 , MULT , 2 , ; , a , EQUALS , 2 , MULT , 2 , ; ]---------NEW LINE---------
[ a , EQUALS , 2 , MULT , 2 ]
-------------------- 
---------NEW LINE---------
[ a , EQUALS , 2 , MULT , 2 ]
-------------------- 
--------[EXEC CODE]:
[ a , EQUALS , 2 , MULT , 2 ]
-------------- 


--------------------------[NEW ITERATION]
[ a , EQUALS , 2 , MULT , 2 ] 

[DOING] OPERator at INDEX: 1 <<PRIORITY>> 2 

[TRYING SETTING] [ a ] WITH [ 2 , MULT , 2 ] 


--------------------------[NEW ITERATION]
[ a ] 

[DOING] OPERator at INDEX: -1 <<PRIORITY>> 100 
[ a ] 
6 [3] 
false 


--------------------------[NEW ITERATION]
[ 2 , MULT , 2 ] 

[DOING] OPERator at INDEX: 1 <<PRIORITY>> 14 
 
[TRYING MULTIPLICATE] [ 2 ] WITH [ 2 ] 


--------------------------[NEW ITERATION]
[ 2 ] 

[DOING] OPERator at INDEX: -1 <<PRIORITY>> 100 
[ 2 ] 
1 [3] 
false 


--------------------------[NEW ITERATION]
[ 2 ] 

[DOING] OPERator at INDEX: -1 <<PRIORITY>> 100 
[ 2 ] 
2 [3] 
false 
[OPERATION Mult] 
4 
[STORING] id 232 name [ a ] with TOKEN 1111111000000000000000011101000 ON 6 value [ 4 ] 

-------Buffer----------
[2, 2, 2, 2, 2, 4, 4, 4, 4, 4, 4, 4, 4, 4, 4, 4, 4, 4, 4, 4, 4, 4, 4, 4, 4, 4, 4, 4, 4, 4, 4, 4, 4, 4, 4, 4, 4, 4, 4, 4, 4, 4, 4, 4, 4, 4, 4, 4, 4, 4, 4, 4, 4, 4, 4, 4, 4, 4, 4, 4, 4, 4, 4, 4, 4, 4, 4, 4, 4, 4, 4, 4, 4, 4, 4, 4, 4, 4, 4, 4, 4, 4, 4, 4, 4, 4, 4, 4, 4, 4, 4, 4, 4, 4, 4, 4, 4, 4, 4, 4, 4, 4, 4, 4, 4, 4, 4, 4, 4, 4, 4, 4, 4, 4, 4, 4, 4, 4, 4, 4, 4, 4, 4, 4, 4, 4, 4, 4, 4, 4, 4, 4, 4, 4, 4, 4, 4, 4, 4, 4, 4, 4, 4, 4, 4, 4, 4, 4, 4, 4, 4, 4, 4, 4, 4, 4, 4, 4, 4, 4, 4, 4, 4, 4, 4, 4, 4, 4, 4, 4, 4, 4, 4, 4, 4, 4, 4, 4, 4, 4, 4, 4, 4, 4, 4, 4, 4, 4, 4, 4, 4, 4, 4, 4, 4, 4, 4, 4, 4, 4, 4, 4, 4, 4, 4, 4, 4, 4, 4, 4, 4, 4, 4, 4, 4, 4, 4, 4, 4, 4, 4, 4, 4, 4, 4, 4, 4, 4, 4, 4, 4, 4, 4]
----------------------------- 
-------cBUFFER---------
[0, 98, 0, 104, 105, 0, 97, 0]
-------------------------- 
[RETURN VALUE] [ 4 ] 
--------[EXEC CODE]:
[ a , EQUALS , 2 , MULT , 2 ]
-------------- 


--------------------------[NEW ITERATION]
[ a , EQUALS , 2 , MULT , 2 ] 

[DOING] OPERator at INDEX: 1 <<PRIORITY>> 2 

[TRYING SETTING] [ a ] WITH [ 2 , MULT , 2 ] 


--------------------------[NEW ITERATION]
[ a ] 

[DOING] OPERator at INDEX: -1 <<PRIORITY>> 100 
[ a ] 
6 [3] 
false 


--------------------------[NEW ITERATION]
[ 2 , MULT , 2 ] 

[DOING] OPERator at INDEX: 1 <<PRIORITY>> 14 
 
[TRYING MULTIPLICATE] [ 2 ] WITH [ 2 ] 


--------------------------[NEW ITERATION]
[ 2 ] 

[DOING] OPERator at INDEX: -1 <<PRIORITY>> 100 
[ 2 ] 
3 [3] 
true 
[EXECUTING  METHODE<<2>>]
 
[ a , EQUALS , 2 , MULT , 2 , ; , a , EQUALS , 2 , MULT , 2 , ; ]---------NEW LINE---------
[ a , EQUALS , 2 , MULT , 2 ]
-------------------- 
---------NEW LINE---------
[ a , EQUALS , 2 , MULT , 2 ]
-------------------- 
--------[EXEC CODE]:
[ a , EQUALS , 2 , MULT , 2 ]
-------------- 


--------------------------[NEW ITERATION]
[ a , EQUALS , 2 , MULT , 2 ] 

[DOING] OPERator at INDEX: 1 <<PRIORITY>> 2 

[TRYING SETTING] [ a ] WITH [ 2 , MULT , 2 ] 


--------------------------[NEW ITERATION]
[ a ] 

[DOING] OPERator at INDEX: -1 <<PRIORITY>> 100 
[ a ] 
6 [3] 
false 


--------------------------[NEW ITERATION]
[ 2 , MULT , 2 ] 

[DOING] OPERator at INDEX: 1 <<PRIORITY>> 14 
 
[TRYING MULTIPLICATE] [ 2 ] WITH [ 2 ] 


--------------------------[NEW ITERATION]
[ 2 ] 

[DOING] OPERator at INDEX: -1 <<PRIORITY>> 100 
[ 2 ] 
1 [3] 
false 


--------------------------[NEW ITERATION]
[ 2 ] 

[DOING] OPERator at INDEX: -1 <<PRIORITY>> 100 
[ 2 ] 
2 [3] 
false 
[OPERATION Mult] 
4 
[STORING] id 233 name [ a ] with TOKEN 1111111000000000000000011101001 ON 6 value [ 4 ] 

-------Buffer----------
[2, 2, 2, 2, 2, 4, 4, 4, 4, 4, 4, 4, 4, 4, 4, 4, 4, 4, 4, 4, 4, 4, 4, 4, 4, 4, 4, 4, 4, 4, 4, 4, 4, 4, 4, 4, 4, 4, 4, 4, 4, 4, 4, 4, 4, 4, 4, 4, 4, 4, 4, 4, 4, 4, 4, 4, 4, 4, 4, 4, 4, 4, 4, 4, 4, 4, 4, 4, 4, 4, 4, 4, 4, 4, 4, 4, 4, 4, 4, 4, 4, 4, 4, 4, 4, 4, 4, 4, 4, 4, 4, 4, 4, 4, 4, 4, 4, 4, 4, 4, 4, 4, 4, 4, 4, 4, 4, 4, 4, 4, 4, 4, 4, 4, 4, 4, 4, 4, 4, 4, 4, 4, 4, 4, 4, 4, 4, 4, 4, 4, 4, 4, 4, 4, 4, 4, 4, 4, 4, 4, 4, 4, 4, 4, 4, 4, 4, 4, 4, 4, 4, 4, 4, 4, 4, 4, 4, 4, 4, 4, 4, 4, 4, 4, 4, 4, 4, 4, 4, 4, 4, 4, 4, 4, 4, 4, 4, 4, 4, 4, 4, 4, 4, 4, 4, 4, 4, 4, 4, 4, 4, 4, 4, 4, 4, 4, 4, 4, 4, 4, 4, 4, 4, 4, 4, 4, 4, 4, 4, 4, 4, 4, 4, 4, 4, 4, 4, 4, 4, 4, 4, 4, 4, 4, 4, 4, 4, 4, 4, 4, 4, 4, 4, 4]
----------------------------- 
-------cBUFFER---------
[0, 98, 0, 104, 105, 0, 97, 0]
-------------------------- 
[RETURN VALUE] [ 4 ] 
--------[EXEC CODE]:
[ a , EQUALS , 2 , MULT , 2 ]
-------------- 


--------------------------[NEW ITERATION]
[ a , EQUALS , 2 , MULT , 2 ] 

[DOING] OPERator at INDEX: 1 <<PRIORITY>> 2 

[TRYING SETTING] [ a ] WITH [ 2 , MULT , 2 ] 


--------------------------[NEW ITERATION]
[ a ] 

[DOING] OPERator at INDEX: -1 <<PRIORITY>> 100 
[ a ] 
6 [3] 
false 


--------------------------[NEW ITERATION]
[ 2 , MULT , 2 ] 

[DOING] OPERator at INDEX: 1 <<PRIORITY>> 14 
 
[TRYING MULTIPLICATE] [ 2 ] WITH [ 2 ] 


--------------------------[NEW ITERATION]
[ 2 ] 

[DOING] OPERator at INDEX: -1 <<PRIORITY>> 100 
[ 2 ] 
3 [3] 
true 
[EXECUTING  METHODE<<2>>]
 
[ a , EQUALS , 2 , MULT , 2 , ; , a , EQUALS , 2 , MULT , 2 , ; ]---------NEW LINE---------
[ a , EQUALS , 2 , MULT , 2 ]
-------------------- 
---------NEW LINE---------
[ a , EQUALS , 2 , MULT , 2 ]
-------------------- 
--------[EXEC CODE]:
[ a , EQUALS , 2 , MULT , 2 ]
-------------- 


--------------------------[NEW ITERATION]
[ a , EQUALS , 2 , MULT , 2 ] 

[DOING] OPERator at INDEX: 1 <<PRIORITY>> 2 

[TRYING SETTING] [ a ] WITH [ 2 , MULT , 2 ] 


--------------------------[NEW ITERATION]
[ a ] 

[DOING] OPERator at INDEX: -1 <<PRIORITY>> 100 
[ a ] 
6 [3] 
false 


--------------------------[NEW ITERATION]
[ 2 , MULT , 2 ] 

[DOING] OPERator at INDEX: 1 <<PRIORITY>> 14 
 
[TRYING MULTIPLICATE] [ 2 ] WITH [ 2 ] 


--------------------------[NEW ITERATION]
[ 2 ] 

[DOING] OPERator at INDEX: -1 <<PRIORITY>> 100 
[ 2 ] 
1 [3] 
false 


--------------------------[NEW ITERATION]
[ 2 ] 

[DOING] OPERator at INDEX: -1 <<PRIORITY>> 100 
[ 2 ] 
2 [3] 
false 
[OPERATION Mult] 
4 
[STORING] id 234 name [ a ] with TOKEN 1111111000000000000000011101010 ON 6 value [ 4 ] 

-------Buffer----------
[2, 2, 2, 2, 2, 4, 4, 4, 4, 4, 4, 4, 4, 4, 4, 4, 4, 4, 4, 4, 4, 4, 4, 4, 4, 4, 4, 4, 4, 4, 4, 4, 4, 4, 4, 4, 4, 4, 4, 4, 4, 4, 4, 4, 4, 4, 4, 4, 4, 4, 4, 4, 4, 4, 4, 4, 4, 4, 4, 4, 4, 4, 4, 4, 4, 4, 4, 4, 4, 4, 4, 4, 4, 4, 4, 4, 4, 4, 4, 4, 4, 4, 4, 4, 4, 4, 4, 4, 4, 4, 4, 4, 4, 4, 4, 4, 4, 4, 4, 4, 4, 4, 4, 4, 4, 4, 4, 4, 4, 4, 4, 4, 4, 4, 4, 4, 4, 4, 4, 4, 4, 4, 4, 4, 4, 4, 4, 4, 4, 4, 4, 4, 4, 4, 4, 4, 4, 4, 4, 4, 4, 4, 4, 4, 4, 4, 4, 4, 4, 4, 4, 4, 4, 4, 4, 4, 4, 4, 4, 4, 4, 4, 4, 4, 4, 4, 4, 4, 4, 4, 4, 4, 4, 4, 4, 4, 4, 4, 4, 4, 4, 4, 4, 4, 4, 4, 4, 4, 4, 4, 4, 4, 4, 4, 4, 4, 4, 4, 4, 4, 4, 4, 4, 4, 4, 4, 4, 4, 4, 4, 4, 4, 4, 4, 4, 4, 4, 4, 4, 4, 4, 4, 4, 4, 4, 4, 4, 4, 4, 4, 4, 4, 4, 4, 4]
----------------------------- 
-------cBUFFER---------
[0, 98, 0, 104, 105, 0, 97, 0]
-------------------------- 
[RETURN VALUE] [ 4 ] 
--------[EXEC CODE]:
[ a , EQUALS , 2 , MULT , 2 ]
-------------- 


--------------------------[NEW ITERATION]
[ a , EQUALS , 2 , MULT , 2 ] 

[DOING] OPERator at INDEX: 1 <<PRIORITY>> 2 

[TRYING SETTING] [ a ] WITH [ 2 , MULT , 2 ] 


--------------------------[NEW ITERATION]
[ a ] 

[DOING] OPERator at INDEX: -1 <<PRIORITY>> 100 
[ a ] 
6 [3] 
false 


--------------------------[NEW ITERATION]
[ 2 , MULT , 2 ] 

[DOING] OPERator at INDEX: 1 <<PRIORITY>> 14 
 
[TRYING MULTIPLICATE] [ 2 ] WITH [ 2 ] 


--------------------------[NEW ITERATION]
[ 2 ] 

[DOING] OPERator at INDEX: -1 <<PRIORITY>> 100 
[ 2 ] 
3 [3] 
true 
[EXECUTING  METHODE<<2>>]
 
[ a , EQUALS , 2 , MULT , 2 , ; , a , EQUALS , 2 , MULT , 2 , ; ]---------NEW LINE---------
[ a , EQUALS , 2 , MULT , 2 ]
-------------------- 
---------NEW LINE---------
[ a , EQUALS , 2 , MULT , 2 ]
-------------------- 
--------[EXEC CODE]:
[ a , EQUALS , 2 , MULT , 2 ]
-------------- 


--------------------------[NEW ITERATION]
[ a , EQUALS , 2 , MULT , 2 ] 

[DOING] OPERator at INDEX: 1 <<PRIORITY>> 2 

[TRYING SETTING] [ a ] WITH [ 2 , MULT , 2 ] 


--------------------------[NEW ITERATION]
[ a ] 

[DOING] OPERator at INDEX: -1 <<PRIORITY>> 100 
[ a ] 
6 [3] 
false 


--------------------------[NEW ITERATION]
[ 2 , MULT , 2 ] 

[DOING] OPERator at INDEX: 1 <<PRIORITY>> 14 
 
[TRYING MULTIPLICATE] [ 2 ] WITH [ 2 ] 


--------------------------[NEW ITERATION]
[ 2 ] 

[DOING] OPERator at INDEX: -1 <<PRIORITY>> 100 
[ 2 ] 
1 [3] 
false 


--------------------------[NEW ITERATION]
[ 2 ] 

[DOING] OPERator at INDEX: -1 <<PRIORITY>> 100 
[ 2 ] 
2 [3] 
false 
[OPERATION Mult] 
4 
[STORING] id 235 name [ a ] with TOKEN 1111111000000000000000011101011 ON 6 value [ 4 ] 

-------Buffer----------
[2, 2, 2, 2, 2, 4, 4, 4, 4, 4, 4, 4, 4, 4, 4, 4, 4, 4, 4, 4, 4, 4, 4, 4, 4, 4, 4, 4, 4, 4, 4, 4, 4, 4, 4, 4, 4, 4, 4, 4, 4, 4, 4, 4, 4, 4, 4, 4, 4, 4, 4, 4, 4, 4, 4, 4, 4, 4, 4, 4, 4, 4, 4, 4, 4, 4, 4, 4, 4, 4, 4, 4, 4, 4, 4, 4, 4, 4, 4, 4, 4, 4, 4, 4, 4, 4, 4, 4, 4, 4, 4, 4, 4, 4, 4, 4, 4, 4, 4, 4, 4, 4, 4, 4, 4, 4, 4, 4, 4, 4, 4, 4, 4, 4, 4, 4, 4, 4, 4, 4, 4, 4, 4, 4, 4, 4, 4, 4, 4, 4, 4, 4, 4, 4, 4, 4, 4, 4, 4, 4, 4, 4, 4, 4, 4, 4, 4, 4, 4, 4, 4, 4, 4, 4, 4, 4, 4, 4, 4, 4, 4, 4, 4, 4, 4, 4, 4, 4, 4, 4, 4, 4, 4, 4, 4, 4, 4, 4, 4, 4, 4, 4, 4, 4, 4, 4, 4, 4, 4, 4, 4, 4, 4, 4, 4, 4, 4, 4, 4, 4, 4, 4, 4, 4, 4, 4, 4, 4, 4, 4, 4, 4, 4, 4, 4, 4, 4, 4, 4, 4, 4, 4, 4, 4, 4, 4, 4, 4, 4, 4, 4, 4, 4, 4, 4, 4]
----------------------------- 
-------cBUFFER---------
[0, 98, 0, 104, 105, 0, 97, 0]
-------------------------- 
[RETURN VALUE] [ 4 ] 
--------[EXEC CODE]:
[ a , EQUALS , 2 , MULT , 2 ]
-------------- 


--------------------------[NEW ITERATION]
[ a , EQUALS , 2 , MULT , 2 ] 

[DOING] OPERator at INDEX: 1 <<PRIORITY>> 2 

[TRYING SETTING] [ a ] WITH [ 2 , MULT , 2 ] 


--------------------------[NEW ITERATION]
[ a ] 

[DOING] OPERator at INDEX: -1 <<PRIORITY>> 100 
[ a ] 
6 [3] 
false 


--------------------------[NEW ITERATION]
[ 2 , MULT , 2 ] 

[DOING] OPERator at INDEX: 1 <<PRIORITY>> 14 
 
[TRYING MULTIPLICATE] [ 2 ] WITH [ 2 ] 


--------------------------[NEW ITERATION]
[ 2 ] 

[DOING] OPERator at INDEX: -1 <<PRIORITY>> 100 
[ 2 ] 
3 [3] 
true 
[EXECUTING  METHODE<<2>>]
 
[ a , EQUALS , 2 , MULT , 2 , ; , a , EQUALS , 2 , MULT , 2 , ; ]---------NEW LINE---------
[ a , EQUALS , 2 , MULT , 2 ]
-------------------- 
---------NEW LINE---------
[ a , EQUALS , 2 , MULT , 2 ]
-------------------- 
--------[EXEC CODE]:
[ a , EQUALS , 2 , MULT , 2 ]
-------------- 


--------------------------[NEW ITERATION]
[ a , EQUALS , 2 , MULT , 2 ] 

[DOING] OPERator at INDEX: 1 <<PRIORITY>> 2 

[TRYING SETTING] [ a ] WITH [ 2 , MULT , 2 ] 


--------------------------[NEW ITERATION]
[ a ] 

[DOING] OPERator at INDEX: -1 <<PRIORITY>> 100 
[ a ] 
6 [3] 
false 


--------------------------[NEW ITERATION]
[ 2 , MULT , 2 ] 

[DOING] OPERator at INDEX: 1 <<PRIORITY>> 14 
 
[TRYING MULTIPLICATE] [ 2 ] WITH [ 2 ] 


--------------------------[NEW ITERATION]
[ 2 ] 

[DOING] OPERator at INDEX: -1 <<PRIORITY>> 100 
[ 2 ] 
1 [3] 
false 


--------------------------[NEW ITERATION]
[ 2 ] 

[DOING] OPERator at INDEX: -1 <<PRIORITY>> 100 
[ 2 ] 
2 [3] 
false 
[OPERATION Mult] 
4 
[STORING] id 236 name [ a ] with TOKEN 1111111000000000000000011101100 ON 6 value [ 4 ] 

-------Buffer----------
[2, 2, 2, 2, 2, 4, 4, 4, 4, 4, 4, 4, 4, 4, 4, 4, 4, 4, 4, 4, 4, 4, 4, 4, 4, 4, 4, 4, 4, 4, 4, 4, 4, 4, 4, 4, 4, 4, 4, 4, 4, 4, 4, 4, 4, 4, 4, 4, 4, 4, 4, 4, 4, 4, 4, 4, 4, 4, 4, 4, 4, 4, 4, 4, 4, 4, 4, 4, 4, 4, 4, 4, 4, 4, 4, 4, 4, 4, 4, 4, 4, 4, 4, 4, 4, 4, 4, 4, 4, 4, 4, 4, 4, 4, 4, 4, 4, 4, 4, 4, 4, 4, 4, 4, 4, 4, 4, 4, 4, 4, 4, 4, 4, 4, 4, 4, 4, 4, 4, 4, 4, 4, 4, 4, 4, 4, 4, 4, 4, 4, 4, 4, 4, 4, 4, 4, 4, 4, 4, 4, 4, 4, 4, 4, 4, 4, 4, 4, 4, 4, 4, 4, 4, 4, 4, 4, 4, 4, 4, 4, 4, 4, 4, 4, 4, 4, 4, 4, 4, 4, 4, 4, 4, 4, 4, 4, 4, 4, 4, 4, 4, 4, 4, 4, 4, 4, 4, 4, 4, 4, 4, 4, 4, 4, 4, 4, 4, 4, 4, 4, 4, 4, 4, 4, 4, 4, 4, 4, 4, 4, 4, 4, 4, 4, 4, 4, 4, 4, 4, 4, 4, 4, 4, 4, 4, 4, 4, 4, 4, 4, 4, 4, 4, 4, 4, 4, 4]
----------------------------- 
-------cBUFFER---------
[0, 98, 0, 104, 105, 0, 97, 0]
-------------------------- 
[RETURN VALUE] [ 4 ] 
--------[EXEC CODE]:
[ a , EQUALS , 2 , MULT , 2 ]
-------------- 


--------------------------[NEW ITERATION]
[ a , EQUALS , 2 , MULT , 2 ] 

[DOING] OPERator at INDEX: 1 <<PRIORITY>> 2 

[TRYING SETTING] [ a ] WITH [ 2 , MULT , 2 ] 


--------------------------[NEW ITERATION]
[ a ] 

[DOING] OPERator at INDEX: -1 <<PRIORITY>> 100 
[ a ] 
6 [3] 
false 


--------------------------[NEW ITERATION]
[ 2 , MULT , 2 ] 

[DOING] OPERator at INDEX: 1 <<PRIORITY>> 14 
 
[TRYING MULTIPLICATE] [ 2 ] WITH [ 2 ] 


--------------------------[NEW ITERATION]
[ 2 ] 

[DOING] OPERator at INDEX: -1 <<PRIORITY>> 100 
[ 2 ] 
3 [3] 
true 
[EXECUTING  METHODE<<2>>]
 
[ a , EQUALS , 2 , MULT , 2 , ; , a , EQUALS , 2 , MULT , 2 , ; ]---------NEW LINE---------
[ a , EQUALS , 2 , MULT , 2 ]
-------------------- 
---------NEW LINE---------
[ a , EQUALS , 2 , MULT , 2 ]
-------------------- 
--------[EXEC CODE]:
[ a , EQUALS , 2 , MULT , 2 ]
-------------- 


--------------------------[NEW ITERATION]
[ a , EQUALS , 2 , MULT , 2 ] 

[DOING] OPERator at INDEX: 1 <<PRIORITY>> 2 

[TRYING SETTING] [ a ] WITH [ 2 , MULT , 2 ] 


--------------------------[NEW ITERATION]
[ a ] 

[DOING] OPERator at INDEX: -1 <<PRIORITY>> 100 
[ a ] 
6 [3] 
false 


--------------------------[NEW ITERATION]
[ 2 , MULT , 2 ] 

[DOING] OPERator at INDEX: 1 <<PRIORITY>> 14 
 
[TRYING MULTIPLICATE] [ 2 ] WITH [ 2 ] 


--------------------------[NEW ITERATION]
[ 2 ] 

[DOING] OPERator at INDEX: -1 <<PRIORITY>> 100 
[ 2 ] 
1 [3] 
false 


--------------------------[NEW ITERATION]
[ 2 ] 

[DOING] OPERator at INDEX: -1 <<PRIORITY>> 100 
[ 2 ] 
2 [3] 
false 
[OPERATION Mult] 
4 
[STORING] id 237 name [ a ] with TOKEN 1111111000000000000000011101101 ON 6 value [ 4 ] 

-------Buffer----------
[2, 2, 2, 2, 2, 4, 4, 4, 4, 4, 4, 4, 4, 4, 4, 4, 4, 4, 4, 4, 4, 4, 4, 4, 4, 4, 4, 4, 4, 4, 4, 4, 4, 4, 4, 4, 4, 4, 4, 4, 4, 4, 4, 4, 4, 4, 4, 4, 4, 4, 4, 4, 4, 4, 4, 4, 4, 4, 4, 4, 4, 4, 4, 4, 4, 4, 4, 4, 4, 4, 4, 4, 4, 4, 4, 4, 4, 4, 4, 4, 4, 4, 4, 4, 4, 4, 4, 4, 4, 4, 4, 4, 4, 4, 4, 4, 4, 4, 4, 4, 4, 4, 4, 4, 4, 4, 4, 4, 4, 4, 4, 4, 4, 4, 4, 4, 4, 4, 4, 4, 4, 4, 4, 4, 4, 4, 4, 4, 4, 4, 4, 4, 4, 4, 4, 4, 4, 4, 4, 4, 4, 4, 4, 4, 4, 4, 4, 4, 4, 4, 4, 4, 4, 4, 4, 4, 4, 4, 4, 4, 4, 4, 4, 4, 4, 4, 4, 4, 4, 4, 4, 4, 4, 4, 4, 4, 4, 4, 4, 4, 4, 4, 4, 4, 4, 4, 4, 4, 4, 4, 4, 4, 4, 4, 4, 4, 4, 4, 4, 4, 4, 4, 4, 4, 4, 4, 4, 4, 4, 4, 4, 4, 4, 4, 4, 4, 4, 4, 4, 4, 4, 4, 4, 4, 4, 4, 4, 4, 4, 4, 4, 4, 4, 4, 4, 4, 4, 4]
----------------------------- 
-------cBUFFER---------
[0, 98, 0, 104, 105, 0, 97, 0]
-------------------------- 
[RETURN VALUE] [ 4 ] 
--------[EXEC CODE]:
[ a , EQUALS , 2 , MULT , 2 ]
-------------- 


--------------------------[NEW ITERATION]
[ a , EQUALS , 2 , MULT , 2 ] 

[DOING] OPERator at INDEX: 1 <<PRIORITY>> 2 

[TRYING SETTING] [ a ] WITH [ 2 , MULT , 2 ] 


--------------------------[NEW ITERATION]
[ a ] 

[DOING] OPERator at INDEX: -1 <<PRIORITY>> 100 
[ a ] 
6 [3] 
false 


--------------------------[NEW ITERATION]
[ 2 , MULT , 2 ] 

[DOING] OPERator at INDEX: 1 <<PRIORITY>> 14 
 
[TRYING MULTIPLICATE] [ 2 ] WITH [ 2 ] 


--------------------------[NEW ITERATION]
[ 2 ] 

[DOING] OPERator at INDEX: -1 <<PRIORITY>> 100 
[ 2 ] 
3 [3] 
true 
[EXECUTING  METHODE<<2>>]
 
[ a , EQUALS , 2 , MULT , 2 , ; , a , EQUALS , 2 , MULT , 2 , ; ]---------NEW LINE---------
[ a , EQUALS , 2 , MULT , 2 ]
-------------------- 
---------NEW LINE---------
[ a , EQUALS , 2 , MULT , 2 ]
-------------------- 
--------[EXEC CODE]:
[ a , EQUALS , 2 , MULT , 2 ]
-------------- 


--------------------------[NEW ITERATION]
[ a , EQUALS , 2 , MULT , 2 ] 

[DOING] OPERator at INDEX: 1 <<PRIORITY>> 2 

[TRYING SETTING] [ a ] WITH [ 2 , MULT , 2 ] 


--------------------------[NEW ITERATION]
[ a ] 

[DOING] OPERator at INDEX: -1 <<PRIORITY>> 100 
[ a ] 
6 [3] 
false 


--------------------------[NEW ITERATION]
[ 2 , MULT , 2 ] 

[DOING] OPERator at INDEX: 1 <<PRIORITY>> 14 
 
[TRYING MULTIPLICATE] [ 2 ] WITH [ 2 ] 


--------------------------[NEW ITERATION]
[ 2 ] 

[DOING] OPERator at INDEX: -1 <<PRIORITY>> 100 
[ 2 ] 
1 [3] 
false 


--------------------------[NEW ITERATION]
[ 2 ] 

[DOING] OPERator at INDEX: -1 <<PRIORITY>> 100 
[ 2 ] 
2 [3] 
false 
[OPERATION Mult] 
4 
[STORING] id 238 name [ a ] with TOKEN 1111111000000000000000011101110 ON 6 value [ 4 ] 

-------Buffer----------
[2, 2, 2, 2, 2, 4, 4, 4, 4, 4, 4, 4, 4, 4, 4, 4, 4, 4, 4, 4, 4, 4, 4, 4, 4, 4, 4, 4, 4, 4, 4, 4, 4, 4, 4, 4, 4, 4, 4, 4, 4, 4, 4, 4, 4, 4, 4, 4, 4, 4, 4, 4, 4, 4, 4, 4, 4, 4, 4, 4, 4, 4, 4, 4, 4, 4, 4, 4, 4, 4, 4, 4, 4, 4, 4, 4, 4, 4, 4, 4, 4, 4, 4, 4, 4, 4, 4, 4, 4, 4, 4, 4, 4, 4, 4, 4, 4, 4, 4, 4, 4, 4, 4, 4, 4, 4, 4, 4, 4, 4, 4, 4, 4, 4, 4, 4, 4, 4, 4, 4, 4, 4, 4, 4, 4, 4, 4, 4, 4, 4, 4, 4, 4, 4, 4, 4, 4, 4, 4, 4, 4, 4, 4, 4, 4, 4, 4, 4, 4, 4, 4, 4, 4, 4, 4, 4, 4, 4, 4, 4, 4, 4, 4, 4, 4, 4, 4, 4, 4, 4, 4, 4, 4, 4, 4, 4, 4, 4, 4, 4, 4, 4, 4, 4, 4, 4, 4, 4, 4, 4, 4, 4, 4, 4, 4, 4, 4, 4, 4, 4, 4, 4, 4, 4, 4, 4, 4, 4, 4, 4, 4, 4, 4, 4, 4, 4, 4, 4, 4, 4, 4, 4, 4, 4, 4, 4, 4, 4, 4, 4, 4, 4, 4, 4, 4, 4, 4, 4, 4]
----------------------------- 
-------cBUFFER---------
[0, 98, 0, 104, 105, 0, 97, 0]
-------------------------- 
[RETURN VALUE] [ 4 ] 
--------[EXEC CODE]:
[ a , EQUALS , 2 , MULT , 2 ]
-------------- 


--------------------------[NEW ITERATION]
[ a , EQUALS , 2 , MULT , 2 ] 

[DOING] OPERator at INDEX: 1 <<PRIORITY>> 2 

[TRYING SETTING] [ a ] WITH [ 2 , MULT , 2 ] 


--------------------------[NEW ITERATION]
[ a ] 

[DOING] OPERator at INDEX: -1 <<PRIORITY>> 100 
[ a ] 
6 [3] 
false 


--------------------------[NEW ITERATION]
[ 2 , MULT , 2 ] 

[DOING] OPERator at INDEX: 1 <<PRIORITY>> 14 
 
[TRYING MULTIPLICATE] [ 2 ] WITH [ 2 ] 


--------------------------[NEW ITERATION]
[ 2 ] 

[DOING] OPERator at INDEX: -1 <<PRIORITY>> 100 
[ 2 ] 
3 [3] 
true 
[EXECUTING  METHODE<<2>>]
 
[ a , EQUALS , 2 , MULT , 2 , ; , a , EQUALS , 2 , MULT , 2 , ; ]---------NEW LINE---------
[ a , EQUALS , 2 , MULT , 2 ]
-------------------- 
---------NEW LINE---------
[ a , EQUALS , 2 , MULT , 2 ]
-------------------- 
--------[EXEC CODE]:
[ a , EQUALS , 2 , MULT , 2 ]
-------------- 


--------------------------[NEW ITERATION]
[ a , EQUALS , 2 , MULT , 2 ] 

[DOING] OPERator at INDEX: 1 <<PRIORITY>> 2 

[TRYING SETTING] [ a ] WITH [ 2 , MULT , 2 ] 


--------------------------[NEW ITERATION]
[ a ] 

[DOING] OPERator at INDEX: -1 <<PRIORITY>> 100 
[ a ] 
6 [3] 
false 


--------------------------[NEW ITERATION]
[ 2 , MULT , 2 ] 

[DOING] OPERator at INDEX: 1 <<PRIORITY>> 14 
 
[TRYING MULTIPLICATE] [ 2 ] WITH [ 2 ] 


--------------------------[NEW ITERATION]
[ 2 ] 

[DOING] OPERator at INDEX: -1 <<PRIORITY>> 100 
[ 2 ] 
1 [3] 
false 


--------------------------[NEW ITERATION]
[ 2 ] 

[DOING] OPERator at INDEX: -1 <<PRIORITY>> 100 
[ 2 ] 
2 [3] 
false 
[OPERATION Mult] 
4 
[STORING] id 239 name [ a ] with TOKEN 1111111000000000000000011101111 ON 6 value [ 4 ] 

-------Buffer----------
[2, 2, 2, 2, 2, 4, 4, 4, 4, 4, 4, 4, 4, 4, 4, 4, 4, 4, 4, 4, 4, 4, 4, 4, 4, 4, 4, 4, 4, 4, 4, 4, 4, 4, 4, 4, 4, 4, 4, 4, 4, 4, 4, 4, 4, 4, 4, 4, 4, 4, 4, 4, 4, 4, 4, 4, 4, 4, 4, 4, 4, 4, 4, 4, 4, 4, 4, 4, 4, 4, 4, 4, 4, 4, 4, 4, 4, 4, 4, 4, 4, 4, 4, 4, 4, 4, 4, 4, 4, 4, 4, 4, 4, 4, 4, 4, 4, 4, 4, 4, 4, 4, 4, 4, 4, 4, 4, 4, 4, 4, 4, 4, 4, 4, 4, 4, 4, 4, 4, 4, 4, 4, 4, 4, 4, 4, 4, 4, 4, 4, 4, 4, 4, 4, 4, 4, 4, 4, 4, 4, 4, 4, 4, 4, 4, 4, 4, 4, 4, 4, 4, 4, 4, 4, 4, 4, 4, 4, 4, 4, 4, 4, 4, 4, 4, 4, 4, 4, 4, 4, 4, 4, 4, 4, 4, 4, 4, 4, 4, 4, 4, 4, 4, 4, 4, 4, 4, 4, 4, 4, 4, 4, 4, 4, 4, 4, 4, 4, 4, 4, 4, 4, 4, 4, 4, 4, 4, 4, 4, 4, 4, 4, 4, 4, 4, 4, 4, 4, 4, 4, 4, 4, 4, 4, 4, 4, 4, 4, 4, 4, 4, 4, 4, 4, 4, 4, 4, 4, 4, 4]
----------------------------- 
-------cBUFFER---------
[0, 98, 0, 104, 105, 0, 97, 0]
-------------------------- 
[RETURN VALUE] [ 4 ] 
--------[EXEC CODE]:
[ a , EQUALS , 2 , MULT , 2 ]
-------------- 


--------------------------[NEW ITERATION]
[ a , EQUALS , 2 , MULT , 2 ] 

[DOING] OPERator at INDEX: 1 <<PRIORITY>> 2 

[TRYING SETTING] [ a ] WITH [ 2 , MULT , 2 ] 


--------------------------[NEW ITERATION]
[ a ] 

[DOING] OPERator at INDEX: -1 <<PRIORITY>> 100 
[ a ] 
6 [3] 
false 


--------------------------[NEW ITERATION]
[ 2 , MULT , 2 ] 

[DOING] OPERator at INDEX: 1 <<PRIORITY>> 14 
 
[TRYING MULTIPLICATE] [ 2 ] WITH [ 2 ] 


--------------------------[NEW ITERATION]
[ 2 ] 

[DOING] OPERator at INDEX: -1 <<PRIORITY>> 100 
[ 2 ] 
3 [3] 
true 
[EXECUTING  METHODE<<2>>]
 
[ a , EQUALS , 2 , MULT , 2 , ; , a , EQUALS , 2 , MULT , 2 , ; ]---------NEW LINE---------
[ a , EQUALS , 2 , MULT , 2 ]
-------------------- 
---------NEW LINE---------
[ a , EQUALS , 2 , MULT , 2 ]
-------------------- 
--------[EXEC CODE]:
[ a , EQUALS , 2 , MULT , 2 ]
-------------- 


--------------------------[NEW ITERATION]
[ a , EQUALS , 2 , MULT , 2 ] 

[DOING] OPERator at INDEX: 1 <<PRIORITY>> 2 

[TRYING SETTING] [ a ] WITH [ 2 , MULT , 2 ] 


--------------------------[NEW ITERATION]
[ a ] 

[DOING] OPERator at INDEX: -1 <<PRIORITY>> 100 
[ a ] 
6 [3] 
false 


--------------------------[NEW ITERATION]
[ 2 , MULT , 2 ] 

[DOING] OPERator at INDEX: 1 <<PRIORITY>> 14 
 
[TRYING MULTIPLICATE] [ 2 ] WITH [ 2 ] 


--------------------------[NEW ITERATION]
[ 2 ] 

[DOING] OPERator at INDEX: -1 <<PRIORITY>> 100 
[ 2 ] 
1 [3] 
false 


--------------------------[NEW ITERATION]
[ 2 ] 

[DOING] OPERator at INDEX: -1 <<PRIORITY>> 100 
[ 2 ] 
2 [3] 
false 
[OPERATION Mult] 
4 
[STORING] id 240 name [ a ] with TOKEN 1111111000000000000000011110000 ON 6 value [ 4 ] 

-------Buffer----------
[2, 2, 2, 2, 2, 4, 4, 4, 4, 4, 4, 4, 4, 4, 4, 4, 4, 4, 4, 4, 4, 4, 4, 4, 4, 4, 4, 4, 4, 4, 4, 4, 4, 4, 4, 4, 4, 4, 4, 4, 4, 4, 4, 4, 4, 4, 4, 4, 4, 4, 4, 4, 4, 4, 4, 4, 4, 4, 4, 4, 4, 4, 4, 4, 4, 4, 4, 4, 4, 4, 4, 4, 4, 4, 4, 4, 4, 4, 4, 4, 4, 4, 4, 4, 4, 4, 4, 4, 4, 4, 4, 4, 4, 4, 4, 4, 4, 4, 4, 4, 4, 4, 4, 4, 4, 4, 4, 4, 4, 4, 4, 4, 4, 4, 4, 4, 4, 4, 4, 4, 4, 4, 4, 4, 4, 4, 4, 4, 4, 4, 4, 4, 4, 4, 4, 4, 4, 4, 4, 4, 4, 4, 4, 4, 4, 4, 4, 4, 4, 4, 4, 4, 4, 4, 4, 4, 4, 4, 4, 4, 4, 4, 4, 4, 4, 4, 4, 4, 4, 4, 4, 4, 4, 4, 4, 4, 4, 4, 4, 4, 4, 4, 4, 4, 4, 4, 4, 4, 4, 4, 4, 4, 4, 4, 4, 4, 4, 4, 4, 4, 4, 4, 4, 4, 4, 4, 4, 4, 4, 4, 4, 4, 4, 4, 4, 4, 4, 4, 4, 4, 4, 4, 4, 4, 4, 4, 4, 4, 4, 4, 4, 4, 4, 4, 4, 4, 4, 4, 4, 4, 4]
----------------------------- 
-------cBUFFER---------
[0, 98, 0, 104, 105, 0, 97, 0]
-------------------------- 
[RETURN VALUE] [ 4 ] 
--------[EXEC CODE]:
[ a , EQUALS , 2 , MULT , 2 ]
-------------- 


--------------------------[NEW ITERATION]
[ a , EQUALS , 2 , MULT , 2 ] 

[DOING] OPERator at INDEX: 1 <<PRIORITY>> 2 

[TRYING SETTING] [ a ] WITH [ 2 , MULT , 2 ] 


--------------------------[NEW ITERATION]
[ a ] 

[DOING] OPERator at INDEX: -1 <<PRIORITY>> 100 
[ a ] 
6 [3] 
false 


--------------------------[NEW ITERATION]
[ 2 , MULT , 2 ] 

[DOING] OPERator at INDEX: 1 <<PRIORITY>> 14 
 
[TRYING MULTIPLICATE] [ 2 ] WITH [ 2 ] 


--------------------------[NEW ITERATION]
[ 2 ] 

[DOING] OPERator at INDEX: -1 <<PRIORITY>> 100 
[ 2 ] 
3 [3] 
true 
[EXECUTING  METHODE<<2>>]
 
[ a , EQUALS , 2 , MULT , 2 , ; , a , EQUALS , 2 , MULT , 2 , ; ]---------NEW LINE---------
[ a , EQUALS , 2 , MULT , 2 ]
-------------------- 
---------NEW LINE---------
[ a , EQUALS , 2 , MULT , 2 ]
-------------------- 
--------[EXEC CODE]:
[ a , EQUALS , 2 , MULT , 2 ]
-------------- 


--------------------------[NEW ITERATION]
[ a , EQUALS , 2 , MULT , 2 ] 

[DOING] OPERator at INDEX: 1 <<PRIORITY>> 2 

[TRYING SETTING] [ a ] WITH [ 2 , MULT , 2 ] 


--------------------------[NEW ITERATION]
[ a ] 

[DOING] OPERator at INDEX: -1 <<PRIORITY>> 100 
[ a ] 
6 [3] 
false 


--------------------------[NEW ITERATION]
[ 2 , MULT , 2 ] 

[DOING] OPERator at INDEX: 1 <<PRIORITY>> 14 
 
[TRYING MULTIPLICATE] [ 2 ] WITH [ 2 ] 


--------------------------[NEW ITERATION]
[ 2 ] 

[DOING] OPERator at INDEX: -1 <<PRIORITY>> 100 
[ 2 ] 
1 [3] 
false 


--------------------------[NEW ITERATION]
[ 2 ] 

[DOING] OPERator at INDEX: -1 <<PRIORITY>> 100 
[ 2 ] 
2 [3] 
false 
[OPERATION Mult] 
4 
[STORING] id 241 name [ a ] with TOKEN 1111111000000000000000011110001 ON 6 value [ 4 ] 

-------Buffer----------
[2, 2, 2, 2, 2, 4, 4, 4, 4, 4, 4, 4, 4, 4, 4, 4, 4, 4, 4, 4, 4, 4, 4, 4, 4, 4, 4, 4, 4, 4, 4, 4, 4, 4, 4, 4, 4, 4, 4, 4, 4, 4, 4, 4, 4, 4, 4, 4, 4, 4, 4, 4, 4, 4, 4, 4, 4, 4, 4, 4, 4, 4, 4, 4, 4, 4, 4, 4, 4, 4, 4, 4, 4, 4, 4, 4, 4, 4, 4, 4, 4, 4, 4, 4, 4, 4, 4, 4, 4, 4, 4, 4, 4, 4, 4, 4, 4, 4, 4, 4, 4, 4, 4, 4, 4, 4, 4, 4, 4, 4, 4, 4, 4, 4, 4, 4, 4, 4, 4, 4, 4, 4, 4, 4, 4, 4, 4, 4, 4, 4, 4, 4, 4, 4, 4, 4, 4, 4, 4, 4, 4, 4, 4, 4, 4, 4, 4, 4, 4, 4, 4, 4, 4, 4, 4, 4, 4, 4, 4, 4, 4, 4, 4, 4, 4, 4, 4, 4, 4, 4, 4, 4, 4, 4, 4, 4, 4, 4, 4, 4, 4, 4, 4, 4, 4, 4, 4, 4, 4, 4, 4, 4, 4, 4, 4, 4, 4, 4, 4, 4, 4, 4, 4, 4, 4, 4, 4, 4, 4, 4, 4, 4, 4, 4, 4, 4, 4, 4, 4, 4, 4, 4, 4, 4, 4, 4, 4, 4, 4, 4, 4, 4, 4, 4, 4, 4, 4, 4, 4, 4, 4, 4]
----------------------------- 
-------cBUFFER---------
[0, 98, 0, 104, 105, 0, 97, 0]
-------------------------- 
[RETURN VALUE] [ 4 ] 
--------[EXEC CODE]:
[ a , EQUALS , 2 , MULT , 2 ]
-------------- 


--------------------------[NEW ITERATION]
[ a , EQUALS , 2 , MULT , 2 ] 

[DOING] OPERator at INDEX: 1 <<PRIORITY>> 2 

[TRYING SETTING] [ a ] WITH [ 2 , MULT , 2 ] 


--------------------------[NEW ITERATION]
[ a ] 

[DOING] OPERator at INDEX: -1 <<PRIORITY>> 100 
[ a ] 
6 [3] 
false 


--------------------------[NEW ITERATION]
[ 2 , MULT , 2 ] 

[DOING] OPERator at INDEX: 1 <<PRIORITY>> 14 
 
[TRYING MULTIPLICATE] [ 2 ] WITH [ 2 ] 


--------------------------[NEW ITERATION]
[ 2 ] 

[DOING] OPERator at INDEX: -1 <<PRIORITY>> 100 
[ 2 ] 
3 [3] 
true 
[EXECUTING  METHODE<<2>>]
 
[ a , EQUALS , 2 , MULT , 2 , ; , a , EQUALS , 2 , MULT , 2 , ; ]---------NEW LINE---------
[ a , EQUALS , 2 , MULT , 2 ]
-------------------- 
---------NEW LINE---------
[ a , EQUALS , 2 , MULT , 2 ]
-------------------- 
--------[EXEC CODE]:
[ a , EQUALS , 2 , MULT , 2 ]
-------------- 


--------------------------[NEW ITERATION]
[ a , EQUALS , 2 , MULT , 2 ] 

[DOING] OPERator at INDEX: 1 <<PRIORITY>> 2 

[TRYING SETTING] [ a ] WITH [ 2 , MULT , 2 ] 


--------------------------[NEW ITERATION]
[ a ] 

[DOING] OPERator at INDEX: -1 <<PRIORITY>> 100 
[ a ] 
6 [3] 
false 


--------------------------[NEW ITERATION]
[ 2 , MULT , 2 ] 

[DOING] OPERator at INDEX: 1 <<PRIORITY>> 14 
 
[TRYING MULTIPLICATE] [ 2 ] WITH [ 2 ] 


--------------------------[NEW ITERATION]
[ 2 ] 

[DOING] OPERator at INDEX: -1 <<PRIORITY>> 100 
[ 2 ] 
1 [3] 
false 


--------------------------[NEW ITERATION]
[ 2 ] 

[DOING] OPERator at INDEX: -1 <<PRIORITY>> 100 
[ 2 ] 
2 [3] 
false 
[OPERATION Mult] 
4 
[STORING] id 242 name [ a ] with TOKEN 1111111000000000000000011110010 ON 6 value [ 4 ] 

-------Buffer----------
[2, 2, 2, 2, 2, 4, 4, 4, 4, 4, 4, 4, 4, 4, 4, 4, 4, 4, 4, 4, 4, 4, 4, 4, 4, 4, 4, 4, 4, 4, 4, 4, 4, 4, 4, 4, 4, 4, 4, 4, 4, 4, 4, 4, 4, 4, 4, 4, 4, 4, 4, 4, 4, 4, 4, 4, 4, 4, 4, 4, 4, 4, 4, 4, 4, 4, 4, 4, 4, 4, 4, 4, 4, 4, 4, 4, 4, 4, 4, 4, 4, 4, 4, 4, 4, 4, 4, 4, 4, 4, 4, 4, 4, 4, 4, 4, 4, 4, 4, 4, 4, 4, 4, 4, 4, 4, 4, 4, 4, 4, 4, 4, 4, 4, 4, 4, 4, 4, 4, 4, 4, 4, 4, 4, 4, 4, 4, 4, 4, 4, 4, 4, 4, 4, 4, 4, 4, 4, 4, 4, 4, 4, 4, 4, 4, 4, 4, 4, 4, 4, 4, 4, 4, 4, 4, 4, 4, 4, 4, 4, 4, 4, 4, 4, 4, 4, 4, 4, 4, 4, 4, 4, 4, 4, 4, 4, 4, 4, 4, 4, 4, 4, 4, 4, 4, 4, 4, 4, 4, 4, 4, 4, 4, 4, 4, 4, 4, 4, 4, 4, 4, 4, 4, 4, 4, 4, 4, 4, 4, 4, 4, 4, 4, 4, 4, 4, 4, 4, 4, 4, 4, 4, 4, 4, 4, 4, 4, 4, 4, 4, 4, 4, 4, 4, 4, 4, 4, 4, 4, 4, 4, 4, 4]
----------------------------- 
-------cBUFFER---------
[0, 98, 0, 104, 105, 0, 97, 0]
-------------------------- 
[RETURN VALUE] [ 4 ] 
--------[EXEC CODE]:
[ a , EQUALS , 2 , MULT , 2 ]
-------------- 


--------------------------[NEW ITERATION]
[ a , EQUALS , 2 , MULT , 2 ] 

[DOING] OPERator at INDEX: 1 <<PRIORITY>> 2 

[TRYING SETTING] [ a ] WITH [ 2 , MULT , 2 ] 


--------------------------[NEW ITERATION]
[ a ] 

[DOING] OPERator at INDEX: -1 <<PRIORITY>> 100 
[ a ] 
6 [3] 
false 


--------------------------[NEW ITERATION]
[ 2 , MULT , 2 ] 

[DOING] OPERator at INDEX: 1 <<PRIORITY>> 14 
 
[TRYING MULTIPLICATE] [ 2 ] WITH [ 2 ] 


--------------------------[NEW ITERATION]
[ 2 ] 

[DOING] OPERator at INDEX: -1 <<PRIORITY>> 100 
[ 2 ] 
3 [3] 
true 
[EXECUTING  METHODE<<2>>]
 
[ a , EQUALS , 2 , MULT , 2 , ; , a , EQUALS , 2 , MULT , 2 , ; ]---------NEW LINE---------
[ a , EQUALS , 2 , MULT , 2 ]
-------------------- 
---------NEW LINE---------
[ a , EQUALS , 2 , MULT , 2 ]
-------------------- 
--------[EXEC CODE]:
[ a , EQUALS , 2 , MULT , 2 ]
-------------- 


--------------------------[NEW ITERATION]
[ a , EQUALS , 2 , MULT , 2 ] 

[DOING] OPERator at INDEX: 1 <<PRIORITY>> 2 

[TRYING SETTING] [ a ] WITH [ 2 , MULT , 2 ] 


--------------------------[NEW ITERATION]
[ a ] 

[DOING] OPERator at INDEX: -1 <<PRIORITY>> 100 
[ a ] 
6 [3] 
false 


--------------------------[NEW ITERATION]
[ 2 , MULT , 2 ] 

[DOING] OPERator at INDEX: 1 <<PRIORITY>> 14 
 
[TRYING MULTIPLICATE] [ 2 ] WITH [ 2 ] 


--------------------------[NEW ITERATION]
[ 2 ] 

[DOING] OPERator at INDEX: -1 <<PRIORITY>> 100 
[ 2 ] 
1 [3] 
false 


--------------------------[NEW ITERATION]
[ 2 ] 

[DOING] OPERator at INDEX: -1 <<PRIORITY>> 100 
[ 2 ] 
2 [3] 
false 
[OPERATION Mult] 
4 
[STORING] id 243 name [ a ] with TOKEN 1111111000000000000000011110011 ON 6 value [ 4 ] 

-------Buffer----------
[2, 2, 2, 2, 2, 4, 4, 4, 4, 4, 4, 4, 4, 4, 4, 4, 4, 4, 4, 4, 4, 4, 4, 4, 4, 4, 4, 4, 4, 4, 4, 4, 4, 4, 4, 4, 4, 4, 4, 4, 4, 4, 4, 4, 4, 4, 4, 4, 4, 4, 4, 4, 4, 4, 4, 4, 4, 4, 4, 4, 4, 4, 4, 4, 4, 4, 4, 4, 4, 4, 4, 4, 4, 4, 4, 4, 4, 4, 4, 4, 4, 4, 4, 4, 4, 4, 4, 4, 4, 4, 4, 4, 4, 4, 4, 4, 4, 4, 4, 4, 4, 4, 4, 4, 4, 4, 4, 4, 4, 4, 4, 4, 4, 4, 4, 4, 4, 4, 4, 4, 4, 4, 4, 4, 4, 4, 4, 4, 4, 4, 4, 4, 4, 4, 4, 4, 4, 4, 4, 4, 4, 4, 4, 4, 4, 4, 4, 4, 4, 4, 4, 4, 4, 4, 4, 4, 4, 4, 4, 4, 4, 4, 4, 4, 4, 4, 4, 4, 4, 4, 4, 4, 4, 4, 4, 4, 4, 4, 4, 4, 4, 4, 4, 4, 4, 4, 4, 4, 4, 4, 4, 4, 4, 4, 4, 4, 4, 4, 4, 4, 4, 4, 4, 4, 4, 4, 4, 4, 4, 4, 4, 4, 4, 4, 4, 4, 4, 4, 4, 4, 4, 4, 4, 4, 4, 4, 4, 4, 4, 4, 4, 4, 4, 4, 4, 4, 4, 4, 4, 4, 4, 4, 4, 4]
----------------------------- 
-------cBUFFER---------
[0, 98, 0, 104, 105, 0, 97, 0]
-------------------------- 
[RETURN VALUE] [ 4 ] 
--------[EXEC CODE]:
[ a , EQUALS , 2 , MULT , 2 ]
-------------- 


--------------------------[NEW ITERATION]
[ a , EQUALS , 2 , MULT , 2 ] 

[DOING] OPERator at INDEX: 1 <<PRIORITY>> 2 

[TRYING SETTING] [ a ] WITH [ 2 , MULT , 2 ] 


--------------------------[NEW ITERATION]
[ a ] 

[DOING] OPERator at INDEX: -1 <<PRIORITY>> 100 
[ a ] 
6 [3] 
false 


--------------------------[NEW ITERATION]
[ 2 , MULT , 2 ] 

[DOING] OPERator at INDEX: 1 <<PRIORITY>> 14 
 
[TRYING MULTIPLICATE] [ 2 ] WITH [ 2 ] 


--------------------------[NEW ITERATION]
[ 2 ] 

[DOING] OPERator at INDEX: -1 <<PRIORITY>> 100 
[ 2 ] 
3 [3] 
true 
[EXECUTING  METHODE<<2>>]
 
[ a , EQUALS , 2 , MULT , 2 , ; , a , EQUALS , 2 , MULT , 2 , ; ]---------NEW LINE---------
[ a , EQUALS , 2 , MULT , 2 ]
-------------------- 
---------NEW LINE---------
[ a , EQUALS , 2 , MULT , 2 ]
-------------------- 
--------[EXEC CODE]:
[ a , EQUALS , 2 , MULT , 2 ]
-------------- 


--------------------------[NEW ITERATION]
[ a , EQUALS , 2 , MULT , 2 ] 

[DOING] OPERator at INDEX: 1 <<PRIORITY>> 2 

[TRYING SETTING] [ a ] WITH [ 2 , MULT , 2 ] 


--------------------------[NEW ITERATION]
[ a ] 

[DOING] OPERator at INDEX: -1 <<PRIORITY>> 100 
[ a ] 
6 [3] 
false 


--------------------------[NEW ITERATION]
[ 2 , MULT , 2 ] 

[DOING] OPERator at INDEX: 1 <<PRIORITY>> 14 
 
[TRYING MULTIPLICATE] [ 2 ] WITH [ 2 ] 


--------------------------[NEW ITERATION]
[ 2 ] 

[DOING] OPERator at INDEX: -1 <<PRIORITY>> 100 
[ 2 ] 
1 [3] 
false 


--------------------------[NEW ITERATION]
[ 2 ] 

[DOING] OPERator at INDEX: -1 <<PRIORITY>> 100 
[ 2 ] 
2 [3] 
false 
[OPERATION Mult] 
4 
[STORING] id 244 name [ a ] with TOKEN 1111111000000000000000011110100 ON 6 value [ 4 ] 

-------Buffer----------
[2, 2, 2, 2, 2, 4, 4, 4, 4, 4, 4, 4, 4, 4, 4, 4, 4, 4, 4, 4, 4, 4, 4, 4, 4, 4, 4, 4, 4, 4, 4, 4, 4, 4, 4, 4, 4, 4, 4, 4, 4, 4, 4, 4, 4, 4, 4, 4, 4, 4, 4, 4, 4, 4, 4, 4, 4, 4, 4, 4, 4, 4, 4, 4, 4, 4, 4, 4, 4, 4, 4, 4, 4, 4, 4, 4, 4, 4, 4, 4, 4, 4, 4, 4, 4, 4, 4, 4, 4, 4, 4, 4, 4, 4, 4, 4, 4, 4, 4, 4, 4, 4, 4, 4, 4, 4, 4, 4, 4, 4, 4, 4, 4, 4, 4, 4, 4, 4, 4, 4, 4, 4, 4, 4, 4, 4, 4, 4, 4, 4, 4, 4, 4, 4, 4, 4, 4, 4, 4, 4, 4, 4, 4, 4, 4, 4, 4, 4, 4, 4, 4, 4, 4, 4, 4, 4, 4, 4, 4, 4, 4, 4, 4, 4, 4, 4, 4, 4, 4, 4, 4, 4, 4, 4, 4, 4, 4, 4, 4, 4, 4, 4, 4, 4, 4, 4, 4, 4, 4, 4, 4, 4, 4, 4, 4, 4, 4, 4, 4, 4, 4, 4, 4, 4, 4, 4, 4, 4, 4, 4, 4, 4, 4, 4, 4, 4, 4, 4, 4, 4, 4, 4, 4, 4, 4, 4, 4, 4, 4, 4, 4, 4, 4, 4, 4, 4, 4, 4, 4, 4, 4, 4, 4, 4, 4]
----------------------------- 
-------cBUFFER---------
[0, 98, 0, 104, 105, 0, 97, 0]
-------------------------- 
[RETURN VALUE] [ 4 ] 
--------[EXEC CODE]:
[ a , EQUALS , 2 , MULT , 2 ]
-------------- 


--------------------------[NEW ITERATION]
[ a , EQUALS , 2 , MULT , 2 ] 

[DOING] OPERator at INDEX: 1 <<PRIORITY>> 2 

[TRYING SETTING] [ a ] WITH [ 2 , MULT , 2 ] 


--------------------------[NEW ITERATION]
[ a ] 

[DOING] OPERator at INDEX: -1 <<PRIORITY>> 100 
[ a ] 
6 [3] 
false 


--------------------------[NEW ITERATION]
[ 2 , MULT , 2 ] 

[DOING] OPERator at INDEX: 1 <<PRIORITY>> 14 
 
[TRYING MULTIPLICATE] [ 2 ] WITH [ 2 ] 


--------------------------[NEW ITERATION]
[ 2 ] 

[DOING] OPERator at INDEX: -1 <<PRIORITY>> 100 
[ 2 ] 
3 [3] 
true 
[EXECUTING  METHODE<<2>>]
 
[ a , EQUALS , 2 , MULT , 2 , ; , a , EQUALS , 2 , MULT , 2 , ; ]---------NEW LINE---------
[ a , EQUALS , 2 , MULT , 2 ]
-------------------- 
---------NEW LINE---------
[ a , EQUALS , 2 , MULT , 2 ]
-------------------- 
--------[EXEC CODE]:
[ a , EQUALS , 2 , MULT , 2 ]
-------------- 


--------------------------[NEW ITERATION]
[ a , EQUALS , 2 , MULT , 2 ] 

[DOING] OPERator at INDEX: 1 <<PRIORITY>> 2 

[TRYING SETTING] [ a ] WITH [ 2 , MULT , 2 ] 


--------------------------[NEW ITERATION]
[ a ] 

[DOING] OPERator at INDEX: -1 <<PRIORITY>> 100 
[ a ] 
6 [3] 
false 


--------------------------[NEW ITERATION]
[ 2 , MULT , 2 ] 

[DOING] OPERator at INDEX: 1 <<PRIORITY>> 14 
 
[TRYING MULTIPLICATE] [ 2 ] WITH [ 2 ] 


--------------------------[NEW ITERATION]
[ 2 ] 

[DOING] OPERator at INDEX: -1 <<PRIORITY>> 100 
[ 2 ] 
1 [3] 
false 


--------------------------[NEW ITERATION]
[ 2 ] 

[DOING] OPERator at INDEX: -1 <<PRIORITY>> 100 
[ 2 ] 
2 [3] 
false 
[OPERATION Mult] 
4 
[STORING] id 245 name [ a ] with TOKEN 1111111000000000000000011110101 ON 6 value [ 4 ] 

-------Buffer----------
[2, 2, 2, 2, 2, 4, 4, 4, 4, 4, 4, 4, 4, 4, 4, 4, 4, 4, 4, 4, 4, 4, 4, 4, 4, 4, 4, 4, 4, 4, 4, 4, 4, 4, 4, 4, 4, 4, 4, 4, 4, 4, 4, 4, 4, 4, 4, 4, 4, 4, 4, 4, 4, 4, 4, 4, 4, 4, 4, 4, 4, 4, 4, 4, 4, 4, 4, 4, 4, 4, 4, 4, 4, 4, 4, 4, 4, 4, 4, 4, 4, 4, 4, 4, 4, 4, 4, 4, 4, 4, 4, 4, 4, 4, 4, 4, 4, 4, 4, 4, 4, 4, 4, 4, 4, 4, 4, 4, 4, 4, 4, 4, 4, 4, 4, 4, 4, 4, 4, 4, 4, 4, 4, 4, 4, 4, 4, 4, 4, 4, 4, 4, 4, 4, 4, 4, 4, 4, 4, 4, 4, 4, 4, 4, 4, 4, 4, 4, 4, 4, 4, 4, 4, 4, 4, 4, 4, 4, 4, 4, 4, 4, 4, 4, 4, 4, 4, 4, 4, 4, 4, 4, 4, 4, 4, 4, 4, 4, 4, 4, 4, 4, 4, 4, 4, 4, 4, 4, 4, 4, 4, 4, 4, 4, 4, 4, 4, 4, 4, 4, 4, 4, 4, 4, 4, 4, 4, 4, 4, 4, 4, 4, 4, 4, 4, 4, 4, 4, 4, 4, 4, 4, 4, 4, 4, 4, 4, 4, 4, 4, 4, 4, 4, 4, 4, 4, 4, 4, 4, 4, 4, 4, 4, 4, 4, 4]
----------------------------- 
-------cBUFFER---------
[0, 98, 0, 104, 105, 0, 97, 0]
-------------------------- 
[RETURN VALUE] [ 4 ] 
--------[EXEC CODE]:
[ a , EQUALS , 2 , MULT , 2 ]
-------------- 


--------------------------[NEW ITERATION]
[ a , EQUALS , 2 , MULT , 2 ] 

[DOING] OPERator at INDEX: 1 <<PRIORITY>> 2 

[TRYING SETTING] [ a ] WITH [ 2 , MULT , 2 ] 


--------------------------[NEW ITERATION]
[ a ] 

[DOING] OPERator at INDEX: -1 <<PRIORITY>> 100 
[ a ] 
6 [3] 
false 


--------------------------[NEW ITERATION]
[ 2 , MULT , 2 ] 

[DOING] OPERator at INDEX: 1 <<PRIORITY>> 14 
 
[TRYING MULTIPLICATE] [ 2 ] WITH [ 2 ] 


--------------------------[NEW ITERATION]
[ 2 ] 

[DOING] OPERator at INDEX: -1 <<PRIORITY>> 100 
[ 2 ] 
3 [3] 
true 
[EXECUTING  METHODE<<2>>]
 
[ a , EQUALS , 2 , MULT , 2 , ; , a , EQUALS , 2 , MULT , 2 , ; ]---------NEW LINE---------
[ a , EQUALS , 2 , MULT , 2 ]
-------------------- 
---------NEW LINE---------
[ a , EQUALS , 2 , MULT , 2 ]
-------------------- 
--------[EXEC CODE]:
[ a , EQUALS , 2 , MULT , 2 ]
-------------- 


--------------------------[NEW ITERATION]
[ a , EQUALS , 2 , MULT , 2 ] 

[DOING] OPERator at INDEX: 1 <<PRIORITY>> 2 

[TRYING SETTING] [ a ] WITH [ 2 , MULT , 2 ] 


--------------------------[NEW ITERATION]
[ a ] 

[DOING] OPERator at INDEX: -1 <<PRIORITY>> 100 
[ a ] 
6 [3] 
false 


--------------------------[NEW ITERATION]
[ 2 , MULT , 2 ] 

[DOING] OPERator at INDEX: 1 <<PRIORITY>> 14 
 
[TRYING MULTIPLICATE] [ 2 ] WITH [ 2 ] 


--------------------------[NEW ITERATION]
[ 2 ] 

[DOING] OPERator at INDEX: -1 <<PRIORITY>> 100 
[ 2 ] 
1 [3] 
false 


--------------------------[NEW ITERATION]
[ 2 ] 

[DOING] OPERator at INDEX: -1 <<PRIORITY>> 100 
[ 2 ] 
2 [3] 
false 
[OPERATION Mult] 
4 
[STORING] id 246 name [ a ] with TOKEN 1111111000000000000000011110110 ON 6 value [ 4 ] 

-------Buffer----------
[2, 2, 2, 2, 2, 4, 4, 4, 4, 4, 4, 4, 4, 4, 4, 4, 4, 4, 4, 4, 4, 4, 4, 4, 4, 4, 4, 4, 4, 4, 4, 4, 4, 4, 4, 4, 4, 4, 4, 4, 4, 4, 4, 4, 4, 4, 4, 4, 4, 4, 4, 4, 4, 4, 4, 4, 4, 4, 4, 4, 4, 4, 4, 4, 4, 4, 4, 4, 4, 4, 4, 4, 4, 4, 4, 4, 4, 4, 4, 4, 4, 4, 4, 4, 4, 4, 4, 4, 4, 4, 4, 4, 4, 4, 4, 4, 4, 4, 4, 4, 4, 4, 4, 4, 4, 4, 4, 4, 4, 4, 4, 4, 4, 4, 4, 4, 4, 4, 4, 4, 4, 4, 4, 4, 4, 4, 4, 4, 4, 4, 4, 4, 4, 4, 4, 4, 4, 4, 4, 4, 4, 4, 4, 4, 4, 4, 4, 4, 4, 4, 4, 4, 4, 4, 4, 4, 4, 4, 4, 4, 4, 4, 4, 4, 4, 4, 4, 4, 4, 4, 4, 4, 4, 4, 4, 4, 4, 4, 4, 4, 4, 4, 4, 4, 4, 4, 4, 4, 4, 4, 4, 4, 4, 4, 4, 4, 4, 4, 4, 4, 4, 4, 4, 4, 4, 4, 4, 4, 4, 4, 4, 4, 4, 4, 4, 4, 4, 4, 4, 4, 4, 4, 4, 4, 4, 4, 4, 4, 4, 4, 4, 4, 4, 4, 4, 4, 4, 4, 4, 4, 4, 4, 4, 4, 4, 4, 4]
----------------------------- 
-------cBUFFER---------
[0, 98, 0, 104, 105, 0, 97, 0]
-------------------------- 
[RETURN VALUE] [ 4 ] 
--------[EXEC CODE]:
[ a , EQUALS , 2 , MULT , 2 ]
-------------- 


--------------------------[NEW ITERATION]
[ a , EQUALS , 2 , MULT , 2 ] 

[DOING] OPERator at INDEX: 1 <<PRIORITY>> 2 

[TRYING SETTING] [ a ] WITH [ 2 , MULT , 2 ] 


--------------------------[NEW ITERATION]
[ a ] 

[DOING] OPERator at INDEX: -1 <<PRIORITY>> 100 
[ a ] 
6 [3] 
false 


--------------------------[NEW ITERATION]
[ 2 , MULT , 2 ] 

[DOING] OPERator at INDEX: 1 <<PRIORITY>> 14 
 
[TRYING MULTIPLICATE] [ 2 ] WITH [ 2 ] 


--------------------------[NEW ITERATION]
[ 2 ] 

[DOING] OPERator at INDEX: -1 <<PRIORITY>> 100 
[ 2 ] 
3 [3] 
true 
[EXECUTING  METHODE<<2>>]
 
[ a , EQUALS , 2 , MULT , 2 , ; , a , EQUALS , 2 , MULT , 2 , ; ]---------NEW LINE---------
[ a , EQUALS , 2 , MULT , 2 ]
-------------------- 
---------NEW LINE---------
[ a , EQUALS , 2 , MULT , 2 ]
-------------------- 
--------[EXEC CODE]:
[ a , EQUALS , 2 , MULT , 2 ]
-------------- 


--------------------------[NEW ITERATION]
[ a , EQUALS , 2 , MULT , 2 ] 

[DOING] OPERator at INDEX: 1 <<PRIORITY>> 2 

[TRYING SETTING] [ a ] WITH [ 2 , MULT , 2 ] 


--------------------------[NEW ITERATION]
[ a ] 

[DOING] OPERator at INDEX: -1 <<PRIORITY>> 100 
[ a ] 
6 [3] 
false 


--------------------------[NEW ITERATION]
[ 2 , MULT , 2 ] 

[DOING] OPERator at INDEX: 1 <<PRIORITY>> 14 
 
[TRYING MULTIPLICATE] [ 2 ] WITH [ 2 ] 


--------------------------[NEW ITERATION]
[ 2 ] 

[DOING] OPERator at INDEX: -1 <<PRIORITY>> 100 
[ 2 ] 
1 [3] 
false 


--------------------------[NEW ITERATION]
[ 2 ] 

[DOING] OPERator at INDEX: -1 <<PRIORITY>> 100 
[ 2 ] 
2 [3] 
false 
[OPERATION Mult] 
4 
[STORING] id 247 name [ a ] with TOKEN 1111111000000000000000011110111 ON 6 value [ 4 ] 

-------Buffer----------
[2, 2, 2, 2, 2, 4, 4, 4, 4, 4, 4, 4, 4, 4, 4, 4, 4, 4, 4, 4, 4, 4, 4, 4, 4, 4, 4, 4, 4, 4, 4, 4, 4, 4, 4, 4, 4, 4, 4, 4, 4, 4, 4, 4, 4, 4, 4, 4, 4, 4, 4, 4, 4, 4, 4, 4, 4, 4, 4, 4, 4, 4, 4, 4, 4, 4, 4, 4, 4, 4, 4, 4, 4, 4, 4, 4, 4, 4, 4, 4, 4, 4, 4, 4, 4, 4, 4, 4, 4, 4, 4, 4, 4, 4, 4, 4, 4, 4, 4, 4, 4, 4, 4, 4, 4, 4, 4, 4, 4, 4, 4, 4, 4, 4, 4, 4, 4, 4, 4, 4, 4, 4, 4, 4, 4, 4, 4, 4, 4, 4, 4, 4, 4, 4, 4, 4, 4, 4, 4, 4, 4, 4, 4, 4, 4, 4, 4, 4, 4, 4, 4, 4, 4, 4, 4, 4, 4, 4, 4, 4, 4, 4, 4, 4, 4, 4, 4, 4, 4, 4, 4, 4, 4, 4, 4, 4, 4, 4, 4, 4, 4, 4, 4, 4, 4, 4, 4, 4, 4, 4, 4, 4, 4, 4, 4, 4, 4, 4, 4, 4, 4, 4, 4, 4, 4, 4, 4, 4, 4, 4, 4, 4, 4, 4, 4, 4, 4, 4, 4, 4, 4, 4, 4, 4, 4, 4, 4, 4, 4, 4, 4, 4, 4, 4, 4, 4, 4, 4, 4, 4, 4, 4, 4, 4, 4, 4, 4, 4]
----------------------------- 
-------cBUFFER---------
[0, 98, 0, 104, 105, 0, 97, 0]
-------------------------- 
[RETURN VALUE] [ 4 ] 
--------[EXEC CODE]:
[ a , EQUALS , 2 , MULT , 2 ]
-------------- 


--------------------------[NEW ITERATION]
[ a , EQUALS , 2 , MULT , 2 ] 

[DOING] OPERator at INDEX: 1 <<PRIORITY>> 2 

[TRYING SETTING] [ a ] WITH [ 2 , MULT , 2 ] 


--------------------------[NEW ITERATION]
[ a ] 

[DOING] OPERator at INDEX: -1 <<PRIORITY>> 100 
[ a ] 
6 [3] 
false 


--------------------------[NEW ITERATION]
[ 2 , MULT , 2 ] 

[DOING] OPERator at INDEX: 1 <<PRIORITY>> 14 
 
[TRYING MULTIPLICATE] [ 2 ] WITH [ 2 ] 


--------------------------[NEW ITERATION]
[ 2 ] 

[DOING] OPERator at INDEX: -1 <<PRIORITY>> 100 
[ 2 ] 
3 [3] 
true 
[EXECUTING  METHODE<<2>>]
 
[ a , EQUALS , 2 , MULT , 2 , ; , a , EQUALS , 2 , MULT , 2 , ; ]---------NEW LINE---------
[ a , EQUALS , 2 , MULT , 2 ]
-------------------- 
---------NEW LINE---------
[ a , EQUALS , 2 , MULT , 2 ]
-------------------- 
--------[EXEC CODE]:
[ a , EQUALS , 2 , MULT , 2 ]
-------------- 


--------------------------[NEW ITERATION]
[ a , EQUALS , 2 , MULT , 2 ] 

[DOING] OPERator at INDEX: 1 <<PRIORITY>> 2 

[TRYING SETTING] [ a ] WITH [ 2 , MULT , 2 ] 


--------------------------[NEW ITERATION]
[ a ] 

[DOING] OPERator at INDEX: -1 <<PRIORITY>> 100 
[ a ] 
6 [3] 
false 


--------------------------[NEW ITERATION]
[ 2 , MULT , 2 ] 

[DOING] OPERator at INDEX: 1 <<PRIORITY>> 14 
 
[TRYING MULTIPLICATE] [ 2 ] WITH [ 2 ] 


--------------------------[NEW ITERATION]
[ 2 ] 

[DOING] OPERator at INDEX: -1 <<PRIORITY>> 100 
[ 2 ] 
1 [3] 
false 


--------------------------[NEW ITERATION]
[ 2 ] 

[DOING] OPERator at INDEX: -1 <<PRIORITY>> 100 
[ 2 ] 
2 [3] 
false 
[OPERATION Mult] 
4 
[STORING] id 248 name [ a ] with TOKEN 1111111000000000000000011111000 ON 6 value [ 4 ] 

-------Buffer----------
[2, 2, 2, 2, 2, 4, 4, 4, 4, 4, 4, 4, 4, 4, 4, 4, 4, 4, 4, 4, 4, 4, 4, 4, 4, 4, 4, 4, 4, 4, 4, 4, 4, 4, 4, 4, 4, 4, 4, 4, 4, 4, 4, 4, 4, 4, 4, 4, 4, 4, 4, 4, 4, 4, 4, 4, 4, 4, 4, 4, 4, 4, 4, 4, 4, 4, 4, 4, 4, 4, 4, 4, 4, 4, 4, 4, 4, 4, 4, 4, 4, 4, 4, 4, 4, 4, 4, 4, 4, 4, 4, 4, 4, 4, 4, 4, 4, 4, 4, 4, 4, 4, 4, 4, 4, 4, 4, 4, 4, 4, 4, 4, 4, 4, 4, 4, 4, 4, 4, 4, 4, 4, 4, 4, 4, 4, 4, 4, 4, 4, 4, 4, 4, 4, 4, 4, 4, 4, 4, 4, 4, 4, 4, 4, 4, 4, 4, 4, 4, 4, 4, 4, 4, 4, 4, 4, 4, 4, 4, 4, 4, 4, 4, 4, 4, 4, 4, 4, 4, 4, 4, 4, 4, 4, 4, 4, 4, 4, 4, 4, 4, 4, 4, 4, 4, 4, 4, 4, 4, 4, 4, 4, 4, 4, 4, 4, 4, 4, 4, 4, 4, 4, 4, 4, 4, 4, 4, 4, 4, 4, 4, 4, 4, 4, 4, 4, 4, 4, 4, 4, 4, 4, 4, 4, 4, 4, 4, 4, 4, 4, 4, 4, 4, 4, 4, 4, 4, 4, 4, 4, 4, 4, 4, 4, 4, 4, 4, 4, 4]
----------------------------- 
-------cBUFFER---------
[0, 98, 0, 104, 105, 0, 97, 0]
-------------------------- 
[RETURN VALUE] [ 4 ] 
--------[EXEC CODE]:
[ a , EQUALS , 2 , MULT , 2 ]
-------------- 


--------------------------[NEW ITERATION]
[ a , EQUALS , 2 , MULT , 2 ] 

[DOING] OPERator at INDEX: 1 <<PRIORITY>> 2 

[TRYING SETTING] [ a ] WITH [ 2 , MULT , 2 ] 


--------------------------[NEW ITERATION]
[ a ] 

[DOING] OPERator at INDEX: -1 <<PRIORITY>> 100 
[ a ] 
6 [3] 
false 


--------------------------[NEW ITERATION]
[ 2 , MULT , 2 ] 

[DOING] OPERator at INDEX: 1 <<PRIORITY>> 14 
 
[TRYING MULTIPLICATE] [ 2 ] WITH [ 2 ] 


--------------------------[NEW ITERATION]
[ 2 ] 

[DOING] OPERator at INDEX: -1 <<PRIORITY>> 100 
[ 2 ] 
3 [3] 
true 
[EXECUTING  METHODE<<2>>]
 
[ a , EQUALS , 2 , MULT , 2 , ; , a , EQUALS , 2 , MULT , 2 , ; ]---------NEW LINE---------
[ a , EQUALS , 2 , MULT , 2 ]
-------------------- 
---------NEW LINE---------
[ a , EQUALS , 2 , MULT , 2 ]
-------------------- 
--------[EXEC CODE]:
[ a , EQUALS , 2 , MULT , 2 ]
-------------- 


--------------------------[NEW ITERATION]
[ a , EQUALS , 2 , MULT , 2 ] 

[DOING] OPERator at INDEX: 1 <<PRIORITY>> 2 

[TRYING SETTING] [ a ] WITH [ 2 , MULT , 2 ] 


--------------------------[NEW ITERATION]
[ a ] 

[DOING] OPERator at INDEX: -1 <<PRIORITY>> 100 
[ a ] 
6 [3] 
false 


--------------------------[NEW ITERATION]
[ 2 , MULT , 2 ] 

[DOING] OPERator at INDEX: 1 <<PRIORITY>> 14 
 
[TRYING MULTIPLICATE] [ 2 ] WITH [ 2 ] 


--------------------------[NEW ITERATION]
[ 2 ] 

[DOING] OPERator at INDEX: -1 <<PRIORITY>> 100 
[ 2 ] 
1 [3] 
false 


--------------------------[NEW ITERATION]
[ 2 ] 

[DOING] OPERator at INDEX: -1 <<PRIORITY>> 100 
[ 2 ] 
2 [3] 
false 
[OPERATION Mult] 
4 
[STORING] id 249 name [ a ] with TOKEN 1111111000000000000000011111001 ON 6 value [ 4 ] 

-------Buffer----------
[2, 2, 2, 2, 2, 4, 4, 4, 4, 4, 4, 4, 4, 4, 4, 4, 4, 4, 4, 4, 4, 4, 4, 4, 4, 4, 4, 4, 4, 4, 4, 4, 4, 4, 4, 4, 4, 4, 4, 4, 4, 4, 4, 4, 4, 4, 4, 4, 4, 4, 4, 4, 4, 4, 4, 4, 4, 4, 4, 4, 4, 4, 4, 4, 4, 4, 4, 4, 4, 4, 4, 4, 4, 4, 4, 4, 4, 4, 4, 4, 4, 4, 4, 4, 4, 4, 4, 4, 4, 4, 4, 4, 4, 4, 4, 4, 4, 4, 4, 4, 4, 4, 4, 4, 4, 4, 4, 4, 4, 4, 4, 4, 4, 4, 4, 4, 4, 4, 4, 4, 4, 4, 4, 4, 4, 4, 4, 4, 4, 4, 4, 4, 4, 4, 4, 4, 4, 4, 4, 4, 4, 4, 4, 4, 4, 4, 4, 4, 4, 4, 4, 4, 4, 4, 4, 4, 4, 4, 4, 4, 4, 4, 4, 4, 4, 4, 4, 4, 4, 4, 4, 4, 4, 4, 4, 4, 4, 4, 4, 4, 4, 4, 4, 4, 4, 4, 4, 4, 4, 4, 4, 4, 4, 4, 4, 4, 4, 4, 4, 4, 4, 4, 4, 4, 4, 4, 4, 4, 4, 4, 4, 4, 4, 4, 4, 4, 4, 4, 4, 4, 4, 4, 4, 4, 4, 4, 4, 4, 4, 4, 4, 4, 4, 4, 4, 4, 4, 4, 4, 4, 4, 4, 4, 4, 4, 4, 4, 4, 4, 4]
----------------------------- 
-------cBUFFER---------
[0, 98, 0, 104, 105, 0, 97, 0]
-------------------------- 
[RETURN VALUE] [ 4 ] 
--------[EXEC CODE]:
[ a , EQUALS , 2 , MULT , 2 ]
-------------- 


--------------------------[NEW ITERATION]
[ a , EQUALS , 2 , MULT , 2 ] 

[DOING] OPERator at INDEX: 1 <<PRIORITY>> 2 

[TRYING SETTING] [ a ] WITH [ 2 , MULT , 2 ] 


--------------------------[NEW ITERATION]
[ a ] 

[DOING] OPERator at INDEX: -1 <<PRIORITY>> 100 
[ a ] 
6 [3] 
false 


--------------------------[NEW ITERATION]
[ 2 , MULT , 2 ] 

[DOING] OPERator at INDEX: 1 <<PRIORITY>> 14 
 
[TRYING MULTIPLICATE] [ 2 ] WITH [ 2 ] 


--------------------------[NEW ITERATION]
[ 2 ] 

[DOING] OPERator at INDEX: -1 <<PRIORITY>> 100 
[ 2 ] 
3 [3] 
true 
[EXECUTING  METHODE<<2>>]
 
[ a , EQUALS , 2 , MULT , 2 , ; , a , EQUALS , 2 , MULT , 2 , ; ]---------NEW LINE---------
[ a , EQUALS , 2 , MULT , 2 ]
-------------------- 
---------NEW LINE---------
[ a , EQUALS , 2 , MULT , 2 ]
-------------------- 
--------[EXEC CODE]:
[ a , EQUALS , 2 , MULT , 2 ]
-------------- 


--------------------------[NEW ITERATION]
[ a , EQUALS , 2 , MULT , 2 ] 

[DOING] OPERator at INDEX: 1 <<PRIORITY>> 2 

[TRYING SETTING] [ a ] WITH [ 2 , MULT , 2 ] 


--------------------------[NEW ITERATION]
[ a ] 

[DOING] OPERator at INDEX: -1 <<PRIORITY>> 100 
[ a ] 
6 [3] 
false 


--------------------------[NEW ITERATION]
[ 2 , MULT , 2 ] 

[DOING] OPERator at INDEX: 1 <<PRIORITY>> 14 
 
[TRYING MULTIPLICATE] [ 2 ] WITH [ 2 ] 


--------------------------[NEW ITERATION]
[ 2 ] 

[DOING] OPERator at INDEX: -1 <<PRIORITY>> 100 
[ 2 ] 
1 [3] 
false 


--------------------------[NEW ITERATION]
[ 2 ] 

[DOING] OPERator at INDEX: -1 <<PRIORITY>> 100 
[ 2 ] 
2 [3] 
false 
[OPERATION Mult] 
4 
[STORING] id 250 name [ a ] with TOKEN 1111111000000000000000011111010 ON 6 value [ 4 ] 

-------Buffer----------
[2, 2, 2, 2, 2, 4, 4, 4, 4, 4, 4, 4, 4, 4, 4, 4, 4, 4, 4, 4, 4, 4, 4, 4, 4, 4, 4, 4, 4, 4, 4, 4, 4, 4, 4, 4, 4, 4, 4, 4, 4, 4, 4, 4, 4, 4, 4, 4, 4, 4, 4, 4, 4, 4, 4, 4, 4, 4, 4, 4, 4, 4, 4, 4, 4, 4, 4, 4, 4, 4, 4, 4, 4, 4, 4, 4, 4, 4, 4, 4, 4, 4, 4, 4, 4, 4, 4, 4, 4, 4, 4, 4, 4, 4, 4, 4, 4, 4, 4, 4, 4, 4, 4, 4, 4, 4, 4, 4, 4, 4, 4, 4, 4, 4, 4, 4, 4, 4, 4, 4, 4, 4, 4, 4, 4, 4, 4, 4, 4, 4, 4, 4, 4, 4, 4, 4, 4, 4, 4, 4, 4, 4, 4, 4, 4, 4, 4, 4, 4, 4, 4, 4, 4, 4, 4, 4, 4, 4, 4, 4, 4, 4, 4, 4, 4, 4, 4, 4, 4, 4, 4, 4, 4, 4, 4, 4, 4, 4, 4, 4, 4, 4, 4, 4, 4, 4, 4, 4, 4, 4, 4, 4, 4, 4, 4, 4, 4, 4, 4, 4, 4, 4, 4, 4, 4, 4, 4, 4, 4, 4, 4, 4, 4, 4, 4, 4, 4, 4, 4, 4, 4, 4, 4, 4, 4, 4, 4, 4, 4, 4, 4, 4, 4, 4, 4, 4, 4, 4, 4, 4, 4, 4, 4, 4, 4, 4, 4, 4, 4, 4, 4]
----------------------------- 
-------cBUFFER---------
[0, 98, 0, 104, 105, 0, 97, 0]
-------------------------- 
[RETURN VALUE] [ 4 ] 
--------[EXEC CODE]:
[ a , EQUALS , 2 , MULT , 2 ]
-------------- 


--------------------------[NEW ITERATION]
[ a , EQUALS , 2 , MULT , 2 ] 

[DOING] OPERator at INDEX: 1 <<PRIORITY>> 2 

[TRYING SETTING] [ a ] WITH [ 2 , MULT , 2 ] 


--------------------------[NEW ITERATION]
[ a ] 

[DOING] OPERator at INDEX: -1 <<PRIORITY>> 100 
[ a ] 
6 [3] 
false 


--------------------------[NEW ITERATION]
[ 2 , MULT , 2 ] 

[DOING] OPERator at INDEX: 1 <<PRIORITY>> 14 
 
[TRYING MULTIPLICATE] [ 2 ] WITH [ 2 ] 


--------------------------[NEW ITERATION]
[ 2 ] 

[DOING] OPERator at INDEX: -1 <<PRIORITY>> 100 
[ 2 ] 
3 [3] 
true 
[EXECUTING  METHODE<<2>>]
 
[ a , EQUALS , 2 , MULT , 2 , ; , a , EQUALS , 2 , MULT , 2 , ; ]---------NEW LINE---------
[ a , EQUALS , 2 , MULT , 2 ]
-------------------- 
---------NEW LINE---------
[ a , EQUALS , 2 , MULT , 2 ]
-------------------- 
--------[EXEC CODE]:
[ a , EQUALS , 2 , MULT , 2 ]
-------------- 


--------------------------[NEW ITERATION]
[ a , EQUALS , 2 , MULT , 2 ] 

[DOING] OPERator at INDEX: 1 <<PRIORITY>> 2 

[TRYING SETTING] [ a ] WITH [ 2 , MULT , 2 ] 


--------------------------[NEW ITERATION]
[ a ] 

[DOING] OPERator at INDEX: -1 <<PRIORITY>> 100 
[ a ] 
6 [3] 
false 


--------------------------[NEW ITERATION]
[ 2 , MULT , 2 ] 

[DOING] OPERator at INDEX: 1 <<PRIORITY>> 14 
 
[TRYING MULTIPLICATE] [ 2 ] WITH [ 2 ] 


--------------------------[NEW ITERATION]
[ 2 ] 

[DOING] OPERator at INDEX: -1 <<PRIORITY>> 100 
[ 2 ] 
1 [3] 
false 


--------------------------[NEW ITERATION]
[ 2 ] 

[DOING] OPERator at INDEX: -1 <<PRIORITY>> 100 
[ 2 ] 
2 [3] 
false 
[OPERATION Mult] 
4 
[STORING] id 251 name [ a ] with TOKEN 1111111000000000000000011111011 ON 6 value [ 4 ] 

-------Buffer----------
[2, 2, 2, 2, 2, 4, 4, 4, 4, 4, 4, 4, 4, 4, 4, 4, 4, 4, 4, 4, 4, 4, 4, 4, 4, 4, 4, 4, 4, 4, 4, 4, 4, 4, 4, 4, 4, 4, 4, 4, 4, 4, 4, 4, 4, 4, 4, 4, 4, 4, 4, 4, 4, 4, 4, 4, 4, 4, 4, 4, 4, 4, 4, 4, 4, 4, 4, 4, 4, 4, 4, 4, 4, 4, 4, 4, 4, 4, 4, 4, 4, 4, 4, 4, 4, 4, 4, 4, 4, 4, 4, 4, 4, 4, 4, 4, 4, 4, 4, 4, 4, 4, 4, 4, 4, 4, 4, 4, 4, 4, 4, 4, 4, 4, 4, 4, 4, 4, 4, 4, 4, 4, 4, 4, 4, 4, 4, 4, 4, 4, 4, 4, 4, 4, 4, 4, 4, 4, 4, 4, 4, 4, 4, 4, 4, 4, 4, 4, 4, 4, 4, 4, 4, 4, 4, 4, 4, 4, 4, 4, 4, 4, 4, 4, 4, 4, 4, 4, 4, 4, 4, 4, 4, 4, 4, 4, 4, 4, 4, 4, 4, 4, 4, 4, 4, 4, 4, 4, 4, 4, 4, 4, 4, 4, 4, 4, 4, 4, 4, 4, 4, 4, 4, 4, 4, 4, 4, 4, 4, 4, 4, 4, 4, 4, 4, 4, 4, 4, 4, 4, 4, 4, 4, 4, 4, 4, 4, 4, 4, 4, 4, 4, 4, 4, 4, 4, 4, 4, 4, 4, 4, 4, 4, 4, 4, 4, 4, 4, 4, 4, 4, 4]
----------------------------- 
-------cBUFFER---------
[0, 98, 0, 104, 105, 0, 97, 0]
-------------------------- 
[RETURN VALUE] [ 4 ] 
--------[EXEC CODE]:
[ a , EQUALS , 2 , MULT , 2 ]
-------------- 


--------------------------[NEW ITERATION]
[ a , EQUALS , 2 , MULT , 2 ] 

[DOING] OPERator at INDEX: 1 <<PRIORITY>> 2 

[TRYING SETTING] [ a ] WITH [ 2 , MULT , 2 ] 


--------------------------[NEW ITERATION]
[ a ] 

[DOING] OPERator at INDEX: -1 <<PRIORITY>> 100 
[ a ] 
6 [3] 
false 


--------------------------[NEW ITERATION]
[ 2 , MULT , 2 ] 

[DOING] OPERator at INDEX: 1 <<PRIORITY>> 14 
 
[TRYING MULTIPLICATE] [ 2 ] WITH [ 2 ] 


--------------------------[NEW ITERATION]
[ 2 ] 

[DOING] OPERator at INDEX: -1 <<PRIORITY>> 100 
[ 2 ] 
3 [3] 
true 
[EXECUTING  METHODE<<2>>]
 
[ a , EQUALS , 2 , MULT , 2 , ; , a , EQUALS , 2 , MULT , 2 , ; ]---------NEW LINE---------
[ a , EQUALS , 2 , MULT , 2 ]
-------------------- 
---------NEW LINE---------
[ a , EQUALS , 2 , MULT , 2 ]
-------------------- 
--------[EXEC CODE]:
[ a , EQUALS , 2 , MULT , 2 ]
-------------- 


--------------------------[NEW ITERATION]
[ a , EQUALS , 2 , MULT , 2 ] 

[DOING] OPERator at INDEX: 1 <<PRIORITY>> 2 

[TRYING SETTING] [ a ] WITH [ 2 , MULT , 2 ] 


--------------------------[NEW ITERATION]
[ a ] 

[DOING] OPERator at INDEX: -1 <<PRIORITY>> 100 
[ a ] 
6 [3] 
false 


--------------------------[NEW ITERATION]
[ 2 , MULT , 2 ] 

[DOING] OPERator at INDEX: 1 <<PRIORITY>> 14 
 
[TRYING MULTIPLICATE] [ 2 ] WITH [ 2 ] 


--------------------------[NEW ITERATION]
[ 2 ] 

[DOING] OPERator at INDEX: -1 <<PRIORITY>> 100 
[ 2 ] 
1 [3] 
false 


--------------------------[NEW ITERATION]
[ 2 ] 

[DOING] OPERator at INDEX: -1 <<PRIORITY>> 100 
[ 2 ] 
2 [3] 
false 
[OPERATION Mult] 
4 
[STORING] id 252 name [ a ] with TOKEN 1111111000000000000000011111100 ON 6 value [ 4 ] 

-------Buffer----------
[2, 2, 2, 2, 2, 4, 4, 4, 4, 4, 4, 4, 4, 4, 4, 4, 4, 4, 4, 4, 4, 4, 4, 4, 4, 4, 4, 4, 4, 4, 4, 4, 4, 4, 4, 4, 4, 4, 4, 4, 4, 4, 4, 4, 4, 4, 4, 4, 4, 4, 4, 4, 4, 4, 4, 4, 4, 4, 4, 4, 4, 4, 4, 4, 4, 4, 4, 4, 4, 4, 4, 4, 4, 4, 4, 4, 4, 4, 4, 4, 4, 4, 4, 4, 4, 4, 4, 4, 4, 4, 4, 4, 4, 4, 4, 4, 4, 4, 4, 4, 4, 4, 4, 4, 4, 4, 4, 4, 4, 4, 4, 4, 4, 4, 4, 4, 4, 4, 4, 4, 4, 4, 4, 4, 4, 4, 4, 4, 4, 4, 4, 4, 4, 4, 4, 4, 4, 4, 4, 4, 4, 4, 4, 4, 4, 4, 4, 4, 4, 4, 4, 4, 4, 4, 4, 4, 4, 4, 4, 4, 4, 4, 4, 4, 4, 4, 4, 4, 4, 4, 4, 4, 4, 4, 4, 4, 4, 4, 4, 4, 4, 4, 4, 4, 4, 4, 4, 4, 4, 4, 4, 4, 4, 4, 4, 4, 4, 4, 4, 4, 4, 4, 4, 4, 4, 4, 4, 4, 4, 4, 4, 4, 4, 4, 4, 4, 4, 4, 4, 4, 4, 4, 4, 4, 4, 4, 4, 4, 4, 4, 4, 4, 4, 4, 4, 4, 4, 4, 4, 4, 4, 4, 4, 4, 4, 4, 4, 4, 4, 4, 4, 4, 4]
----------------------------- 
-------cBUFFER---------
[0, 98, 0, 104, 105, 0, 97, 0]
-------------------------- 
[RETURN VALUE] [ 4 ] 
--------[EXEC CODE]:
[ a , EQUALS , 2 , MULT , 2 ]
-------------- 


--------------------------[NEW ITERATION]
[ a , EQUALS , 2 , MULT , 2 ] 

[DOING] OPERator at INDEX: 1 <<PRIORITY>> 2 

[TRYING SETTING] [ a ] WITH [ 2 , MULT , 2 ] 


--------------------------[NEW ITERATION]
[ a ] 

[DOING] OPERator at INDEX: -1 <<PRIORITY>> 100 
[ a ] 
6 [3] 
false 


--------------------------[NEW ITERATION]
[ 2 , MULT , 2 ] 

[DOING] OPERator at INDEX: 1 <<PRIORITY>> 14 
 
[TRYING MULTIPLICATE] [ 2 ] WITH [ 2 ] 


--------------------------[NEW ITERATION]
[ 2 ] 

[DOING] OPERator at INDEX: -1 <<PRIORITY>> 100 
[ 2 ] 
3 [3] 
true 
[EXECUTING  METHODE<<2>>]
 
[ a , EQUALS , 2 , MULT , 2 , ; , a , EQUALS , 2 , MULT , 2 , ; ]---------NEW LINE---------
[ a , EQUALS , 2 , MULT , 2 ]
-------------------- 
---------NEW LINE---------
[ a , EQUALS , 2 , MULT , 2 ]
-------------------- 
--------[EXEC CODE]:
[ a , EQUALS , 2 , MULT , 2 ]
-------------- 


--------------------------[NEW ITERATION]
[ a , EQUALS , 2 , MULT , 2 ] 

[DOING] OPERator at INDEX: 1 <<PRIORITY>> 2 

[TRYING SETTING] [ a ] WITH [ 2 , MULT , 2 ] 


--------------------------[NEW ITERATION]
[ a ] 

[DOING] OPERator at INDEX: -1 <<PRIORITY>> 100 
[ a ] 
6 [3] 
false 


--------------------------[NEW ITERATION]
[ 2 , MULT , 2 ] 

[DOING] OPERator at INDEX: 1 <<PRIORITY>> 14 
 
[TRYING MULTIPLICATE] [ 2 ] WITH [ 2 ] 


--------------------------[NEW ITERATION]
[ 2 ] 

[DOING] OPERator at INDEX: -1 <<PRIORITY>> 100 
[ 2 ] 
1 [3] 
false 


--------------------------[NEW ITERATION]
[ 2 ] 

[DOING] OPERator at INDEX: -1 <<PRIORITY>> 100 
[ 2 ] 
2 [3] 
false 
[OPERATION Mult] 
4 
[STORING] id 253 name [ a ] with TOKEN 1111111000000000000000011111101 ON 6 value [ 4 ] 

-------Buffer----------
[2, 2, 2, 2, 2, 4, 4, 4, 4, 4, 4, 4, 4, 4, 4, 4, 4, 4, 4, 4, 4, 4, 4, 4, 4, 4, 4, 4, 4, 4, 4, 4, 4, 4, 4, 4, 4, 4, 4, 4, 4, 4, 4, 4, 4, 4, 4, 4, 4, 4, 4, 4, 4, 4, 4, 4, 4, 4, 4, 4, 4, 4, 4, 4, 4, 4, 4, 4, 4, 4, 4, 4, 4, 4, 4, 4, 4, 4, 4, 4, 4, 4, 4, 4, 4, 4, 4, 4, 4, 4, 4, 4, 4, 4, 4, 4, 4, 4, 4, 4, 4, 4, 4, 4, 4, 4, 4, 4, 4, 4, 4, 4, 4, 4, 4, 4, 4, 4, 4, 4, 4, 4, 4, 4, 4, 4, 4, 4, 4, 4, 4, 4, 4, 4, 4, 4, 4, 4, 4, 4, 4, 4, 4, 4, 4, 4, 4, 4, 4, 4, 4, 4, 4, 4, 4, 4, 4, 4, 4, 4, 4, 4, 4, 4, 4, 4, 4, 4, 4, 4, 4, 4, 4, 4, 4, 4, 4, 4, 4, 4, 4, 4, 4, 4, 4, 4, 4, 4, 4, 4, 4, 4, 4, 4, 4, 4, 4, 4, 4, 4, 4, 4, 4, 4, 4, 4, 4, 4, 4, 4, 4, 4, 4, 4, 4, 4, 4, 4, 4, 4, 4, 4, 4, 4, 4, 4, 4, 4, 4, 4, 4, 4, 4, 4, 4, 4, 4, 4, 4, 4, 4, 4, 4, 4, 4, 4, 4, 4, 4, 4, 4, 4, 4, 4]
----------------------------- 
-------cBUFFER---------
[0, 98, 0, 104, 105, 0, 97, 0]
-------------------------- 
[RETURN VALUE] [ 4 ] 
--------[EXEC CODE]:
[ a , EQUALS , 2 , MULT , 2 ]
-------------- 


--------------------------[NEW ITERATION]
[ a , EQUALS , 2 , MULT , 2 ] 

[DOING] OPERator at INDEX: 1 <<PRIORITY>> 2 

[TRYING SETTING] [ a ] WITH [ 2 , MULT , 2 ] 


--------------------------[NEW ITERATION]
[ a ] 

[DOING] OPERator at INDEX: -1 <<PRIORITY>> 100 
[ a ] 
6 [3] 
false 


--------------------------[NEW ITERATION]
[ 2 , MULT , 2 ] 

[DOING] OPERator at INDEX: 1 <<PRIORITY>> 14 
 
[TRYING MULTIPLICATE] [ 2 ] WITH [ 2 ] 


--------------------------[NEW ITERATION]
[ 2 ] 

[DOING] OPERator at INDEX: -1 <<PRIORITY>> 100 
[ 2 ] 
3 [3] 
true 
[EXECUTING  METHODE<<2>>]
 
[ a , EQUALS , 2 , MULT , 2 , ; , a , EQUALS , 2 , MULT , 2 , ; ]---------NEW LINE---------
[ a , EQUALS , 2 , MULT , 2 ]
-------------------- 
---------NEW LINE---------
[ a , EQUALS , 2 , MULT , 2 ]
-------------------- 
--------[EXEC CODE]:
[ a , EQUALS , 2 , MULT , 2 ]
-------------- 


--------------------------[NEW ITERATION]
[ a , EQUALS , 2 , MULT , 2 ] 

[DOING] OPERator at INDEX: 1 <<PRIORITY>> 2 

[TRYING SETTING] [ a ] WITH [ 2 , MULT , 2 ] 


--------------------------[NEW ITERATION]
[ a ] 

[DOING] OPERator at INDEX: -1 <<PRIORITY>> 100 
[ a ] 
6 [3] 
false 


--------------------------[NEW ITERATION]
[ 2 , MULT , 2 ] 

[DOING] OPERator at INDEX: 1 <<PRIORITY>> 14 
 
[TRYING MULTIPLICATE] [ 2 ] WITH [ 2 ] 


--------------------------[NEW ITERATION]
[ 2 ] 

[DOING] OPERator at INDEX: -1 <<PRIORITY>> 100 
[ 2 ] 
1 [3] 
false 


--------------------------[NEW ITERATION]
[ 2 ] 

[DOING] OPERator at INDEX: -1 <<PRIORITY>> 100 
[ 2 ] 
2 [3] 
false 
[OPERATION Mult] 
4 
[STORING] id 254 name [ a ] with TOKEN 1111111000000000000000011111110 ON 6 value [ 4 ] 

-------Buffer----------
[2, 2, 2, 2, 2, 4, 4, 4, 4, 4, 4, 4, 4, 4, 4, 4, 4, 4, 4, 4, 4, 4, 4, 4, 4, 4, 4, 4, 4, 4, 4, 4, 4, 4, 4, 4, 4, 4, 4, 4, 4, 4, 4, 4, 4, 4, 4, 4, 4, 4, 4, 4, 4, 4, 4, 4, 4, 4, 4, 4, 4, 4, 4, 4, 4, 4, 4, 4, 4, 4, 4, 4, 4, 4, 4, 4, 4, 4, 4, 4, 4, 4, 4, 4, 4, 4, 4, 4, 4, 4, 4, 4, 4, 4, 4, 4, 4, 4, 4, 4, 4, 4, 4, 4, 4, 4, 4, 4, 4, 4, 4, 4, 4, 4, 4, 4, 4, 4, 4, 4, 4, 4, 4, 4, 4, 4, 4, 4, 4, 4, 4, 4, 4, 4, 4, 4, 4, 4, 4, 4, 4, 4, 4, 4, 4, 4, 4, 4, 4, 4, 4, 4, 4, 4, 4, 4, 4, 4, 4, 4, 4, 4, 4, 4, 4, 4, 4, 4, 4, 4, 4, 4, 4, 4, 4, 4, 4, 4, 4, 4, 4, 4, 4, 4, 4, 4, 4, 4, 4, 4, 4, 4, 4, 4, 4, 4, 4, 4, 4, 4, 4, 4, 4, 4, 4, 4, 4, 4, 4, 4, 4, 4, 4, 4, 4, 4, 4, 4, 4, 4, 4, 4, 4, 4, 4, 4, 4, 4, 4, 4, 4, 4, 4, 4, 4, 4, 4, 4, 4, 4, 4, 4, 4, 4, 4, 4, 4, 4, 4, 4, 4, 4, 4, 4, 4]
----------------------------- 
-------cBUFFER---------
[0, 98, 0, 104, 105, 0, 97, 0]
-------------------------- 
[RETURN VALUE] [ 4 ] 
--------[EXEC CODE]:
[ a , EQUALS , 2 , MULT , 2 ]
-------------- 


--------------------------[NEW ITERATION]
[ a , EQUALS , 2 , MULT , 2 ] 

[DOING] OPERator at INDEX: 1 <<PRIORITY>> 2 

[TRYING SETTING] [ a ] WITH [ 2 , MULT , 2 ] 


--------------------------[NEW ITERATION]
[ a ] 

[DOING] OPERator at INDEX: -1 <<PRIORITY>> 100 
[ a ] 
6 [3] 
false 


--------------------------[NEW ITERATION]
[ 2 , MULT , 2 ] 

[DOING] OPERator at INDEX: 1 <<PRIORITY>> 14 
 
[TRYING MULTIPLICATE] [ 2 ] WITH [ 2 ] 


--------------------------[NEW ITERATION]
[ 2 ] 

[DOING] OPERator at INDEX: -1 <<PRIORITY>> 100 
[ 2 ] 
3 [3] 
true 
[EXECUTING  METHODE<<2>>]
 
[ a , EQUALS , 2 , MULT , 2 , ; , a , EQUALS , 2 , MULT , 2 , ; ]---------NEW LINE---------
[ a , EQUALS , 2 , MULT , 2 ]
-------------------- 
---------NEW LINE---------
[ a , EQUALS , 2 , MULT , 2 ]
-------------------- 
--------[EXEC CODE]:
[ a , EQUALS , 2 , MULT , 2 ]
-------------- 


--------------------------[NEW ITERATION]
[ a , EQUALS , 2 , MULT , 2 ] 

[DOING] OPERator at INDEX: 1 <<PRIORITY>> 2 

[TRYING SETTING] [ a ] WITH [ 2 , MULT , 2 ] 


--------------------------[NEW ITERATION]
[ a ] 

[DOING] OPERator at INDEX: -1 <<PRIORITY>> 100 
[ a ] 
6 [3] 
false 


--------------------------[NEW ITERATION]
[ 2 , MULT , 2 ] 

[DOING] OPERator at INDEX: 1 <<PRIORITY>> 14 
 
[TRYING MULTIPLICATE] [ 2 ] WITH [ 2 ] 


--------------------------[NEW ITERATION]
[ 2 ] 

[DOING] OPERator at INDEX: -1 <<PRIORITY>> 100 
[ 2 ] 
1 [3] 
false 


--------------------------[NEW ITERATION]
[ 2 ] 

[DOING] OPERator at INDEX: -1 <<PRIORITY>> 100 
[ 2 ] 
2 [3] 
false 
[OPERATION Mult] 
4 
[STORING] id 255 name [ a ] with TOKEN 1111111000000000000000011111111 ON 6 value [ 4 ] 

-------Buffer----------
[2, 2, 2, 2, 2, 4, 4, 4, 4, 4, 4, 4, 4, 4, 4, 4, 4, 4, 4, 4, 4, 4, 4, 4, 4, 4, 4, 4, 4, 4, 4, 4, 4, 4, 4, 4, 4, 4, 4, 4, 4, 4, 4, 4, 4, 4, 4, 4, 4, 4, 4, 4, 4, 4, 4, 4, 4, 4, 4, 4, 4, 4, 4, 4, 4, 4, 4, 4, 4, 4, 4, 4, 4, 4, 4, 4, 4, 4, 4, 4, 4, 4, 4, 4, 4, 4, 4, 4, 4, 4, 4, 4, 4, 4, 4, 4, 4, 4, 4, 4, 4, 4, 4, 4, 4, 4, 4, 4, 4, 4, 4, 4, 4, 4, 4, 4, 4, 4, 4, 4, 4, 4, 4, 4, 4, 4, 4, 4, 4, 4, 4, 4, 4, 4, 4, 4, 4, 4, 4, 4, 4, 4, 4, 4, 4, 4, 4, 4, 4, 4, 4, 4, 4, 4, 4, 4, 4, 4, 4, 4, 4, 4, 4, 4, 4, 4, 4, 4, 4, 4, 4, 4, 4, 4, 4, 4, 4, 4, 4, 4, 4, 4, 4, 4, 4, 4, 4, 4, 4, 4, 4, 4, 4, 4, 4, 4, 4, 4, 4, 4, 4, 4, 4, 4, 4, 4, 4, 4, 4, 4, 4, 4, 4, 4, 4, 4, 4, 4, 4, 4, 4, 4, 4, 4, 4, 4, 4, 4, 4, 4, 4, 4, 4, 4, 4, 4, 4, 4, 4, 4, 4, 4, 4, 4, 4, 4, 4, 4, 4, 4, 4, 4, 4, 4, 4, 4]
----------------------------- 
-------cBUFFER---------
[0, 98, 0, 104, 105, 0, 97, 0]
-------------------------- 
[RETURN VALUE] [ 4 ] 
--------[EXEC CODE]:
[ a , EQUALS , 2 , MULT , 2 ]
-------------- 


--------------------------[NEW ITERATION]
[ a , EQUALS , 2 , MULT , 2 ] 

[DOING] OPERator at INDEX: 1 <<PRIORITY>> 2 

[TRYING SETTING] [ a ] WITH [ 2 , MULT , 2 ] 


--------------------------[NEW ITERATION]
[ a ] 

[DOING] OPERator at INDEX: -1 <<PRIORITY>> 100 
[ a ] 
6 [3] 
false 


--------------------------[NEW ITERATION]
[ 2 , MULT , 2 ] 

[DOING] OPERator at INDEX: 1 <<PRIORITY>> 14 
 
[TRYING MULTIPLICATE] [ 2 ] WITH [ 2 ] 


--------------------------[NEW ITERATION]
[ 2 ] 

[DOING] OPERator at INDEX: -1 <<PRIORITY>> 100 
[ 2 ] 
3 [3] 
true 
[EXECUTING  METHODE<<2>>]
 
[ a , EQUALS , 2 , MULT , 2 , ; , a , EQUALS , 2 , MULT , 2 , ; ]---------NEW LINE---------
[ a , EQUALS , 2 , MULT , 2 ]
-------------------- 
---------NEW LINE---------
[ a , EQUALS , 2 , MULT , 2 ]
-------------------- 
--------[EXEC CODE]:
[ a , EQUALS , 2 , MULT , 2 ]
-------------- 


--------------------------[NEW ITERATION]
[ a , EQUALS , 2 , MULT , 2 ] 

[DOING] OPERator at INDEX: 1 <<PRIORITY>> 2 

[TRYING SETTING] [ a ] WITH [ 2 , MULT , 2 ] 


--------------------------[NEW ITERATION]
[ a ] 

[DOING] OPERator at INDEX: -1 <<PRIORITY>> 100 
[ a ] 
6 [3] 
false 


--------------------------[NEW ITERATION]
[ 2 , MULT , 2 ] 

[DOING] OPERator at INDEX: 1 <<PRIORITY>> 14 
 
[TRYING MULTIPLICATE] [ 2 ] WITH [ 2 ] 


--------------------------[NEW ITERATION]
[ 2 ] 

[DOING] OPERator at INDEX: -1 <<PRIORITY>> 100 
[ 2 ] 
1 [3] 
false 


--------------------------[NEW ITERATION]
[ 2 ] 

[DOING] OPERator at INDEX: -1 <<PRIORITY>> 100 
[ 2 ] 
2 [3] 
false 
[OPERATION Mult] 
4 
[STORING] id 256 name [ a ] with TOKEN 1111111000000000000000100000000 ON 6 value [ 4 ] 

-------Buffer----------
[2, 2, 2, 2, 2, 4, 4, 4, 4, 4, 4, 4, 4, 4, 4, 4, 4, 4, 4, 4, 4, 4, 4, 4, 4, 4, 4, 4, 4, 4, 4, 4, 4, 4, 4, 4, 4, 4, 4, 4, 4, 4, 4, 4, 4, 4, 4, 4, 4, 4, 4, 4, 4, 4, 4, 4, 4, 4, 4, 4, 4, 4, 4, 4, 4, 4, 4, 4, 4, 4, 4, 4, 4, 4, 4, 4, 4, 4, 4, 4, 4, 4, 4, 4, 4, 4, 4, 4, 4, 4, 4, 4, 4, 4, 4, 4, 4, 4, 4, 4, 4, 4, 4, 4, 4, 4, 4, 4, 4, 4, 4, 4, 4, 4, 4, 4, 4, 4, 4, 4, 4, 4, 4, 4, 4, 4, 4, 4, 4, 4, 4, 4, 4, 4, 4, 4, 4, 4, 4, 4, 4, 4, 4, 4, 4, 4, 4, 4, 4, 4, 4, 4, 4, 4, 4, 4, 4, 4, 4, 4, 4, 4, 4, 4, 4, 4, 4, 4, 4, 4, 4, 4, 4, 4, 4, 4, 4, 4, 4, 4, 4, 4, 4, 4, 4, 4, 4, 4, 4, 4, 4, 4, 4, 4, 4, 4, 4, 4, 4, 4, 4, 4, 4, 4, 4, 4, 4, 4, 4, 4, 4, 4, 4, 4, 4, 4, 4, 4, 4, 4, 4, 4, 4, 4, 4, 4, 4, 4, 4, 4, 4, 4, 4, 4, 4, 4, 4, 4, 4, 4, 4, 4, 4, 4, 4, 4, 4, 4, 4, 4, 4, 4, 4, 4, 4, 4, 4]
----------------------------- 
-------cBUFFER---------
[0, 98, 0, 104, 105, 0, 97, 0]
-------------------------- 
[RETURN VALUE] [ 4 ] 
--------[EXEC CODE]:
[ a , EQUALS , 2 , MULT , 2 ]
-------------- 


--------------------------[NEW ITERATION]
[ a , EQUALS , 2 , MULT , 2 ] 

[DOING] OPERator at INDEX: 1 <<PRIORITY>> 2 

[TRYING SETTING] [ a ] WITH [ 2 , MULT , 2 ] 


--------------------------[NEW ITERATION]
[ a ] 

[DOING] OPERator at INDEX: -1 <<PRIORITY>> 100 
[ a ] 
6 [3] 
false 


--------------------------[NEW ITERATION]
[ 2 , MULT , 2 ] 

[DOING] OPERator at INDEX: 1 <<PRIORITY>> 14 
 
[TRYING MULTIPLICATE] [ 2 ] WITH [ 2 ] 


--------------------------[NEW ITERATION]
[ 2 ] 

[DOING] OPERator at INDEX: -1 <<PRIORITY>> 100 
[ 2 ] 
3 [3] 
true 
[EXECUTING  METHODE<<2>>]
 
[ a , EQUALS , 2 , MULT , 2 , ; , a , EQUALS , 2 , MULT , 2 , ; ]---------NEW LINE---------
[ a , EQUALS , 2 , MULT , 2 ]
-------------------- 
---------NEW LINE---------
[ a , EQUALS , 2 , MULT , 2 ]
-------------------- 
--------[EXEC CODE]:
[ a , EQUALS , 2 , MULT , 2 ]
-------------- 


--------------------------[NEW ITERATION]
[ a , EQUALS , 2 , MULT , 2 ] 

[DOING] OPERator at INDEX: 1 <<PRIORITY>> 2 

[TRYING SETTING] [ a ] WITH [ 2 , MULT , 2 ] 


--------------------------[NEW ITERATION]
[ a ] 

[DOING] OPERator at INDEX: -1 <<PRIORITY>> 100 
[ a ] 
6 [3] 
false 


--------------------------[NEW ITERATION]
[ 2 , MULT , 2 ] 

[DOING] OPERator at INDEX: 1 <<PRIORITY>> 14 
 
[TRYING MULTIPLICATE] [ 2 ] WITH [ 2 ] 


--------------------------[NEW ITERATION]
[ 2 ] 

[DOING] OPERator at INDEX: -1 <<PRIORITY>> 100 
[ 2 ] 
1 [3] 
false 


--------------------------[NEW ITERATION]
[ 2 ] 

[DOING] OPERator at INDEX: -1 <<PRIORITY>> 100 
[ 2 ] 
2 [3] 
false 
[OPERATION Mult] 
4 
[STORING] id 257 name [ a ] with TOKEN 1111111000000000000000100000001 ON 6 value [ 4 ] 

-------Buffer----------
[2, 2, 2, 2, 2, 4, 4, 4, 4, 4, 4, 4, 4, 4, 4, 4, 4, 4, 4, 4, 4, 4, 4, 4, 4, 4, 4, 4, 4, 4, 4, 4, 4, 4, 4, 4, 4, 4, 4, 4, 4, 4, 4, 4, 4, 4, 4, 4, 4, 4, 4, 4, 4, 4, 4, 4, 4, 4, 4, 4, 4, 4, 4, 4, 4, 4, 4, 4, 4, 4, 4, 4, 4, 4, 4, 4, 4, 4, 4, 4, 4, 4, 4, 4, 4, 4, 4, 4, 4, 4, 4, 4, 4, 4, 4, 4, 4, 4, 4, 4, 4, 4, 4, 4, 4, 4, 4, 4, 4, 4, 4, 4, 4, 4, 4, 4, 4, 4, 4, 4, 4, 4, 4, 4, 4, 4, 4, 4, 4, 4, 4, 4, 4, 4, 4, 4, 4, 4, 4, 4, 4, 4, 4, 4, 4, 4, 4, 4, 4, 4, 4, 4, 4, 4, 4, 4, 4, 4, 4, 4, 4, 4, 4, 4, 4, 4, 4, 4, 4, 4, 4, 4, 4, 4, 4, 4, 4, 4, 4, 4, 4, 4, 4, 4, 4, 4, 4, 4, 4, 4, 4, 4, 4, 4, 4, 4, 4, 4, 4, 4, 4, 4, 4, 4, 4, 4, 4, 4, 4, 4, 4, 4, 4, 4, 4, 4, 4, 4, 4, 4, 4, 4, 4, 4, 4, 4, 4, 4, 4, 4, 4, 4, 4, 4, 4, 4, 4, 4, 4, 4, 4, 4, 4, 4, 4, 4, 4, 4, 4, 4, 4, 4, 4, 4, 4, 4, 4, 4]
----------------------------- 
-------cBUFFER---------
[0, 98, 0, 104, 105, 0, 97, 0]
-------------------------- 
[RETURN VALUE] [ 4 ] 
--------[EXEC CODE]:
[ a , EQUALS , 2 , MULT , 2 ]
-------------- 


--------------------------[NEW ITERATION]
[ a , EQUALS , 2 , MULT , 2 ] 

[DOING] OPERator at INDEX: 1 <<PRIORITY>> 2 

[TRYING SETTING] [ a ] WITH [ 2 , MULT , 2 ] 


--------------------------[NEW ITERATION]
[ a ] 

[DOING] OPERator at INDEX: -1 <<PRIORITY>> 100 
[ a ] 
6 [3] 
false 


--------------------------[NEW ITERATION]
[ 2 , MULT , 2 ] 

[DOING] OPERator at INDEX: 1 <<PRIORITY>> 14 
 
[TRYING MULTIPLICATE] [ 2 ] WITH [ 2 ] 


--------------------------[NEW ITERATION]
[ 2 ] 

[DOING] OPERator at INDEX: -1 <<PRIORITY>> 100 
[ 2 ] 
3 [3] 
true 
[EXECUTING  METHODE<<2>>]
 
[ a , EQUALS , 2 , MULT , 2 , ; , a , EQUALS , 2 , MULT , 2 , ; ]---------NEW LINE---------
[ a , EQUALS , 2 , MULT , 2 ]
-------------------- 
---------NEW LINE---------
[ a , EQUALS , 2 , MULT , 2 ]
-------------------- 
--------[EXEC CODE]:
[ a , EQUALS , 2 , MULT , 2 ]
-------------- 


--------------------------[NEW ITERATION]
[ a , EQUALS , 2 , MULT , 2 ] 

[DOING] OPERator at INDEX: 1 <<PRIORITY>> 2 

[TRYING SETTING] [ a ] WITH [ 2 , MULT , 2 ] 


--------------------------[NEW ITERATION]
[ a ] 

[DOING] OPERator at INDEX: -1 <<PRIORITY>> 100 
[ a ] 
6 [3] 
false 


--------------------------[NEW ITERATION]
[ 2 , MULT , 2 ] 

[DOING] OPERator at INDEX: 1 <<PRIORITY>> 14 
 
[TRYING MULTIPLICATE] [ 2 ] WITH [ 2 ] 


--------------------------[NEW ITERATION]
[ 2 ] 

[DOING] OPERator at INDEX: -1 <<PRIORITY>> 100 
[ 2 ] 
1 [3] 
false 


--------------------------[NEW ITERATION]
[ 2 ] 

[DOING] OPERator at INDEX: -1 <<PRIORITY>> 100 
[ 2 ] 
2 [3] 
false 
[OPERATION Mult] 
4 
[STORING] id 258 name [ a ] with TOKEN 1111111000000000000000100000010 ON 6 value [ 4 ] 

-------Buffer----------
[2, 2, 2, 2, 2, 4, 4, 4, 4, 4, 4, 4, 4, 4, 4, 4, 4, 4, 4, 4, 4, 4, 4, 4, 4, 4, 4, 4, 4, 4, 4, 4, 4, 4, 4, 4, 4, 4, 4, 4, 4, 4, 4, 4, 4, 4, 4, 4, 4, 4, 4, 4, 4, 4, 4, 4, 4, 4, 4, 4, 4, 4, 4, 4, 4, 4, 4, 4, 4, 4, 4, 4, 4, 4, 4, 4, 4, 4, 4, 4, 4, 4, 4, 4, 4, 4, 4, 4, 4, 4, 4, 4, 4, 4, 4, 4, 4, 4, 4, 4, 4, 4, 4, 4, 4, 4, 4, 4, 4, 4, 4, 4, 4, 4, 4, 4, 4, 4, 4, 4, 4, 4, 4, 4, 4, 4, 4, 4, 4, 4, 4, 4, 4, 4, 4, 4, 4, 4, 4, 4, 4, 4, 4, 4, 4, 4, 4, 4, 4, 4, 4, 4, 4, 4, 4, 4, 4, 4, 4, 4, 4, 4, 4, 4, 4, 4, 4, 4, 4, 4, 4, 4, 4, 4, 4, 4, 4, 4, 4, 4, 4, 4, 4, 4, 4, 4, 4, 4, 4, 4, 4, 4, 4, 4, 4, 4, 4, 4, 4, 4, 4, 4, 4, 4, 4, 4, 4, 4, 4, 4, 4, 4, 4, 4, 4, 4, 4, 4, 4, 4, 4, 4, 4, 4, 4, 4, 4, 4, 4, 4, 4, 4, 4, 4, 4, 4, 4, 4, 4, 4, 4, 4, 4, 4, 4, 4, 4, 4, 4, 4, 4, 4, 4, 4, 4, 4, 4, 4, 4]
----------------------------- 
-------cBUFFER---------
[0, 98, 0, 104, 105, 0, 97, 0]
-------------------------- 
[RETURN VALUE] [ 4 ] 
--------[EXEC CODE]:
[ a , EQUALS , 2 , MULT , 2 ]
-------------- 


--------------------------[NEW ITERATION]
[ a , EQUALS , 2 , MULT , 2 ] 

[DOING] OPERator at INDEX: 1 <<PRIORITY>> 2 

[TRYING SETTING] [ a ] WITH [ 2 , MULT , 2 ] 


--------------------------[NEW ITERATION]
[ a ] 

[DOING] OPERator at INDEX: -1 <<PRIORITY>> 100 
[ a ] 
6 [3] 
false 


--------------------------[NEW ITERATION]
[ 2 , MULT , 2 ] 

[DOING] OPERator at INDEX: 1 <<PRIORITY>> 14 
 
[TRYING MULTIPLICATE] [ 2 ] WITH [ 2 ] 


--------------------------[NEW ITERATION]
[ 2 ] 

[DOING] OPERator at INDEX: -1 <<PRIORITY>> 100 
[ 2 ] 
3 [3] 
true 
[EXECUTING  METHODE<<2>>]
 
[ a , EQUALS , 2 , MULT , 2 , ; , a , EQUALS , 2 , MULT , 2 , ; ]---------NEW LINE---------
[ a , EQUALS , 2 , MULT , 2 ]
-------------------- 
---------NEW LINE---------
[ a , EQUALS , 2 , MULT , 2 ]
-------------------- 
--------[EXEC CODE]:
[ a , EQUALS , 2 , MULT , 2 ]
-------------- 


--------------------------[NEW ITERATION]
[ a , EQUALS , 2 , MULT , 2 ] 

[DOING] OPERator at INDEX: 1 <<PRIORITY>> 2 

[TRYING SETTING] [ a ] WITH [ 2 , MULT , 2 ] 


--------------------------[NEW ITERATION]
[ a ] 

[DOING] OPERator at INDEX: -1 <<PRIORITY>> 100 
[ a ] 
6 [3] 
false 


--------------------------[NEW ITERATION]
[ 2 , MULT , 2 ] 

[DOING] OPERator at INDEX: 1 <<PRIORITY>> 14 
 
[TRYING MULTIPLICATE] [ 2 ] WITH [ 2 ] 


--------------------------[NEW ITERATION]
[ 2 ] 

[DOING] OPERator at INDEX: -1 <<PRIORITY>> 100 
[ 2 ] 
1 [3] 
false 


--------------------------[NEW ITERATION]
[ 2 ] 

[DOING] OPERator at INDEX: -1 <<PRIORITY>> 100 
[ 2 ] 
2 [3] 
false 
[OPERATION Mult] 
4 
[STORING] id 259 name [ a ] with TOKEN 1111111000000000000000100000011 ON 6 value [ 4 ] 

-------Buffer----------
[2, 2, 2, 2, 2, 4, 4, 4, 4, 4, 4, 4, 4, 4, 4, 4, 4, 4, 4, 4, 4, 4, 4, 4, 4, 4, 4, 4, 4, 4, 4, 4, 4, 4, 4, 4, 4, 4, 4, 4, 4, 4, 4, 4, 4, 4, 4, 4, 4, 4, 4, 4, 4, 4, 4, 4, 4, 4, 4, 4, 4, 4, 4, 4, 4, 4, 4, 4, 4, 4, 4, 4, 4, 4, 4, 4, 4, 4, 4, 4, 4, 4, 4, 4, 4, 4, 4, 4, 4, 4, 4, 4, 4, 4, 4, 4, 4, 4, 4, 4, 4, 4, 4, 4, 4, 4, 4, 4, 4, 4, 4, 4, 4, 4, 4, 4, 4, 4, 4, 4, 4, 4, 4, 4, 4, 4, 4, 4, 4, 4, 4, 4, 4, 4, 4, 4, 4, 4, 4, 4, 4, 4, 4, 4, 4, 4, 4, 4, 4, 4, 4, 4, 4, 4, 4, 4, 4, 4, 4, 4, 4, 4, 4, 4, 4, 4, 4, 4, 4, 4, 4, 4, 4, 4, 4, 4, 4, 4, 4, 4, 4, 4, 4, 4, 4, 4, 4, 4, 4, 4, 4, 4, 4, 4, 4, 4, 4, 4, 4, 4, 4, 4, 4, 4, 4, 4, 4, 4, 4, 4, 4, 4, 4, 4, 4, 4, 4, 4, 4, 4, 4, 4, 4, 4, 4, 4, 4, 4, 4, 4, 4, 4, 4, 4, 4, 4, 4, 4, 4, 4, 4, 4, 4, 4, 4, 4, 4, 4, 4, 4, 4, 4, 4, 4, 4, 4, 4, 4, 4, 4]
----------------------------- 
-------cBUFFER---------
[0, 98, 0, 104, 105, 0, 97, 0]
-------------------------- 
[RETURN VALUE] [ 4 ] 
--------[EXEC CODE]:
[ a , EQUALS , 2 , MULT , 2 ]
-------------- 


--------------------------[NEW ITERATION]
[ a , EQUALS , 2 , MULT , 2 ] 

[DOING] OPERator at INDEX: 1 <<PRIORITY>> 2 

[TRYING SETTING] [ a ] WITH [ 2 , MULT , 2 ] 


--------------------------[NEW ITERATION]
[ a ] 

[DOING] OPERator at INDEX: -1 <<PRIORITY>> 100 
[ a ] 
6 [3] 
false 


--------------------------[NEW ITERATION]
[ 2 , MULT , 2 ] 

[DOING] OPERator at INDEX: 1 <<PRIORITY>> 14 
 
[TRYING MULTIPLICATE] [ 2 ] WITH [ 2 ] 


--------------------------[NEW ITERATION]
[ 2 ] 

[DOING] OPERator at INDEX: -1 <<PRIORITY>> 100 
[ 2 ] 
3 [3] 
true 
[EXECUTING  METHODE<<2>>]
 
[ a , EQUALS , 2 , MULT , 2 , ; , a , EQUALS , 2 , MULT , 2 , ; ]---------NEW LINE---------
[ a , EQUALS , 2 , MULT , 2 ]
-------------------- 
---------NEW LINE---------
[ a , EQUALS , 2 , MULT , 2 ]
-------------------- 
--------[EXEC CODE]:
[ a , EQUALS , 2 , MULT , 2 ]
-------------- 


--------------------------[NEW ITERATION]
[ a , EQUALS , 2 , MULT , 2 ] 

[DOING] OPERator at INDEX: 1 <<PRIORITY>> 2 

[TRYING SETTING] [ a ] WITH [ 2 , MULT , 2 ] 


--------------------------[NEW ITERATION]
[ a ] 

[DOING] OPERator at INDEX: -1 <<PRIORITY>> 100 
[ a ] 
6 [3] 
false 


--------------------------[NEW ITERATION]
[ 2 , MULT , 2 ] 

[DOING] OPERator at INDEX: 1 <<PRIORITY>> 14 
 
[TRYING MULTIPLICATE] [ 2 ] WITH [ 2 ] 


--------------------------[NEW ITERATION]
[ 2 ] 

[DOING] OPERator at INDEX: -1 <<PRIORITY>> 100 
[ 2 ] 
1 [3] 
false 


--------------------------[NEW ITERATION]
[ 2 ] 

[DOING] OPERator at INDEX: -1 <<PRIORITY>> 100 
[ 2 ] 
2 [3] 
false 
[OPERATION Mult] 
4 
[STORING] id 260 name [ a ] with TOKEN 1111111000000000000000100000100 ON 6 value [ 4 ] 

-------Buffer----------
[2, 2, 2, 2, 2, 4, 4, 4, 4, 4, 4, 4, 4, 4, 4, 4, 4, 4, 4, 4, 4, 4, 4, 4, 4, 4, 4, 4, 4, 4, 4, 4, 4, 4, 4, 4, 4, 4, 4, 4, 4, 4, 4, 4, 4, 4, 4, 4, 4, 4, 4, 4, 4, 4, 4, 4, 4, 4, 4, 4, 4, 4, 4, 4, 4, 4, 4, 4, 4, 4, 4, 4, 4, 4, 4, 4, 4, 4, 4, 4, 4, 4, 4, 4, 4, 4, 4, 4, 4, 4, 4, 4, 4, 4, 4, 4, 4, 4, 4, 4, 4, 4, 4, 4, 4, 4, 4, 4, 4, 4, 4, 4, 4, 4, 4, 4, 4, 4, 4, 4, 4, 4, 4, 4, 4, 4, 4, 4, 4, 4, 4, 4, 4, 4, 4, 4, 4, 4, 4, 4, 4, 4, 4, 4, 4, 4, 4, 4, 4, 4, 4, 4, 4, 4, 4, 4, 4, 4, 4, 4, 4, 4, 4, 4, 4, 4, 4, 4, 4, 4, 4, 4, 4, 4, 4, 4, 4, 4, 4, 4, 4, 4, 4, 4, 4, 4, 4, 4, 4, 4, 4, 4, 4, 4, 4, 4, 4, 4, 4, 4, 4, 4, 4, 4, 4, 4, 4, 4, 4, 4, 4, 4, 4, 4, 4, 4, 4, 4, 4, 4, 4, 4, 4, 4, 4, 4, 4, 4, 4, 4, 4, 4, 4, 4, 4, 4, 4, 4, 4, 4, 4, 4, 4, 4, 4, 4, 4, 4, 4, 4, 4, 4, 4, 4, 4, 4, 4, 4, 4, 4, 4]
----------------------------- 
-------cBUFFER---------
[0, 98, 0, 104, 105, 0, 97, 0]
-------------------------- 
[RETURN VALUE] [ 4 ] 
--------[EXEC CODE]:
[ a , EQUALS , 2 , MULT , 2 ]
-------------- 


--------------------------[NEW ITERATION]
[ a , EQUALS , 2 , MULT , 2 ] 

[DOING] OPERator at INDEX: 1 <<PRIORITY>> 2 

[TRYING SETTING] [ a ] WITH [ 2 , MULT , 2 ] 


--------------------------[NEW ITERATION]
[ a ] 

[DOING] OPERator at INDEX: -1 <<PRIORITY>> 100 
[ a ] 
6 [3] 
false 


--------------------------[NEW ITERATION]
[ 2 , MULT , 2 ] 

[DOING] OPERator at INDEX: 1 <<PRIORITY>> 14 
 
[TRYING MULTIPLICATE] [ 2 ] WITH [ 2 ] 


--------------------------[NEW ITERATION]
[ 2 ] 

[DOING] OPERator at INDEX: -1 <<PRIORITY>> 100 
[ 2 ] 
3 [3] 
true 
[EXECUTING  METHODE<<2>>]
 
[ a , EQUALS , 2 , MULT , 2 , ; , a , EQUALS , 2 , MULT , 2 , ; ]---------NEW LINE---------
[ a , EQUALS , 2 , MULT , 2 ]
-------------------- 
---------NEW LINE---------
[ a , EQUALS , 2 , MULT , 2 ]
-------------------- 
--------[EXEC CODE]:
[ a , EQUALS , 2 , MULT , 2 ]
-------------- 


--------------------------[NEW ITERATION]
[ a , EQUALS , 2 , MULT , 2 ] 

[DOING] OPERator at INDEX: 1 <<PRIORITY>> 2 

[TRYING SETTING] [ a ] WITH [ 2 , MULT , 2 ] 


--------------------------[NEW ITERATION]
[ a ] 

[DOING] OPERator at INDEX: -1 <<PRIORITY>> 100 
[ a ] 
6 [3] 
false 


--------------------------[NEW ITERATION]
[ 2 , MULT , 2 ] 

[DOING] OPERator at INDEX: 1 <<PRIORITY>> 14 
 
[TRYING MULTIPLICATE] [ 2 ] WITH [ 2 ] 


--------------------------[NEW ITERATION]
[ 2 ] 

[DOING] OPERator at INDEX: -1 <<PRIORITY>> 100 
[ 2 ] 
1 [3] 
false 


--------------------------[NEW ITERATION]
[ 2 ] 

[DOING] OPERator at INDEX: -1 <<PRIORITY>> 100 
[ 2 ] 
2 [3] 
false 
[OPERATION Mult] 
4 
[STORING] id 261 name [ a ] with TOKEN 1111111000000000000000100000101 ON 6 value [ 4 ] 

-------Buffer----------
[2, 2, 2, 2, 2, 4, 4, 4, 4, 4, 4, 4, 4, 4, 4, 4, 4, 4, 4, 4, 4, 4, 4, 4, 4, 4, 4, 4, 4, 4, 4, 4, 4, 4, 4, 4, 4, 4, 4, 4, 4, 4, 4, 4, 4, 4, 4, 4, 4, 4, 4, 4, 4, 4, 4, 4, 4, 4, 4, 4, 4, 4, 4, 4, 4, 4, 4, 4, 4, 4, 4, 4, 4, 4, 4, 4, 4, 4, 4, 4, 4, 4, 4, 4, 4, 4, 4, 4, 4, 4, 4, 4, 4, 4, 4, 4, 4, 4, 4, 4, 4, 4, 4, 4, 4, 4, 4, 4, 4, 4, 4, 4, 4, 4, 4, 4, 4, 4, 4, 4, 4, 4, 4, 4, 4, 4, 4, 4, 4, 4, 4, 4, 4, 4, 4, 4, 4, 4, 4, 4, 4, 4, 4, 4, 4, 4, 4, 4, 4, 4, 4, 4, 4, 4, 4, 4, 4, 4, 4, 4, 4, 4, 4, 4, 4, 4, 4, 4, 4, 4, 4, 4, 4, 4, 4, 4, 4, 4, 4, 4, 4, 4, 4, 4, 4, 4, 4, 4, 4, 4, 4, 4, 4, 4, 4, 4, 4, 4, 4, 4, 4, 4, 4, 4, 4, 4, 4, 4, 4, 4, 4, 4, 4, 4, 4, 4, 4, 4, 4, 4, 4, 4, 4, 4, 4, 4, 4, 4, 4, 4, 4, 4, 4, 4, 4, 4, 4, 4, 4, 4, 4, 4, 4, 4, 4, 4, 4, 4, 4, 4, 4, 4, 4, 4, 4, 4, 4, 4, 4, 4, 4, 4]
----------------------------- 
-------cBUFFER---------
[0, 98, 0, 104, 105, 0, 97, 0]
-------------------------- 
[RETURN VALUE] [ 4 ] 
--------[EXEC CODE]:
[ a , EQUALS , 2 , MULT , 2 ]
-------------- 


--------------------------[NEW ITERATION]
[ a , EQUALS , 2 , MULT , 2 ] 

[DOING] OPERator at INDEX: 1 <<PRIORITY>> 2 

[TRYING SETTING] [ a ] WITH [ 2 , MULT , 2 ] 


--------------------------[NEW ITERATION]
[ a ] 

[DOING] OPERator at INDEX: -1 <<PRIORITY>> 100 
[ a ] 
6 [3] 
false 


--------------------------[NEW ITERATION]
[ 2 , MULT , 2 ] 

[DOING] OPERator at INDEX: 1 <<PRIORITY>> 14 
 
[TRYING MULTIPLICATE] [ 2 ] WITH [ 2 ] 


--------------------------[NEW ITERATION]
[ 2 ] 

[DOING] OPERator at INDEX: -1 <<PRIORITY>> 100 
[ 2 ] 
3 [3] 
true 
[EXECUTING  METHODE<<2>>]
 
[ a , EQUALS , 2 , MULT , 2 , ; , a , EQUALS , 2 , MULT , 2 , ; ]---------NEW LINE---------
[ a , EQUALS , 2 , MULT , 2 ]
-------------------- 
---------NEW LINE---------
[ a , EQUALS , 2 , MULT , 2 ]
-------------------- 
--------[EXEC CODE]:
[ a , EQUALS , 2 , MULT , 2 ]
-------------- 


--------------------------[NEW ITERATION]
[ a , EQUALS , 2 , MULT , 2 ] 

[DOING] OPERator at INDEX: 1 <<PRIORITY>> 2 

[TRYING SETTING] [ a ] WITH [ 2 , MULT , 2 ] 


--------------------------[NEW ITERATION]
[ a ] 

[DOING] OPERator at INDEX: -1 <<PRIORITY>> 100 
[ a ] 
6 [3] 
false 


--------------------------[NEW ITERATION]
[ 2 , MULT , 2 ] 

[DOING] OPERator at INDEX: 1 <<PRIORITY>> 14 
 
[TRYING MULTIPLICATE] [ 2 ] WITH [ 2 ] 


--------------------------[NEW ITERATION]
[ 2 ] 

[DOING] OPERator at INDEX: -1 <<PRIORITY>> 100 
[ 2 ] 
1 [3] 
false 


--------------------------[NEW ITERATION]
[ 2 ] 

[DOING] OPERator at INDEX: -1 <<PRIORITY>> 100 
[ 2 ] 
2 [3] 
false 
[OPERATION Mult] 
4 
[STORING] id 262 name [ a ] with TOKEN 1111111000000000000000100000110 ON 6 value [ 4 ] 

-------Buffer----------
[2, 2, 2, 2, 2, 4, 4, 4, 4, 4, 4, 4, 4, 4, 4, 4, 4, 4, 4, 4, 4, 4, 4, 4, 4, 4, 4, 4, 4, 4, 4, 4, 4, 4, 4, 4, 4, 4, 4, 4, 4, 4, 4, 4, 4, 4, 4, 4, 4, 4, 4, 4, 4, 4, 4, 4, 4, 4, 4, 4, 4, 4, 4, 4, 4, 4, 4, 4, 4, 4, 4, 4, 4, 4, 4, 4, 4, 4, 4, 4, 4, 4, 4, 4, 4, 4, 4, 4, 4, 4, 4, 4, 4, 4, 4, 4, 4, 4, 4, 4, 4, 4, 4, 4, 4, 4, 4, 4, 4, 4, 4, 4, 4, 4, 4, 4, 4, 4, 4, 4, 4, 4, 4, 4, 4, 4, 4, 4, 4, 4, 4, 4, 4, 4, 4, 4, 4, 4, 4, 4, 4, 4, 4, 4, 4, 4, 4, 4, 4, 4, 4, 4, 4, 4, 4, 4, 4, 4, 4, 4, 4, 4, 4, 4, 4, 4, 4, 4, 4, 4, 4, 4, 4, 4, 4, 4, 4, 4, 4, 4, 4, 4, 4, 4, 4, 4, 4, 4, 4, 4, 4, 4, 4, 4, 4, 4, 4, 4, 4, 4, 4, 4, 4, 4, 4, 4, 4, 4, 4, 4, 4, 4, 4, 4, 4, 4, 4, 4, 4, 4, 4, 4, 4, 4, 4, 4, 4, 4, 4, 4, 4, 4, 4, 4, 4, 4, 4, 4, 4, 4, 4, 4, 4, 4, 4, 4, 4, 4, 4, 4, 4, 4, 4, 4, 4, 4, 4, 4, 4, 4, 4, 4, 4]
----------------------------- 
-------cBUFFER---------
[0, 98, 0, 104, 105, 0, 97, 0]
-------------------------- 
[RETURN VALUE] [ 4 ] 
--------[EXEC CODE]:
[ a , EQUALS , 2 , MULT , 2 ]
-------------- 


--------------------------[NEW ITERATION]
[ a , EQUALS , 2 , MULT , 2 ] 

[DOING] OPERator at INDEX: 1 <<PRIORITY>> 2 

[TRYING SETTING] [ a ] WITH [ 2 , MULT , 2 ] 


--------------------------[NEW ITERATION]
[ a ] 

[DOING] OPERator at INDEX: -1 <<PRIORITY>> 100 
[ a ] 
6 [3] 
false 


--------------------------[NEW ITERATION]
[ 2 , MULT , 2 ] 

[DOING] OPERator at INDEX: 1 <<PRIORITY>> 14 
 
[TRYING MULTIPLICATE] [ 2 ] WITH [ 2 ] 


--------------------------[NEW ITERATION]
[ 2 ] 

[DOING] OPERator at INDEX: -1 <<PRIORITY>> 100 
[ 2 ] 
3 [3] 
true 
[EXECUTING  METHODE<<2>>]
 
[ a , EQUALS , 2 , MULT , 2 , ; , a , EQUALS , 2 , MULT , 2 , ; ]---------NEW LINE---------
[ a , EQUALS , 2 , MULT , 2 ]
-------------------- 
---------NEW LINE---------
[ a , EQUALS , 2 , MULT , 2 ]
-------------------- 
--------[EXEC CODE]:
[ a , EQUALS , 2 , MULT , 2 ]
-------------- 


--------------------------[NEW ITERATION]
[ a , EQUALS , 2 , MULT , 2 ] 

[DOING] OPERator at INDEX: 1 <<PRIORITY>> 2 

[TRYING SETTING] [ a ] WITH [ 2 , MULT , 2 ] 


--------------------------[NEW ITERATION]
[ a ] 

[DOING] OPERator at INDEX: -1 <<PRIORITY>> 100 
[ a ] 
6 [3] 
false 


--------------------------[NEW ITERATION]
[ 2 , MULT , 2 ] 

[DOING] OPERator at INDEX: 1 <<PRIORITY>> 14 
 
[TRYING MULTIPLICATE] [ 2 ] WITH [ 2 ] 


--------------------------[NEW ITERATION]
[ 2 ] 

[DOING] OPERator at INDEX: -1 <<PRIORITY>> 100 
[ 2 ] 
1 [3] 
false 


--------------------------[NEW ITERATION]
[ 2 ] 

[DOING] OPERator at INDEX: -1 <<PRIORITY>> 100 
[ 2 ] 
2 [3] 
false 
[OPERATION Mult] 
4 
[STORING] id 263 name [ a ] with TOKEN 1111111000000000000000100000111 ON 6 value [ 4 ] 

-------Buffer----------
[2, 2, 2, 2, 2, 4, 4, 4, 4, 4, 4, 4, 4, 4, 4, 4, 4, 4, 4, 4, 4, 4, 4, 4, 4, 4, 4, 4, 4, 4, 4, 4, 4, 4, 4, 4, 4, 4, 4, 4, 4, 4, 4, 4, 4, 4, 4, 4, 4, 4, 4, 4, 4, 4, 4, 4, 4, 4, 4, 4, 4, 4, 4, 4, 4, 4, 4, 4, 4, 4, 4, 4, 4, 4, 4, 4, 4, 4, 4, 4, 4, 4, 4, 4, 4, 4, 4, 4, 4, 4, 4, 4, 4, 4, 4, 4, 4, 4, 4, 4, 4, 4, 4, 4, 4, 4, 4, 4, 4, 4, 4, 4, 4, 4, 4, 4, 4, 4, 4, 4, 4, 4, 4, 4, 4, 4, 4, 4, 4, 4, 4, 4, 4, 4, 4, 4, 4, 4, 4, 4, 4, 4, 4, 4, 4, 4, 4, 4, 4, 4, 4, 4, 4, 4, 4, 4, 4, 4, 4, 4, 4, 4, 4, 4, 4, 4, 4, 4, 4, 4, 4, 4, 4, 4, 4, 4, 4, 4, 4, 4, 4, 4, 4, 4, 4, 4, 4, 4, 4, 4, 4, 4, 4, 4, 4, 4, 4, 4, 4, 4, 4, 4, 4, 4, 4, 4, 4, 4, 4, 4, 4, 4, 4, 4, 4, 4, 4, 4, 4, 4, 4, 4, 4, 4, 4, 4, 4, 4, 4, 4, 4, 4, 4, 4, 4, 4, 4, 4, 4, 4, 4, 4, 4, 4, 4, 4, 4, 4, 4, 4, 4, 4, 4, 4, 4, 4, 4, 4, 4, 4, 4, 4, 4, 4]
----------------------------- 
-------cBUFFER---------
[0, 98, 0, 104, 105, 0, 97, 0]
-------------------------- 
[RETURN VALUE] [ 4 ] 
--------[EXEC CODE]:
[ a , EQUALS , 2 , MULT , 2 ]
-------------- 


--------------------------[NEW ITERATION]
[ a , EQUALS , 2 , MULT , 2 ] 

[DOING] OPERator at INDEX: 1 <<PRIORITY>> 2 

[TRYING SETTING] [ a ] WITH [ 2 , MULT , 2 ] 


--------------------------[NEW ITERATION]
[ a ] 

[DOING] OPERator at INDEX: -1 <<PRIORITY>> 100 
[ a ] 
6 [3] 
false 


--------------------------[NEW ITERATION]
[ 2 , MULT , 2 ] 

[DOING] OPERator at INDEX: 1 <<PRIORITY>> 14 
 
[TRYING MULTIPLICATE] [ 2 ] WITH [ 2 ] 


--------------------------[NEW ITERATION]
[ 2 ] 

[DOING] OPERator at INDEX: -1 <<PRIORITY>> 100 
[ 2 ] 
3 [3] 
true 
[EXECUTING  METHODE<<2>>]
 
[ a , EQUALS , 2 , MULT , 2 , ; , a , EQUALS , 2 , MULT , 2 , ; ]---------NEW LINE---------
[ a , EQUALS , 2 , MULT , 2 ]
-------------------- 
---------NEW LINE---------
[ a , EQUALS , 2 , MULT , 2 ]
-------------------- 
--------[EXEC CODE]:
[ a , EQUALS , 2 , MULT , 2 ]
-------------- 


--------------------------[NEW ITERATION]
[ a , EQUALS , 2 , MULT , 2 ] 

[DOING] OPERator at INDEX: 1 <<PRIORITY>> 2 

[TRYING SETTING] [ a ] WITH [ 2 , MULT , 2 ] 


--------------------------[NEW ITERATION]
[ a ] 

[DOING] OPERator at INDEX: -1 <<PRIORITY>> 100 
[ a ] 
6 [3] 
false 


--------------------------[NEW ITERATION]
[ 2 , MULT , 2 ] 

[DOING] OPERator at INDEX: 1 <<PRIORITY>> 14 
 
[TRYING MULTIPLICATE] [ 2 ] WITH [ 2 ] 


--------------------------[NEW ITERATION]
[ 2 ] 

[DOING] OPERator at INDEX: -1 <<PRIORITY>> 100 
[ 2 ] 
1 [3] 
false 


--------------------------[NEW ITERATION]
[ 2 ] 

[DOING] OPERator at INDEX: -1 <<PRIORITY>> 100 
[ 2 ] 
2 [3] 
false 
[OPERATION Mult] 
4 
[STORING] id 264 name [ a ] with TOKEN 1111111000000000000000100001000 ON 6 value [ 4 ] 

-------Buffer----------
[2, 2, 2, 2, 2, 4, 4, 4, 4, 4, 4, 4, 4, 4, 4, 4, 4, 4, 4, 4, 4, 4, 4, 4, 4, 4, 4, 4, 4, 4, 4, 4, 4, 4, 4, 4, 4, 4, 4, 4, 4, 4, 4, 4, 4, 4, 4, 4, 4, 4, 4, 4, 4, 4, 4, 4, 4, 4, 4, 4, 4, 4, 4, 4, 4, 4, 4, 4, 4, 4, 4, 4, 4, 4, 4, 4, 4, 4, 4, 4, 4, 4, 4, 4, 4, 4, 4, 4, 4, 4, 4, 4, 4, 4, 4, 4, 4, 4, 4, 4, 4, 4, 4, 4, 4, 4, 4, 4, 4, 4, 4, 4, 4, 4, 4, 4, 4, 4, 4, 4, 4, 4, 4, 4, 4, 4, 4, 4, 4, 4, 4, 4, 4, 4, 4, 4, 4, 4, 4, 4, 4, 4, 4, 4, 4, 4, 4, 4, 4, 4, 4, 4, 4, 4, 4, 4, 4, 4, 4, 4, 4, 4, 4, 4, 4, 4, 4, 4, 4, 4, 4, 4, 4, 4, 4, 4, 4, 4, 4, 4, 4, 4, 4, 4, 4, 4, 4, 4, 4, 4, 4, 4, 4, 4, 4, 4, 4, 4, 4, 4, 4, 4, 4, 4, 4, 4, 4, 4, 4, 4, 4, 4, 4, 4, 4, 4, 4, 4, 4, 4, 4, 4, 4, 4, 4, 4, 4, 4, 4, 4, 4, 4, 4, 4, 4, 4, 4, 4, 4, 4, 4, 4, 4, 4, 4, 4, 4, 4, 4, 4, 4, 4, 4, 4, 4, 4, 4, 4, 4, 4, 4, 4, 4, 4, 4]
----------------------------- 
-------cBUFFER---------
[0, 98, 0, 104, 105, 0, 97, 0]
-------------------------- 
[RETURN VALUE] [ 4 ] 
--------[EXEC CODE]:
[ a , EQUALS , 2 , MULT , 2 ]
-------------- 


--------------------------[NEW ITERATION]
[ a , EQUALS , 2 , MULT , 2 ] 

[DOING] OPERator at INDEX: 1 <<PRIORITY>> 2 

[TRYING SETTING] [ a ] WITH [ 2 , MULT , 2 ] 


--------------------------[NEW ITERATION]
[ a ] 

[DOING] OPERator at INDEX: -1 <<PRIORITY>> 100 
[ a ] 
6 [3] 
false 


--------------------------[NEW ITERATION]
[ 2 , MULT , 2 ] 

[DOING] OPERator at INDEX: 1 <<PRIORITY>> 14 
 
[TRYING MULTIPLICATE] [ 2 ] WITH [ 2 ] 


--------------------------[NEW ITERATION]
[ 2 ] 

[DOING] OPERator at INDEX: -1 <<PRIORITY>> 100 
[ 2 ] 
3 [3] 
true 
[EXECUTING  METHODE<<2>>]
 
[ a , EQUALS , 2 , MULT , 2 , ; , a , EQUALS , 2 , MULT , 2 , ; ]---------NEW LINE---------
[ a , EQUALS , 2 , MULT , 2 ]
-------------------- 
---------NEW LINE---------
[ a , EQUALS , 2 , MULT , 2 ]
-------------------- 
--------[EXEC CODE]:
[ a , EQUALS , 2 , MULT , 2 ]
-------------- 


--------------------------[NEW ITERATION]
[ a , EQUALS , 2 , MULT , 2 ] 

[DOING] OPERator at INDEX: 1 <<PRIORITY>> 2 

[TRYING SETTING] [ a ] WITH [ 2 , MULT , 2 ] 


--------------------------[NEW ITERATION]
[ a ] 

[DOING] OPERator at INDEX: -1 <<PRIORITY>> 100 
[ a ] 
6 [3] 
false 


--------------------------[NEW ITERATION]
[ 2 , MULT , 2 ] 

[DOING] OPERator at INDEX: 1 <<PRIORITY>> 14 
 
[TRYING MULTIPLICATE] [ 2 ] WITH [ 2 ] 


--------------------------[NEW ITERATION]
[ 2 ] 

[DOING] OPERator at INDEX: -1 <<PRIORITY>> 100 
[ 2 ] 
1 [3] 
false 


--------------------------[NEW ITERATION]
[ 2 ] 

[DOING] OPERator at INDEX: -1 <<PRIORITY>> 100 
[ 2 ] 
2 [3] 
false 
[OPERATION Mult] 
4 
[STORING] id 265 name [ a ] with TOKEN 1111111000000000000000100001001 ON 6 value [ 4 ] 

-------Buffer----------
[2, 2, 2, 2, 2, 4, 4, 4, 4, 4, 4, 4, 4, 4, 4, 4, 4, 4, 4, 4, 4, 4, 4, 4, 4, 4, 4, 4, 4, 4, 4, 4, 4, 4, 4, 4, 4, 4, 4, 4, 4, 4, 4, 4, 4, 4, 4, 4, 4, 4, 4, 4, 4, 4, 4, 4, 4, 4, 4, 4, 4, 4, 4, 4, 4, 4, 4, 4, 4, 4, 4, 4, 4, 4, 4, 4, 4, 4, 4, 4, 4, 4, 4, 4, 4, 4, 4, 4, 4, 4, 4, 4, 4, 4, 4, 4, 4, 4, 4, 4, 4, 4, 4, 4, 4, 4, 4, 4, 4, 4, 4, 4, 4, 4, 4, 4, 4, 4, 4, 4, 4, 4, 4, 4, 4, 4, 4, 4, 4, 4, 4, 4, 4, 4, 4, 4, 4, 4, 4, 4, 4, 4, 4, 4, 4, 4, 4, 4, 4, 4, 4, 4, 4, 4, 4, 4, 4, 4, 4, 4, 4, 4, 4, 4, 4, 4, 4, 4, 4, 4, 4, 4, 4, 4, 4, 4, 4, 4, 4, 4, 4, 4, 4, 4, 4, 4, 4, 4, 4, 4, 4, 4, 4, 4, 4, 4, 4, 4, 4, 4, 4, 4, 4, 4, 4, 4, 4, 4, 4, 4, 4, 4, 4, 4, 4, 4, 4, 4, 4, 4, 4, 4, 4, 4, 4, 4, 4, 4, 4, 4, 4, 4, 4, 4, 4, 4, 4, 4, 4, 4, 4, 4, 4, 4, 4, 4, 4, 4, 4, 4, 4, 4, 4, 4, 4, 4, 4, 4, 4, 4, 4, 4, 4, 4, 4, 4]
----------------------------- 
-------cBUFFER---------
[0, 98, 0, 104, 105, 0, 97, 0]
-------------------------- 
[RETURN VALUE] [ 4 ] 
--------[EXEC CODE]:
[ a , EQUALS , 2 , MULT , 2 ]
-------------- 


--------------------------[NEW ITERATION]
[ a , EQUALS , 2 , MULT , 2 ] 

[DOING] OPERator at INDEX: 1 <<PRIORITY>> 2 

[TRYING SETTING] [ a ] WITH [ 2 , MULT , 2 ] 


--------------------------[NEW ITERATION]
[ a ] 

[DOING] OPERator at INDEX: -1 <<PRIORITY>> 100 
[ a ] 
6 [3] 
false 


--------------------------[NEW ITERATION]
[ 2 , MULT , 2 ] 

[DOING] OPERator at INDEX: 1 <<PRIORITY>> 14 
 
[TRYING MULTIPLICATE] [ 2 ] WITH [ 2 ] 


--------------------------[NEW ITERATION]
[ 2 ] 

[DOING] OPERator at INDEX: -1 <<PRIORITY>> 100 
[ 2 ] 
3 [3] 
true 
[EXECUTING  METHODE<<2>>]
 
[ a , EQUALS , 2 , MULT , 2 , ; , a , EQUALS , 2 , MULT , 2 , ; ]---------NEW LINE---------
[ a , EQUALS , 2 , MULT , 2 ]
-------------------- 
---------NEW LINE---------
[ a , EQUALS , 2 , MULT , 2 ]
-------------------- 
--------[EXEC CODE]:
[ a , EQUALS , 2 , MULT , 2 ]
-------------- 


--------------------------[NEW ITERATION]
[ a , EQUALS , 2 , MULT , 2 ] 

[DOING] OPERator at INDEX: 1 <<PRIORITY>> 2 

[TRYING SETTING] [ a ] WITH [ 2 , MULT , 2 ] 


--------------------------[NEW ITERATION]
[ a ] 

[DOING] OPERator at INDEX: -1 <<PRIORITY>> 100 
[ a ] 
6 [3] 
false 


--------------------------[NEW ITERATION]
[ 2 , MULT , 2 ] 

[DOING] OPERator at INDEX: 1 <<PRIORITY>> 14 
 
[TRYING MULTIPLICATE] [ 2 ] WITH [ 2 ] 


--------------------------[NEW ITERATION]
[ 2 ] 

[DOING] OPERator at INDEX: -1 <<PRIORITY>> 100 
[ 2 ] 
1 [3] 
false 


--------------------------[NEW ITERATION]
[ 2 ] 

[DOING] OPERator at INDEX: -1 <<PRIORITY>> 100 
[ 2 ] 
2 [3] 
false 
[OPERATION Mult] 
4 
[STORING] id 266 name [ a ] with TOKEN 1111111000000000000000100001010 ON 6 value [ 4 ] 

-------Buffer----------
[2, 2, 2, 2, 2, 4, 4, 4, 4, 4, 4, 4, 4, 4, 4, 4, 4, 4, 4, 4, 4, 4, 4, 4, 4, 4, 4, 4, 4, 4, 4, 4, 4, 4, 4, 4, 4, 4, 4, 4, 4, 4, 4, 4, 4, 4, 4, 4, 4, 4, 4, 4, 4, 4, 4, 4, 4, 4, 4, 4, 4, 4, 4, 4, 4, 4, 4, 4, 4, 4, 4, 4, 4, 4, 4, 4, 4, 4, 4, 4, 4, 4, 4, 4, 4, 4, 4, 4, 4, 4, 4, 4, 4, 4, 4, 4, 4, 4, 4, 4, 4, 4, 4, 4, 4, 4, 4, 4, 4, 4, 4, 4, 4, 4, 4, 4, 4, 4, 4, 4, 4, 4, 4, 4, 4, 4, 4, 4, 4, 4, 4, 4, 4, 4, 4, 4, 4, 4, 4, 4, 4, 4, 4, 4, 4, 4, 4, 4, 4, 4, 4, 4, 4, 4, 4, 4, 4, 4, 4, 4, 4, 4, 4, 4, 4, 4, 4, 4, 4, 4, 4, 4, 4, 4, 4, 4, 4, 4, 4, 4, 4, 4, 4, 4, 4, 4, 4, 4, 4, 4, 4, 4, 4, 4, 4, 4, 4, 4, 4, 4, 4, 4, 4, 4, 4, 4, 4, 4, 4, 4, 4, 4, 4, 4, 4, 4, 4, 4, 4, 4, 4, 4, 4, 4, 4, 4, 4, 4, 4, 4, 4, 4, 4, 4, 4, 4, 4, 4, 4, 4, 4, 4, 4, 4, 4, 4, 4, 4, 4, 4, 4, 4, 4, 4, 4, 4, 4, 4, 4, 4, 4, 4, 4, 4, 4, 4, 4]
----------------------------- 
-------cBUFFER---------
[0, 98, 0, 104, 105, 0, 97, 0]
-------------------------- 
[RETURN VALUE] [ 4 ] 
--------[EXEC CODE]:
[ a , EQUALS , 2 , MULT , 2 ]
-------------- 


--------------------------[NEW ITERATION]
[ a , EQUALS , 2 , MULT , 2 ] 

[DOING] OPERator at INDEX: 1 <<PRIORITY>> 2 

[TRYING SETTING] [ a ] WITH [ 2 , MULT , 2 ] 


--------------------------[NEW ITERATION]
[ a ] 

[DOING] OPERator at INDEX: -1 <<PRIORITY>> 100 
[ a ] 
6 [3] 
false 


--------------------------[NEW ITERATION]
[ 2 , MULT , 2 ] 

[DOING] OPERator at INDEX: 1 <<PRIORITY>> 14 
 
[TRYING MULTIPLICATE] [ 2 ] WITH [ 2 ] 


--------------------------[NEW ITERATION]
[ 2 ] 

[DOING] OPERator at INDEX: -1 <<PRIORITY>> 100 
[ 2 ] 
3 [3] 
true 
[EXECUTING  METHODE<<2>>]
 
[ a , EQUALS , 2 , MULT , 2 , ; , a , EQUALS , 2 , MULT , 2 , ; ]---------NEW LINE---------
[ a , EQUALS , 2 , MULT , 2 ]
-------------------- 
---------NEW LINE---------
[ a , EQUALS , 2 , MULT , 2 ]
-------------------- 
--------[EXEC CODE]:
[ a , EQUALS , 2 , MULT , 2 ]
-------------- 


--------------------------[NEW ITERATION]
[ a , EQUALS , 2 , MULT , 2 ] 

[DOING] OPERator at INDEX: 1 <<PRIORITY>> 2 

[TRYING SETTING] [ a ] WITH [ 2 , MULT , 2 ] 


--------------------------[NEW ITERATION]
[ a ] 

[DOING] OPERator at INDEX: -1 <<PRIORITY>> 100 
[ a ] 
6 [3] 
false 


--------------------------[NEW ITERATION]
[ 2 , MULT , 2 ] 

[DOING] OPERator at INDEX: 1 <<PRIORITY>> 14 
 
[TRYING MULTIPLICATE] [ 2 ] WITH [ 2 ] 


--------------------------[NEW ITERATION]
[ 2 ] 

[DOING] OPERator at INDEX: -1 <<PRIORITY>> 100 
[ 2 ] 
1 [3] 
false 


--------------------------[NEW ITERATION]
[ 2 ] 

[DOING] OPERator at INDEX: -1 <<PRIORITY>> 100 
[ 2 ] 
2 [3] 
false 
[OPERATION Mult] 
4 
[STORING] id 267 name [ a ] with TOKEN 1111111000000000000000100001011 ON 6 value [ 4 ] 

-------Buffer----------
[2, 2, 2, 2, 2, 4, 4, 4, 4, 4, 4, 4, 4, 4, 4, 4, 4, 4, 4, 4, 4, 4, 4, 4, 4, 4, 4, 4, 4, 4, 4, 4, 4, 4, 4, 4, 4, 4, 4, 4, 4, 4, 4, 4, 4, 4, 4, 4, 4, 4, 4, 4, 4, 4, 4, 4, 4, 4, 4, 4, 4, 4, 4, 4, 4, 4, 4, 4, 4, 4, 4, 4, 4, 4, 4, 4, 4, 4, 4, 4, 4, 4, 4, 4, 4, 4, 4, 4, 4, 4, 4, 4, 4, 4, 4, 4, 4, 4, 4, 4, 4, 4, 4, 4, 4, 4, 4, 4, 4, 4, 4, 4, 4, 4, 4, 4, 4, 4, 4, 4, 4, 4, 4, 4, 4, 4, 4, 4, 4, 4, 4, 4, 4, 4, 4, 4, 4, 4, 4, 4, 4, 4, 4, 4, 4, 4, 4, 4, 4, 4, 4, 4, 4, 4, 4, 4, 4, 4, 4, 4, 4, 4, 4, 4, 4, 4, 4, 4, 4, 4, 4, 4, 4, 4, 4, 4, 4, 4, 4, 4, 4, 4, 4, 4, 4, 4, 4, 4, 4, 4, 4, 4, 4, 4, 4, 4, 4, 4, 4, 4, 4, 4, 4, 4, 4, 4, 4, 4, 4, 4, 4, 4, 4, 4, 4, 4, 4, 4, 4, 4, 4, 4, 4, 4, 4, 4, 4, 4, 4, 4, 4, 4, 4, 4, 4, 4, 4, 4, 4, 4, 4, 4, 4, 4, 4, 4, 4, 4, 4, 4, 4, 4, 4, 4, 4, 4, 4, 4, 4, 4, 4, 4, 4, 4, 4, 4, 4, 4]
----------------------------- 
-------cBUFFER---------
[0, 98, 0, 104, 105, 0, 97, 0]
-------------------------- 
[RETURN VALUE] [ 4 ] 
--------[EXEC CODE]:
[ a , EQUALS , 2 , MULT , 2 ]
-------------- 


--------------------------[NEW ITERATION]
[ a , EQUALS , 2 , MULT , 2 ] 

[DOING] OPERator at INDEX: 1 <<PRIORITY>> 2 

[TRYING SETTING] [ a ] WITH [ 2 , MULT , 2 ] 


--------------------------[NEW ITERATION]
[ a ] 

[DOING] OPERator at INDEX: -1 <<PRIORITY>> 100 
[ a ] 
6 [3] 
false 


--------------------------[NEW ITERATION]
[ 2 , MULT , 2 ] 

[DOING] OPERator at INDEX: 1 <<PRIORITY>> 14 
 
[TRYING MULTIPLICATE] [ 2 ] WITH [ 2 ] 


--------------------------[NEW ITERATION]
[ 2 ] 

[DOING] OPERator at INDEX: -1 <<PRIORITY>> 100 
[ 2 ] 
3 [3] 
true 
[EXECUTING  METHODE<<2>>]
 
[ a , EQUALS , 2 , MULT , 2 , ; , a , EQUALS , 2 , MULT , 2 , ; ]---------NEW LINE---------
[ a , EQUALS , 2 , MULT , 2 ]
-------------------- 
---------NEW LINE---------
[ a , EQUALS , 2 , MULT , 2 ]
-------------------- 
--------[EXEC CODE]:
[ a , EQUALS , 2 , MULT , 2 ]
-------------- 


--------------------------[NEW ITERATION]
[ a , EQUALS , 2 , MULT , 2 ] 

[DOING] OPERator at INDEX: 1 <<PRIORITY>> 2 

[TRYING SETTING] [ a ] WITH [ 2 , MULT , 2 ] 


--------------------------[NEW ITERATION]
[ a ] 

[DOING] OPERator at INDEX: -1 <<PRIORITY>> 100 
[ a ] 
6 [3] 
false 


--------------------------[NEW ITERATION]
[ 2 , MULT , 2 ] 

[DOING] OPERator at INDEX: 1 <<PRIORITY>> 14 
 
[TRYING MULTIPLICATE] [ 2 ] WITH [ 2 ] 


--------------------------[NEW ITERATION]
[ 2 ] 

[DOING] OPERator at INDEX: -1 <<PRIORITY>> 100 
[ 2 ] 
1 [3] 
false 


--------------------------[NEW ITERATION]
[ 2 ] 

[DOING] OPERator at INDEX: -1 <<PRIORITY>> 100 
[ 2 ] 
2 [3] 
false 
[OPERATION Mult] 
4 
[STORING] id 268 name [ a ] with TOKEN 1111111000000000000000100001100 ON 6 value [ 4 ] 

-------Buffer----------
[2, 2, 2, 2, 2, 4, 4, 4, 4, 4, 4, 4, 4, 4, 4, 4, 4, 4, 4, 4, 4, 4, 4, 4, 4, 4, 4, 4, 4, 4, 4, 4, 4, 4, 4, 4, 4, 4, 4, 4, 4, 4, 4, 4, 4, 4, 4, 4, 4, 4, 4, 4, 4, 4, 4, 4, 4, 4, 4, 4, 4, 4, 4, 4, 4, 4, 4, 4, 4, 4, 4, 4, 4, 4, 4, 4, 4, 4, 4, 4, 4, 4, 4, 4, 4, 4, 4, 4, 4, 4, 4, 4, 4, 4, 4, 4, 4, 4, 4, 4, 4, 4, 4, 4, 4, 4, 4, 4, 4, 4, 4, 4, 4, 4, 4, 4, 4, 4, 4, 4, 4, 4, 4, 4, 4, 4, 4, 4, 4, 4, 4, 4, 4, 4, 4, 4, 4, 4, 4, 4, 4, 4, 4, 4, 4, 4, 4, 4, 4, 4, 4, 4, 4, 4, 4, 4, 4, 4, 4, 4, 4, 4, 4, 4, 4, 4, 4, 4, 4, 4, 4, 4, 4, 4, 4, 4, 4, 4, 4, 4, 4, 4, 4, 4, 4, 4, 4, 4, 4, 4, 4, 4, 4, 4, 4, 4, 4, 4, 4, 4, 4, 4, 4, 4, 4, 4, 4, 4, 4, 4, 4, 4, 4, 4, 4, 4, 4, 4, 4, 4, 4, 4, 4, 4, 4, 4, 4, 4, 4, 4, 4, 4, 4, 4, 4, 4, 4, 4, 4, 4, 4, 4, 4, 4, 4, 4, 4, 4, 4, 4, 4, 4, 4, 4, 4, 4, 4, 4, 4, 4, 4, 4, 4, 4, 4, 4, 4, 4, 4]
----------------------------- 
-------cBUFFER---------
[0, 98, 0, 104, 105, 0, 97, 0]
-------------------------- 
[RETURN VALUE] [ 4 ] 
--------[EXEC CODE]:
[ a , EQUALS , 2 , MULT , 2 ]
-------------- 


--------------------------[NEW ITERATION]
[ a , EQUALS , 2 , MULT , 2 ] 

[DOING] OPERator at INDEX: 1 <<PRIORITY>> 2 

[TRYING SETTING] [ a ] WITH [ 2 , MULT , 2 ] 


--------------------------[NEW ITERATION]
[ a ] 

[DOING] OPERator at INDEX: -1 <<PRIORITY>> 100 
[ a ] 
6 [3] 
false 


--------------------------[NEW ITERATION]
[ 2 , MULT , 2 ] 

[DOING] OPERator at INDEX: 1 <<PRIORITY>> 14 
 
[TRYING MULTIPLICATE] [ 2 ] WITH [ 2 ] 


--------------------------[NEW ITERATION]
[ 2 ] 

[DOING] OPERator at INDEX: -1 <<PRIORITY>> 100 
[ 2 ] 
3 [3] 
true 
[EXECUTING  METHODE<<2>>]
 
[ a , EQUALS , 2 , MULT , 2 , ; , a , EQUALS , 2 , MULT , 2 , ; ]---------NEW LINE---------
[ a , EQUALS , 2 , MULT , 2 ]
-------------------- 
---------NEW LINE---------
[ a , EQUALS , 2 , MULT , 2 ]
-------------------- 
--------[EXEC CODE]:
[ a , EQUALS , 2 , MULT , 2 ]
-------------- 


--------------------------[NEW ITERATION]
[ a , EQUALS , 2 , MULT , 2 ] 

[DOING] OPERator at INDEX: 1 <<PRIORITY>> 2 

[TRYING SETTING] [ a ] WITH [ 2 , MULT , 2 ] 


--------------------------[NEW ITERATION]
[ a ] 

[DOING] OPERator at INDEX: -1 <<PRIORITY>> 100 
[ a ] 
6 [3] 
false 


--------------------------[NEW ITERATION]
[ 2 , MULT , 2 ] 

[DOING] OPERator at INDEX: 1 <<PRIORITY>> 14 
 
[TRYING MULTIPLICATE] [ 2 ] WITH [ 2 ] 


--------------------------[NEW ITERATION]
[ 2 ] 

[DOING] OPERator at INDEX: -1 <<PRIORITY>> 100 
[ 2 ] 
1 [3] 
false 


--------------------------[NEW ITERATION]
[ 2 ] 

[DOING] OPERator at INDEX: -1 <<PRIORITY>> 100 
[ 2 ] 
2 [3] 
false 
[OPERATION Mult] 
4 
[STORING] id 269 name [ a ] with TOKEN 1111111000000000000000100001101 ON 6 value [ 4 ] 

-------Buffer----------
[2, 2, 2, 2, 2, 4, 4, 4, 4, 4, 4, 4, 4, 4, 4, 4, 4, 4, 4, 4, 4, 4, 4, 4, 4, 4, 4, 4, 4, 4, 4, 4, 4, 4, 4, 4, 4, 4, 4, 4, 4, 4, 4, 4, 4, 4, 4, 4, 4, 4, 4, 4, 4, 4, 4, 4, 4, 4, 4, 4, 4, 4, 4, 4, 4, 4, 4, 4, 4, 4, 4, 4, 4, 4, 4, 4, 4, 4, 4, 4, 4, 4, 4, 4, 4, 4, 4, 4, 4, 4, 4, 4, 4, 4, 4, 4, 4, 4, 4, 4, 4, 4, 4, 4, 4, 4, 4, 4, 4, 4, 4, 4, 4, 4, 4, 4, 4, 4, 4, 4, 4, 4, 4, 4, 4, 4, 4, 4, 4, 4, 4, 4, 4, 4, 4, 4, 4, 4, 4, 4, 4, 4, 4, 4, 4, 4, 4, 4, 4, 4, 4, 4, 4, 4, 4, 4, 4, 4, 4, 4, 4, 4, 4, 4, 4, 4, 4, 4, 4, 4, 4, 4, 4, 4, 4, 4, 4, 4, 4, 4, 4, 4, 4, 4, 4, 4, 4, 4, 4, 4, 4, 4, 4, 4, 4, 4, 4, 4, 4, 4, 4, 4, 4, 4, 4, 4, 4, 4, 4, 4, 4, 4, 4, 4, 4, 4, 4, 4, 4, 4, 4, 4, 4, 4, 4, 4, 4, 4, 4, 4, 4, 4, 4, 4, 4, 4, 4, 4, 4, 4, 4, 4, 4, 4, 4, 4, 4, 4, 4, 4, 4, 4, 4, 4, 4, 4, 4, 4, 4, 4, 4, 4, 4, 4, 4, 4, 4, 4, 4, 4]
----------------------------- 
-------cBUFFER---------
[0, 98, 0, 104, 105, 0, 97, 0]
-------------------------- 
[RETURN VALUE] [ 4 ] 
--------[EXEC CODE]:
[ a , EQUALS , 2 , MULT , 2 ]
-------------- 


--------------------------[NEW ITERATION]
[ a , EQUALS , 2 , MULT , 2 ] 

[DOING] OPERator at INDEX: 1 <<PRIORITY>> 2 

[TRYING SETTING] [ a ] WITH [ 2 , MULT , 2 ] 


--------------------------[NEW ITERATION]
[ a ] 

[DOING] OPERator at INDEX: -1 <<PRIORITY>> 100 
[ a ] 
6 [3] 
false 


--------------------------[NEW ITERATION]
[ 2 , MULT , 2 ] 

[DOING] OPERator at INDEX: 1 <<PRIORITY>> 14 
 
[TRYING MULTIPLICATE] [ 2 ] WITH [ 2 ] 


--------------------------[NEW ITERATION]
[ 2 ] 

[DOING] OPERator at INDEX: -1 <<PRIORITY>> 100 
[ 2 ] 
3 [3] 
true 
[EXECUTING  METHODE<<2>>]
 
[ a , EQUALS , 2 , MULT , 2 , ; , a , EQUALS , 2 , MULT , 2 , ; ]---------NEW LINE---------
[ a , EQUALS , 2 , MULT , 2 ]
-------------------- 
---------NEW LINE---------
[ a , EQUALS , 2 , MULT , 2 ]
-------------------- 
--------[EXEC CODE]:
[ a , EQUALS , 2 , MULT , 2 ]
-------------- 


--------------------------[NEW ITERATION]
[ a , EQUALS , 2 , MULT , 2 ] 

[DOING] OPERator at INDEX: 1 <<PRIORITY>> 2 

[TRYING SETTING] [ a ] WITH [ 2 , MULT , 2 ] 


--------------------------[NEW ITERATION]
[ a ] 

[DOING] OPERator at INDEX: -1 <<PRIORITY>> 100 
[ a ] 
6 [3] 
false 


--------------------------[NEW ITERATION]
[ 2 , MULT , 2 ] 

[DOING] OPERator at INDEX: 1 <<PRIORITY>> 14 
 
[TRYING MULTIPLICATE] [ 2 ] WITH [ 2 ] 


--------------------------[NEW ITERATION]
[ 2 ] 

[DOING] OPERator at INDEX: -1 <<PRIORITY>> 100 
[ 2 ] 
1 [3] 
false 


--------------------------[NEW ITERATION]
[ 2 ] 

[DOING] OPERator at INDEX: -1 <<PRIORITY>> 100 
[ 2 ] 
2 [3] 
false 
[OPERATION Mult] 
4 
[STORING] id 270 name [ a ] with TOKEN 1111111000000000000000100001110 ON 6 value [ 4 ] 

-------Buffer----------
[2, 2, 2, 2, 2, 4, 4, 4, 4, 4, 4, 4, 4, 4, 4, 4, 4, 4, 4, 4, 4, 4, 4, 4, 4, 4, 4, 4, 4, 4, 4, 4, 4, 4, 4, 4, 4, 4, 4, 4, 4, 4, 4, 4, 4, 4, 4, 4, 4, 4, 4, 4, 4, 4, 4, 4, 4, 4, 4, 4, 4, 4, 4, 4, 4, 4, 4, 4, 4, 4, 4, 4, 4, 4, 4, 4, 4, 4, 4, 4, 4, 4, 4, 4, 4, 4, 4, 4, 4, 4, 4, 4, 4, 4, 4, 4, 4, 4, 4, 4, 4, 4, 4, 4, 4, 4, 4, 4, 4, 4, 4, 4, 4, 4, 4, 4, 4, 4, 4, 4, 4, 4, 4, 4, 4, 4, 4, 4, 4, 4, 4, 4, 4, 4, 4, 4, 4, 4, 4, 4, 4, 4, 4, 4, 4, 4, 4, 4, 4, 4, 4, 4, 4, 4, 4, 4, 4, 4, 4, 4, 4, 4, 4, 4, 4, 4, 4, 4, 4, 4, 4, 4, 4, 4, 4, 4, 4, 4, 4, 4, 4, 4, 4, 4, 4, 4, 4, 4, 4, 4, 4, 4, 4, 4, 4, 4, 4, 4, 4, 4, 4, 4, 4, 4, 4, 4, 4, 4, 4, 4, 4, 4, 4, 4, 4, 4, 4, 4, 4, 4, 4, 4, 4, 4, 4, 4, 4, 4, 4, 4, 4, 4, 4, 4, 4, 4, 4, 4, 4, 4, 4, 4, 4, 4, 4, 4, 4, 4, 4, 4, 4, 4, 4, 4, 4, 4, 4, 4, 4, 4, 4, 4, 4, 4, 4, 4, 4, 4, 4, 4, 4]
----------------------------- 
-------cBUFFER---------
[0, 98, 0, 104, 105, 0, 97, 0]
-------------------------- 
[RETURN VALUE] [ 4 ] 
--------[EXEC CODE]:
[ a , EQUALS , 2 , MULT , 2 ]
-------------- 


--------------------------[NEW ITERATION]
[ a , EQUALS , 2 , MULT , 2 ] 

[DOING] OPERator at INDEX: 1 <<PRIORITY>> 2 

[TRYING SETTING] [ a ] WITH [ 2 , MULT , 2 ] 


--------------------------[NEW ITERATION]
[ a ] 

[DOING] OPERator at INDEX: -1 <<PRIORITY>> 100 
[ a ] 
6 [3] 
false 


--------------------------[NEW ITERATION]
[ 2 , MULT , 2 ] 

[DOING] OPERator at INDEX: 1 <<PRIORITY>> 14 
 
[TRYING MULTIPLICATE] [ 2 ] WITH [ 2 ] 


--------------------------[NEW ITERATION]
[ 2 ] 

[DOING] OPERator at INDEX: -1 <<PRIORITY>> 100 
[ 2 ] 
3 [3] 
true 
[EXECUTING  METHODE<<2>>]
 
[ a , EQUALS , 2 , MULT , 2 , ; , a , EQUALS , 2 , MULT , 2 , ; ]---------NEW LINE---------
[ a , EQUALS , 2 , MULT , 2 ]
-------------------- 
---------NEW LINE---------
[ a , EQUALS , 2 , MULT , 2 ]
-------------------- 
--------[EXEC CODE]:
[ a , EQUALS , 2 , MULT , 2 ]
-------------- 


--------------------------[NEW ITERATION]
[ a , EQUALS , 2 , MULT , 2 ] 

[DOING] OPERator at INDEX: 1 <<PRIORITY>> 2 

[TRYING SETTING] [ a ] WITH [ 2 , MULT , 2 ] 


--------------------------[NEW ITERATION]
[ a ] 

[DOING] OPERator at INDEX: -1 <<PRIORITY>> 100 
[ a ] 
6 [3] 
false 


--------------------------[NEW ITERATION]
[ 2 , MULT , 2 ] 

[DOING] OPERator at INDEX: 1 <<PRIORITY>> 14 
 
[TRYING MULTIPLICATE] [ 2 ] WITH [ 2 ] 


--------------------------[NEW ITERATION]
[ 2 ] 

[DOING] OPERator at INDEX: -1 <<PRIORITY>> 100 
[ 2 ] 
1 [3] 
false 


--------------------------[NEW ITERATION]
[ 2 ] 

[DOING] OPERator at INDEX: -1 <<PRIORITY>> 100 
[ 2 ] 
2 [3] 
false 
[OPERATION Mult] 
4 
[STORING] id 271 name [ a ] with TOKEN 1111111000000000000000100001111 ON 6 value [ 4 ] 

-------Buffer----------
[2, 2, 2, 2, 2, 4, 4, 4, 4, 4, 4, 4, 4, 4, 4, 4, 4, 4, 4, 4, 4, 4, 4, 4, 4, 4, 4, 4, 4, 4, 4, 4, 4, 4, 4, 4, 4, 4, 4, 4, 4, 4, 4, 4, 4, 4, 4, 4, 4, 4, 4, 4, 4, 4, 4, 4, 4, 4, 4, 4, 4, 4, 4, 4, 4, 4, 4, 4, 4, 4, 4, 4, 4, 4, 4, 4, 4, 4, 4, 4, 4, 4, 4, 4, 4, 4, 4, 4, 4, 4, 4, 4, 4, 4, 4, 4, 4, 4, 4, 4, 4, 4, 4, 4, 4, 4, 4, 4, 4, 4, 4, 4, 4, 4, 4, 4, 4, 4, 4, 4, 4, 4, 4, 4, 4, 4, 4, 4, 4, 4, 4, 4, 4, 4, 4, 4, 4, 4, 4, 4, 4, 4, 4, 4, 4, 4, 4, 4, 4, 4, 4, 4, 4, 4, 4, 4, 4, 4, 4, 4, 4, 4, 4, 4, 4, 4, 4, 4, 4, 4, 4, 4, 4, 4, 4, 4, 4, 4, 4, 4, 4, 4, 4, 4, 4, 4, 4, 4, 4, 4, 4, 4, 4, 4, 4, 4, 4, 4, 4, 4, 4, 4, 4, 4, 4, 4, 4, 4, 4, 4, 4, 4, 4, 4, 4, 4, 4, 4, 4, 4, 4, 4, 4, 4, 4, 4, 4, 4, 4, 4, 4, 4, 4, 4, 4, 4, 4, 4, 4, 4, 4, 4, 4, 4, 4, 4, 4, 4, 4, 4, 4, 4, 4, 4, 4, 4, 4, 4, 4, 4, 4, 4, 4, 4, 4, 4, 4, 4, 4, 4, 4, 4]
----------------------------- 
-------cBUFFER---------
[0, 98, 0, 104, 105, 0, 97, 0]
-------------------------- 
[RETURN VALUE] [ 4 ] 
--------[EXEC CODE]:
[ a , EQUALS , 2 , MULT , 2 ]
-------------- 


--------------------------[NEW ITERATION]
[ a , EQUALS , 2 , MULT , 2 ] 

[DOING] OPERator at INDEX: 1 <<PRIORITY>> 2 

[TRYING SETTING] [ a ] WITH [ 2 , MULT , 2 ] 


--------------------------[NEW ITERATION]
[ a ] 

[DOING] OPERator at INDEX: -1 <<PRIORITY>> 100 
[ a ] 
6 [3] 
false 


--------------------------[NEW ITERATION]
[ 2 , MULT , 2 ] 

[DOING] OPERator at INDEX: 1 <<PRIORITY>> 14 
 
[TRYING MULTIPLICATE] [ 2 ] WITH [ 2 ] 


--------------------------[NEW ITERATION]
[ 2 ] 

[DOING] OPERator at INDEX: -1 <<PRIORITY>> 100 
[ 2 ] 
3 [3] 
true 
[EXECUTING  METHODE<<2>>]
 
[ a , EQUALS , 2 , MULT , 2 , ; , a , EQUALS , 2 , MULT , 2 , ; ]---------NEW LINE---------
[ a , EQUALS , 2 , MULT , 2 ]
-------------------- 
---------NEW LINE---------
[ a , EQUALS , 2 , MULT , 2 ]
-------------------- 
--------[EXEC CODE]:
[ a , EQUALS , 2 , MULT , 2 ]
-------------- 


--------------------------[NEW ITERATION]
[ a , EQUALS , 2 , MULT , 2 ] 

[DOING] OPERator at INDEX: 1 <<PRIORITY>> 2 

[TRYING SETTING] [ a ] WITH [ 2 , MULT , 2 ] 


--------------------------[NEW ITERATION]
[ a ] 

[DOING] OPERator at INDEX: -1 <<PRIORITY>> 100 
[ a ] 
6 [3] 
false 


--------------------------[NEW ITERATION]
[ 2 , MULT , 2 ] 

[DOING] OPERator at INDEX: 1 <<PRIORITY>> 14 
 
[TRYING MULTIPLICATE] [ 2 ] WITH [ 2 ] 


--------------------------[NEW ITERATION]
[ 2 ] 

[DOING] OPERator at INDEX: -1 <<PRIORITY>> 100 
[ 2 ] 
1 [3] 
false 


--------------------------[NEW ITERATION]
[ 2 ] 

[DOING] OPERator at INDEX: -1 <<PRIORITY>> 100 
[ 2 ] 
2 [3] 
false 
[OPERATION Mult] 
4 
[STORING] id 272 name [ a ] with TOKEN 1111111000000000000000100010000 ON 6 value [ 4 ] 

-------Buffer----------
[2, 2, 2, 2, 2, 4, 4, 4, 4, 4, 4, 4, 4, 4, 4, 4, 4, 4, 4, 4, 4, 4, 4, 4, 4, 4, 4, 4, 4, 4, 4, 4, 4, 4, 4, 4, 4, 4, 4, 4, 4, 4, 4, 4, 4, 4, 4, 4, 4, 4, 4, 4, 4, 4, 4, 4, 4, 4, 4, 4, 4, 4, 4, 4, 4, 4, 4, 4, 4, 4, 4, 4, 4, 4, 4, 4, 4, 4, 4, 4, 4, 4, 4, 4, 4, 4, 4, 4, 4, 4, 4, 4, 4, 4, 4, 4, 4, 4, 4, 4, 4, 4, 4, 4, 4, 4, 4, 4, 4, 4, 4, 4, 4, 4, 4, 4, 4, 4, 4, 4, 4, 4, 4, 4, 4, 4, 4, 4, 4, 4, 4, 4, 4, 4, 4, 4, 4, 4, 4, 4, 4, 4, 4, 4, 4, 4, 4, 4, 4, 4, 4, 4, 4, 4, 4, 4, 4, 4, 4, 4, 4, 4, 4, 4, 4, 4, 4, 4, 4, 4, 4, 4, 4, 4, 4, 4, 4, 4, 4, 4, 4, 4, 4, 4, 4, 4, 4, 4, 4, 4, 4, 4, 4, 4, 4, 4, 4, 4, 4, 4, 4, 4, 4, 4, 4, 4, 4, 4, 4, 4, 4, 4, 4, 4, 4, 4, 4, 4, 4, 4, 4, 4, 4, 4, 4, 4, 4, 4, 4, 4, 4, 4, 4, 4, 4, 4, 4, 4, 4, 4, 4, 4, 4, 4, 4, 4, 4, 4, 4, 4, 4, 4, 4, 4, 4, 4, 4, 4, 4, 4, 4, 4, 4, 4, 4, 4, 4, 4, 4, 4, 4, 4, 4]
----------------------------- 
-------cBUFFER---------
[0, 98, 0, 104, 105, 0, 97, 0]
-------------------------- 
[RETURN VALUE] [ 4 ] 
--------[EXEC CODE]:
[ a , EQUALS , 2 , MULT , 2 ]
-------------- 


--------------------------[NEW ITERATION]
[ a , EQUALS , 2 , MULT , 2 ] 

[DOING] OPERator at INDEX: 1 <<PRIORITY>> 2 

[TRYING SETTING] [ a ] WITH [ 2 , MULT , 2 ] 


--------------------------[NEW ITERATION]
[ a ] 

[DOING] OPERator at INDEX: -1 <<PRIORITY>> 100 
[ a ] 
6 [3] 
false 


--------------------------[NEW ITERATION]
[ 2 , MULT , 2 ] 

[DOING] OPERator at INDEX: 1 <<PRIORITY>> 14 
 
[TRYING MULTIPLICATE] [ 2 ] WITH [ 2 ] 


--------------------------[NEW ITERATION]
[ 2 ] 

[DOING] OPERator at INDEX: -1 <<PRIORITY>> 100 
[ 2 ] 
3 [3] 
true 
[EXECUTING  METHODE<<2>>]
 
[ a , EQUALS , 2 , MULT , 2 , ; , a , EQUALS , 2 , MULT , 2 , ; ]---------NEW LINE---------
[ a , EQUALS , 2 , MULT , 2 ]
-------------------- 
---------NEW LINE---------
[ a , EQUALS , 2 , MULT , 2 ]
-------------------- 
--------[EXEC CODE]:
[ a , EQUALS , 2 , MULT , 2 ]
-------------- 


--------------------------[NEW ITERATION]
[ a , EQUALS , 2 , MULT , 2 ] 

[DOING] OPERator at INDEX: 1 <<PRIORITY>> 2 

[TRYING SETTING] [ a ] WITH [ 2 , MULT , 2 ] 


--------------------------[NEW ITERATION]
[ a ] 

[DOING] OPERator at INDEX: -1 <<PRIORITY>> 100 
[ a ] 
6 [3] 
false 


--------------------------[NEW ITERATION]
[ 2 , MULT , 2 ] 

[DOING] OPERator at INDEX: 1 <<PRIORITY>> 14 
 
[TRYING MULTIPLICATE] [ 2 ] WITH [ 2 ] 


--------------------------[NEW ITERATION]
[ 2 ] 

[DOING] OPERator at INDEX: -1 <<PRIORITY>> 100 
[ 2 ] 
1 [3] 
false 


--------------------------[NEW ITERATION]
[ 2 ] 

[DOING] OPERator at INDEX: -1 <<PRIORITY>> 100 
[ 2 ] 
2 [3] 
false 
[OPERATION Mult] 
4 
[STORING] id 273 name [ a ] with TOKEN 1111111000000000000000100010001 ON 6 value [ 4 ] 

-------Buffer----------
[2, 2, 2, 2, 2, 4, 4, 4, 4, 4, 4, 4, 4, 4, 4, 4, 4, 4, 4, 4, 4, 4, 4, 4, 4, 4, 4, 4, 4, 4, 4, 4, 4, 4, 4, 4, 4, 4, 4, 4, 4, 4, 4, 4, 4, 4, 4, 4, 4, 4, 4, 4, 4, 4, 4, 4, 4, 4, 4, 4, 4, 4, 4, 4, 4, 4, 4, 4, 4, 4, 4, 4, 4, 4, 4, 4, 4, 4, 4, 4, 4, 4, 4, 4, 4, 4, 4, 4, 4, 4, 4, 4, 4, 4, 4, 4, 4, 4, 4, 4, 4, 4, 4, 4, 4, 4, 4, 4, 4, 4, 4, 4, 4, 4, 4, 4, 4, 4, 4, 4, 4, 4, 4, 4, 4, 4, 4, 4, 4, 4, 4, 4, 4, 4, 4, 4, 4, 4, 4, 4, 4, 4, 4, 4, 4, 4, 4, 4, 4, 4, 4, 4, 4, 4, 4, 4, 4, 4, 4, 4, 4, 4, 4, 4, 4, 4, 4, 4, 4, 4, 4, 4, 4, 4, 4, 4, 4, 4, 4, 4, 4, 4, 4, 4, 4, 4, 4, 4, 4, 4, 4, 4, 4, 4, 4, 4, 4, 4, 4, 4, 4, 4, 4, 4, 4, 4, 4, 4, 4, 4, 4, 4, 4, 4, 4, 4, 4, 4, 4, 4, 4, 4, 4, 4, 4, 4, 4, 4, 4, 4, 4, 4, 4, 4, 4, 4, 4, 4, 4, 4, 4, 4, 4, 4, 4, 4, 4, 4, 4, 4, 4, 4, 4, 4, 4, 4, 4, 4, 4, 4, 4, 4, 4, 4, 4, 4, 4, 4, 4, 4, 4, 4, 4, 4]
----------------------------- 
-------cBUFFER---------
[0, 98, 0, 104, 105, 0, 97, 0]
-------------------------- 
[RETURN VALUE] [ 4 ] 
--------[EXEC CODE]:
[ a , EQUALS , 2 , MULT , 2 ]
-------------- 


--------------------------[NEW ITERATION]
[ a , EQUALS , 2 , MULT , 2 ] 

[DOING] OPERator at INDEX: 1 <<PRIORITY>> 2 

[TRYING SETTING] [ a ] WITH [ 2 , MULT , 2 ] 


--------------------------[NEW ITERATION]
[ a ] 

[DOING] OPERator at INDEX: -1 <<PRIORITY>> 100 
[ a ] 
6 [3] 
false 


--------------------------[NEW ITERATION]
[ 2 , MULT , 2 ] 

[DOING] OPERator at INDEX: 1 <<PRIORITY>> 14 
 
[TRYING MULTIPLICATE] [ 2 ] WITH [ 2 ] 


--------------------------[NEW ITERATION]
[ 2 ] 

[DOING] OPERator at INDEX: -1 <<PRIORITY>> 100 
[ 2 ] 
3 [3] 
true 
[EXECUTING  METHODE<<2>>]
 
[ a , EQUALS , 2 , MULT , 2 , ; , a , EQUALS , 2 , MULT , 2 , ; ]---------NEW LINE---------
[ a , EQUALS , 2 , MULT , 2 ]
-------------------- 
---------NEW LINE---------
[ a , EQUALS , 2 , MULT , 2 ]
-------------------- 
--------[EXEC CODE]:
[ a , EQUALS , 2 , MULT , 2 ]
-------------- 


--------------------------[NEW ITERATION]
[ a , EQUALS , 2 , MULT , 2 ] 

[DOING] OPERator at INDEX: 1 <<PRIORITY>> 2 

[TRYING SETTING] [ a ] WITH [ 2 , MULT , 2 ] 


--------------------------[NEW ITERATION]
[ a ] 

[DOING] OPERator at INDEX: -1 <<PRIORITY>> 100 
[ a ] 
6 [3] 
false 


--------------------------[NEW ITERATION]
[ 2 , MULT , 2 ] 

[DOING] OPERator at INDEX: 1 <<PRIORITY>> 14 
 
[TRYING MULTIPLICATE] [ 2 ] WITH [ 2 ] 


--------------------------[NEW ITERATION]
[ 2 ] 

[DOING] OPERator at INDEX: -1 <<PRIORITY>> 100 
[ 2 ] 
1 [3] 
false 


--------------------------[NEW ITERATION]
[ 2 ] 

[DOING] OPERator at INDEX: -1 <<PRIORITY>> 100 
[ 2 ] 
2 [3] 
false 
[OPERATION Mult] 
4 
[STORING] id 274 name [ a ] with TOKEN 1111111000000000000000100010010 ON 6 value [ 4 ] 

-------Buffer----------
[2, 2, 2, 2, 2, 4, 4, 4, 4, 4, 4, 4, 4, 4, 4, 4, 4, 4, 4, 4, 4, 4, 4, 4, 4, 4, 4, 4, 4, 4, 4, 4, 4, 4, 4, 4, 4, 4, 4, 4, 4, 4, 4, 4, 4, 4, 4, 4, 4, 4, 4, 4, 4, 4, 4, 4, 4, 4, 4, 4, 4, 4, 4, 4, 4, 4, 4, 4, 4, 4, 4, 4, 4, 4, 4, 4, 4, 4, 4, 4, 4, 4, 4, 4, 4, 4, 4, 4, 4, 4, 4, 4, 4, 4, 4, 4, 4, 4, 4, 4, 4, 4, 4, 4, 4, 4, 4, 4, 4, 4, 4, 4, 4, 4, 4, 4, 4, 4, 4, 4, 4, 4, 4, 4, 4, 4, 4, 4, 4, 4, 4, 4, 4, 4, 4, 4, 4, 4, 4, 4, 4, 4, 4, 4, 4, 4, 4, 4, 4, 4, 4, 4, 4, 4, 4, 4, 4, 4, 4, 4, 4, 4, 4, 4, 4, 4, 4, 4, 4, 4, 4, 4, 4, 4, 4, 4, 4, 4, 4, 4, 4, 4, 4, 4, 4, 4, 4, 4, 4, 4, 4, 4, 4, 4, 4, 4, 4, 4, 4, 4, 4, 4, 4, 4, 4, 4, 4, 4, 4, 4, 4, 4, 4, 4, 4, 4, 4, 4, 4, 4, 4, 4, 4, 4, 4, 4, 4, 4, 4, 4, 4, 4, 4, 4, 4, 4, 4, 4, 4, 4, 4, 4, 4, 4, 4, 4, 4, 4, 4, 4, 4, 4, 4, 4, 4, 4, 4, 4, 4, 4, 4, 4, 4, 4, 4, 4, 4, 4, 4, 4, 4, 4, 4, 4, 4]
----------------------------- 
-------cBUFFER---------
[0, 98, 0, 104, 105, 0, 97, 0]
-------------------------- 
[RETURN VALUE] [ 4 ] 
--------[EXEC CODE]:
[ a , EQUALS , 2 , MULT , 2 ]
-------------- 


--------------------------[NEW ITERATION]
[ a , EQUALS , 2 , MULT , 2 ] 

[DOING] OPERator at INDEX: 1 <<PRIORITY>> 2 

[TRYING SETTING] [ a ] WITH [ 2 , MULT , 2 ] 


--------------------------[NEW ITERATION]
[ a ] 

[DOING] OPERator at INDEX: -1 <<PRIORITY>> 100 
[ a ] 
6 [3] 
false 


--------------------------[NEW ITERATION]
[ 2 , MULT , 2 ] 

[DOING] OPERator at INDEX: 1 <<PRIORITY>> 14 
 
[TRYING MULTIPLICATE] [ 2 ] WITH [ 2 ] 


--------------------------[NEW ITERATION]
[ 2 ] 

[DOING] OPERator at INDEX: -1 <<PRIORITY>> 100 
[ 2 ] 
3 [3] 
true 
[EXECUTING  METHODE<<2>>]
 
[ a , EQUALS , 2 , MULT , 2 , ; , a , EQUALS , 2 , MULT , 2 , ; ]---------NEW LINE---------
[ a , EQUALS , 2 , MULT , 2 ]
-------------------- 
---------NEW LINE---------
[ a , EQUALS , 2 , MULT , 2 ]
-------------------- 
--------[EXEC CODE]:
[ a , EQUALS , 2 , MULT , 2 ]
-------------- 


--------------------------[NEW ITERATION]
[ a , EQUALS , 2 , MULT , 2 ] 

[DOING] OPERator at INDEX: 1 <<PRIORITY>> 2 

[TRYING SETTING] [ a ] WITH [ 2 , MULT , 2 ] 


--------------------------[NEW ITERATION]
[ a ] 

[DOING] OPERator at INDEX: -1 <<PRIORITY>> 100 
[ a ] 
6 [3] 
false 


--------------------------[NEW ITERATION]
[ 2 , MULT , 2 ] 

[DOING] OPERator at INDEX: 1 <<PRIORITY>> 14 
 
[TRYING MULTIPLICATE] [ 2 ] WITH [ 2 ] 


--------------------------[NEW ITERATION]
[ 2 ] 

[DOING] OPERator at INDEX: -1 <<PRIORITY>> 100 
[ 2 ] 
1 [3] 
false 


--------------------------[NEW ITERATION]
[ 2 ] 

[DOING] OPERator at INDEX: -1 <<PRIORITY>> 100 
[ 2 ] 
2 [3] 
false 
[OPERATION Mult] 
4 
[STORING] id 275 name [ a ] with TOKEN 1111111000000000000000100010011 ON 6 value [ 4 ] 

-------Buffer----------
[2, 2, 2, 2, 2, 4, 4, 4, 4, 4, 4, 4, 4, 4, 4, 4, 4, 4, 4, 4, 4, 4, 4, 4, 4, 4, 4, 4, 4, 4, 4, 4, 4, 4, 4, 4, 4, 4, 4, 4, 4, 4, 4, 4, 4, 4, 4, 4, 4, 4, 4, 4, 4, 4, 4, 4, 4, 4, 4, 4, 4, 4, 4, 4, 4, 4, 4, 4, 4, 4, 4, 4, 4, 4, 4, 4, 4, 4, 4, 4, 4, 4, 4, 4, 4, 4, 4, 4, 4, 4, 4, 4, 4, 4, 4, 4, 4, 4, 4, 4, 4, 4, 4, 4, 4, 4, 4, 4, 4, 4, 4, 4, 4, 4, 4, 4, 4, 4, 4, 4, 4, 4, 4, 4, 4, 4, 4, 4, 4, 4, 4, 4, 4, 4, 4, 4, 4, 4, 4, 4, 4, 4, 4, 4, 4, 4, 4, 4, 4, 4, 4, 4, 4, 4, 4, 4, 4, 4, 4, 4, 4, 4, 4, 4, 4, 4, 4, 4, 4, 4, 4, 4, 4, 4, 4, 4, 4, 4, 4, 4, 4, 4, 4, 4, 4, 4, 4, 4, 4, 4, 4, 4, 4, 4, 4, 4, 4, 4, 4, 4, 4, 4, 4, 4, 4, 4, 4, 4, 4, 4, 4, 4, 4, 4, 4, 4, 4, 4, 4, 4, 4, 4, 4, 4, 4, 4, 4, 4, 4, 4, 4, 4, 4, 4, 4, 4, 4, 4, 4, 4, 4, 4, 4, 4, 4, 4, 4, 4, 4, 4, 4, 4, 4, 4, 4, 4, 4, 4, 4, 4, 4, 4, 4, 4, 4, 4, 4, 4, 4, 4, 4, 4, 4, 4, 4, 4]
----------------------------- 
-------cBUFFER---------
[0, 98, 0, 104, 105, 0, 97, 0]
-------------------------- 
[RETURN VALUE] [ 4 ] 
--------[EXEC CODE]:
[ a , EQUALS , 2 , MULT , 2 ]
-------------- 


--------------------------[NEW ITERATION]
[ a , EQUALS , 2 , MULT , 2 ] 

[DOING] OPERator at INDEX: 1 <<PRIORITY>> 2 

[TRYING SETTING] [ a ] WITH [ 2 , MULT , 2 ] 


--------------------------[NEW ITERATION]
[ a ] 

[DOING] OPERator at INDEX: -1 <<PRIORITY>> 100 
[ a ] 
6 [3] 
false 


--------------------------[NEW ITERATION]
[ 2 , MULT , 2 ] 

[DOING] OPERator at INDEX: 1 <<PRIORITY>> 14 
 
[TRYING MULTIPLICATE] [ 2 ] WITH [ 2 ] 


--------------------------[NEW ITERATION]
[ 2 ] 

[DOING] OPERator at INDEX: -1 <<PRIORITY>> 100 
[ 2 ] 
3 [3] 
true 
[EXECUTING  METHODE<<2>>]
 
[ a , EQUALS , 2 , MULT , 2 , ; , a , EQUALS , 2 , MULT , 2 , ; ]---------NEW LINE---------
[ a , EQUALS , 2 , MULT , 2 ]
-------------------- 
---------NEW LINE---------
[ a , EQUALS , 2 , MULT , 2 ]
-------------------- 
--------[EXEC CODE]:
[ a , EQUALS , 2 , MULT , 2 ]
-------------- 


--------------------------[NEW ITERATION]
[ a , EQUALS , 2 , MULT , 2 ] 

[DOING] OPERator at INDEX: 1 <<PRIORITY>> 2 

[TRYING SETTING] [ a ] WITH [ 2 , MULT , 2 ] 


--------------------------[NEW ITERATION]
[ a ] 

[DOING] OPERator at INDEX: -1 <<PRIORITY>> 100 
[ a ] 
6 [3] 
false 


--------------------------[NEW ITERATION]
[ 2 , MULT , 2 ] 

[DOING] OPERator at INDEX: 1 <<PRIORITY>> 14 
 
[TRYING MULTIPLICATE] [ 2 ] WITH [ 2 ] 


--------------------------[NEW ITERATION]
[ 2 ] 

[DOING] OPERator at INDEX: -1 <<PRIORITY>> 100 
[ 2 ] 
1 [3] 
false 


--------------------------[NEW ITERATION]
[ 2 ] 

[DOING] OPERator at INDEX: -1 <<PRIORITY>> 100 
[ 2 ] 
2 [3] 
false 
[OPERATION Mult] 
4 
[STORING] id 276 name [ a ] with TOKEN 1111111000000000000000100010100 ON 6 value [ 4 ] 

-------Buffer----------
[2, 2, 2, 2, 2, 4, 4, 4, 4, 4, 4, 4, 4, 4, 4, 4, 4, 4, 4, 4, 4, 4, 4, 4, 4, 4, 4, 4, 4, 4, 4, 4, 4, 4, 4, 4, 4, 4, 4, 4, 4, 4, 4, 4, 4, 4, 4, 4, 4, 4, 4, 4, 4, 4, 4, 4, 4, 4, 4, 4, 4, 4, 4, 4, 4, 4, 4, 4, 4, 4, 4, 4, 4, 4, 4, 4, 4, 4, 4, 4, 4, 4, 4, 4, 4, 4, 4, 4, 4, 4, 4, 4, 4, 4, 4, 4, 4, 4, 4, 4, 4, 4, 4, 4, 4, 4, 4, 4, 4, 4, 4, 4, 4, 4, 4, 4, 4, 4, 4, 4, 4, 4, 4, 4, 4, 4, 4, 4, 4, 4, 4, 4, 4, 4, 4, 4, 4, 4, 4, 4, 4, 4, 4, 4, 4, 4, 4, 4, 4, 4, 4, 4, 4, 4, 4, 4, 4, 4, 4, 4, 4, 4, 4, 4, 4, 4, 4, 4, 4, 4, 4, 4, 4, 4, 4, 4, 4, 4, 4, 4, 4, 4, 4, 4, 4, 4, 4, 4, 4, 4, 4, 4, 4, 4, 4, 4, 4, 4, 4, 4, 4, 4, 4, 4, 4, 4, 4, 4, 4, 4, 4, 4, 4, 4, 4, 4, 4, 4, 4, 4, 4, 4, 4, 4, 4, 4, 4, 4, 4, 4, 4, 4, 4, 4, 4, 4, 4, 4, 4, 4, 4, 4, 4, 4, 4, 4, 4, 4, 4, 4, 4, 4, 4, 4, 4, 4, 4, 4, 4, 4, 4, 4, 4, 4, 4, 4, 4, 4, 4, 4, 4, 4, 4, 4, 4, 4, 4]
----------------------------- 
-------cBUFFER---------
[0, 98, 0, 104, 105, 0, 97, 0]
-------------------------- 
[RETURN VALUE] [ 4 ] 
--------[EXEC CODE]:
[ a , EQUALS , 2 , MULT , 2 ]
-------------- 


--------------------------[NEW ITERATION]
[ a , EQUALS , 2 , MULT , 2 ] 

[DOING] OPERator at INDEX: 1 <<PRIORITY>> 2 

[TRYING SETTING] [ a ] WITH [ 2 , MULT , 2 ] 


--------------------------[NEW ITERATION]
[ a ] 

[DOING] OPERator at INDEX: -1 <<PRIORITY>> 100 
[ a ] 
6 [3] 
false 


--------------------------[NEW ITERATION]
[ 2 , MULT , 2 ] 

[DOING] OPERator at INDEX: 1 <<PRIORITY>> 14 
 
[TRYING MULTIPLICATE] [ 2 ] WITH [ 2 ] 


--------------------------[NEW ITERATION]
[ 2 ] 

[DOING] OPERator at INDEX: -1 <<PRIORITY>> 100 
[ 2 ] 
3 [3] 
true 
[EXECUTING  METHODE<<2>>]
 
[ a , EQUALS , 2 , MULT , 2 , ; , a , EQUALS , 2 , MULT , 2 , ; ]---------NEW LINE---------
[ a , EQUALS , 2 , MULT , 2 ]
-------------------- 
---------NEW LINE---------
[ a , EQUALS , 2 , MULT , 2 ]
-------------------- 
--------[EXEC CODE]:
[ a , EQUALS , 2 , MULT , 2 ]
-------------- 


--------------------------[NEW ITERATION]
[ a , EQUALS , 2 , MULT , 2 ] 

[DOING] OPERator at INDEX: 1 <<PRIORITY>> 2 

[TRYING SETTING] [ a ] WITH [ 2 , MULT , 2 ] 


--------------------------[NEW ITERATION]
[ a ] 

[DOING] OPERator at INDEX: -1 <<PRIORITY>> 100 
[ a ] 
6 [3] 
false 


--------------------------[NEW ITERATION]
[ 2 , MULT , 2 ] 

[DOING] OPERator at INDEX: 1 <<PRIORITY>> 14 
 
[TRYING MULTIPLICATE] [ 2 ] WITH [ 2 ] 


--------------------------[NEW ITERATION]
[ 2 ] 

[DOING] OPERator at INDEX: -1 <<PRIORITY>> 100 
[ 2 ] 
1 [3] 
false 


--------------------------[NEW ITERATION]
[ 2 ] 

[DOING] OPERator at INDEX: -1 <<PRIORITY>> 100 
[ 2 ] 
2 [3] 
false 
[OPERATION Mult] 
4 
[STORING] id 277 name [ a ] with TOKEN 1111111000000000000000100010101 ON 6 value [ 4 ] 

-------Buffer----------
[2, 2, 2, 2, 2, 4, 4, 4, 4, 4, 4, 4, 4, 4, 4, 4, 4, 4, 4, 4, 4, 4, 4, 4, 4, 4, 4, 4, 4, 4, 4, 4, 4, 4, 4, 4, 4, 4, 4, 4, 4, 4, 4, 4, 4, 4, 4, 4, 4, 4, 4, 4, 4, 4, 4, 4, 4, 4, 4, 4, 4, 4, 4, 4, 4, 4, 4, 4, 4, 4, 4, 4, 4, 4, 4, 4, 4, 4, 4, 4, 4, 4, 4, 4, 4, 4, 4, 4, 4, 4, 4, 4, 4, 4, 4, 4, 4, 4, 4, 4, 4, 4, 4, 4, 4, 4, 4, 4, 4, 4, 4, 4, 4, 4, 4, 4, 4, 4, 4, 4, 4, 4, 4, 4, 4, 4, 4, 4, 4, 4, 4, 4, 4, 4, 4, 4, 4, 4, 4, 4, 4, 4, 4, 4, 4, 4, 4, 4, 4, 4, 4, 4, 4, 4, 4, 4, 4, 4, 4, 4, 4, 4, 4, 4, 4, 4, 4, 4, 4, 4, 4, 4, 4, 4, 4, 4, 4, 4, 4, 4, 4, 4, 4, 4, 4, 4, 4, 4, 4, 4, 4, 4, 4, 4, 4, 4, 4, 4, 4, 4, 4, 4, 4, 4, 4, 4, 4, 4, 4, 4, 4, 4, 4, 4, 4, 4, 4, 4, 4, 4, 4, 4, 4, 4, 4, 4, 4, 4, 4, 4, 4, 4, 4, 4, 4, 4, 4, 4, 4, 4, 4, 4, 4, 4, 4, 4, 4, 4, 4, 4, 4, 4, 4, 4, 4, 4, 4, 4, 4, 4, 4, 4, 4, 4, 4, 4, 4, 4, 4, 4, 4, 4, 4, 4, 4, 4, 4, 4]
----------------------------- 
-------cBUFFER---------
[0, 98, 0, 104, 105, 0, 97, 0]
-------------------------- 
[RETURN VALUE] [ 4 ] 
--------[EXEC CODE]:
[ a , EQUALS , 2 , MULT , 2 ]
-------------- 


--------------------------[NEW ITERATION]
[ a , EQUALS , 2 , MULT , 2 ] 

[DOING] OPERator at INDEX: 1 <<PRIORITY>> 2 

[TRYING SETTING] [ a ] WITH [ 2 , MULT , 2 ] 


--------------------------[NEW ITERATION]
[ a ] 

[DOING] OPERator at INDEX: -1 <<PRIORITY>> 100 
[ a ] 
6 [3] 
false 


--------------------------[NEW ITERATION]
[ 2 , MULT , 2 ] 

[DOING] OPERator at INDEX: 1 <<PRIORITY>> 14 
 
[TRYING MULTIPLICATE] [ 2 ] WITH [ 2 ] 


--------------------------[NEW ITERATION]
[ 2 ] 

[DOING] OPERator at INDEX: -1 <<PRIORITY>> 100 
[ 2 ] 
3 [3] 
true 
[EXECUTING  METHODE<<2>>]
 
[ a , EQUALS , 2 , MULT , 2 , ; , a , EQUALS , 2 , MULT , 2 , ; ]---------NEW LINE---------
[ a , EQUALS , 2 , MULT , 2 ]
-------------------- 
---------NEW LINE---------
[ a , EQUALS , 2 , MULT , 2 ]
-------------------- 
--------[EXEC CODE]:
[ a , EQUALS , 2 , MULT , 2 ]
-------------- 


--------------------------[NEW ITERATION]
[ a , EQUALS , 2 , MULT , 2 ] 

[DOING] OPERator at INDEX: 1 <<PRIORITY>> 2 

[TRYING SETTING] [ a ] WITH [ 2 , MULT , 2 ] 


--------------------------[NEW ITERATION]
[ a ] 

[DOING] OPERator at INDEX: -1 <<PRIORITY>> 100 
[ a ] 
6 [3] 
false 


--------------------------[NEW ITERATION]
[ 2 , MULT , 2 ] 

[DOING] OPERator at INDEX: 1 <<PRIORITY>> 14 
 
[TRYING MULTIPLICATE] [ 2 ] WITH [ 2 ] 


--------------------------[NEW ITERATION]
[ 2 ] 

[DOING] OPERator at INDEX: -1 <<PRIORITY>> 100 
[ 2 ] 
1 [3] 
false 


--------------------------[NEW ITERATION]
[ 2 ] 

[DOING] OPERator at INDEX: -1 <<PRIORITY>> 100 
[ 2 ] 
2 [3] 
false 
[OPERATION Mult] 
4 
[STORING] id 278 name [ a ] with TOKEN 1111111000000000000000100010110 ON 6 value [ 4 ] 

-------Buffer----------
[2, 2, 2, 2, 2, 4, 4, 4, 4, 4, 4, 4, 4, 4, 4, 4, 4, 4, 4, 4, 4, 4, 4, 4, 4, 4, 4, 4, 4, 4, 4, 4, 4, 4, 4, 4, 4, 4, 4, 4, 4, 4, 4, 4, 4, 4, 4, 4, 4, 4, 4, 4, 4, 4, 4, 4, 4, 4, 4, 4, 4, 4, 4, 4, 4, 4, 4, 4, 4, 4, 4, 4, 4, 4, 4, 4, 4, 4, 4, 4, 4, 4, 4, 4, 4, 4, 4, 4, 4, 4, 4, 4, 4, 4, 4, 4, 4, 4, 4, 4, 4, 4, 4, 4, 4, 4, 4, 4, 4, 4, 4, 4, 4, 4, 4, 4, 4, 4, 4, 4, 4, 4, 4, 4, 4, 4, 4, 4, 4, 4, 4, 4, 4, 4, 4, 4, 4, 4, 4, 4, 4, 4, 4, 4, 4, 4, 4, 4, 4, 4, 4, 4, 4, 4, 4, 4, 4, 4, 4, 4, 4, 4, 4, 4, 4, 4, 4, 4, 4, 4, 4, 4, 4, 4, 4, 4, 4, 4, 4, 4, 4, 4, 4, 4, 4, 4, 4, 4, 4, 4, 4, 4, 4, 4, 4, 4, 4, 4, 4, 4, 4, 4, 4, 4, 4, 4, 4, 4, 4, 4, 4, 4, 4, 4, 4, 4, 4, 4, 4, 4, 4, 4, 4, 4, 4, 4, 4, 4, 4, 4, 4, 4, 4, 4, 4, 4, 4, 4, 4, 4, 4, 4, 4, 4, 4, 4, 4, 4, 4, 4, 4, 4, 4, 4, 4, 4, 4, 4, 4, 4, 4, 4, 4, 4, 4, 4, 4, 4, 4, 4, 4, 4, 4, 4, 4, 4, 4, 4, 4]
----------------------------- 
-------cBUFFER---------
[0, 98, 0, 104, 105, 0, 97, 0]
-------------------------- 
[RETURN VALUE] [ 4 ] 
--------[EXEC CODE]:
[ a , EQUALS , 2 , MULT , 2 ]
-------------- 


--------------------------[NEW ITERATION]
[ a , EQUALS , 2 , MULT , 2 ] 

[DOING] OPERator at INDEX: 1 <<PRIORITY>> 2 

[TRYING SETTING] [ a ] WITH [ 2 , MULT , 2 ] 


--------------------------[NEW ITERATION]
[ a ] 

[DOING] OPERator at INDEX: -1 <<PRIORITY>> 100 
[ a ] 
6 [3] 
false 


--------------------------[NEW ITERATION]
[ 2 , MULT , 2 ] 

[DOING] OPERator at INDEX: 1 <<PRIORITY>> 14 
 
[TRYING MULTIPLICATE] [ 2 ] WITH [ 2 ] 


--------------------------[NEW ITERATION]
[ 2 ] 

[DOING] OPERator at INDEX: -1 <<PRIORITY>> 100 
[ 2 ] 
3 [3] 
true 
[EXECUTING  METHODE<<2>>]
 
[ a , EQUALS , 2 , MULT , 2 , ; , a , EQUALS , 2 , MULT , 2 , ; ]---------NEW LINE---------
[ a , EQUALS , 2 , MULT , 2 ]
-------------------- 
---------NEW LINE---------
[ a , EQUALS , 2 , MULT , 2 ]
-------------------- 
--------[EXEC CODE]:
[ a , EQUALS , 2 , MULT , 2 ]
-------------- 


--------------------------[NEW ITERATION]
[ a , EQUALS , 2 , MULT , 2 ] 

[DOING] OPERator at INDEX: 1 <<PRIORITY>> 2 

[TRYING SETTING] [ a ] WITH [ 2 , MULT , 2 ] 


--------------------------[NEW ITERATION]
[ a ] 

[DOING] OPERator at INDEX: -1 <<PRIORITY>> 100 
[ a ] 
6 [3] 
false 


--------------------------[NEW ITERATION]
[ 2 , MULT , 2 ] 

[DOING] OPERator at INDEX: 1 <<PRIORITY>> 14 
 
[TRYING MULTIPLICATE] [ 2 ] WITH [ 2 ] 


--------------------------[NEW ITERATION]
[ 2 ] 

[DOING] OPERator at INDEX: -1 <<PRIORITY>> 100 
[ 2 ] 
1 [3] 
false 


--------------------------[NEW ITERATION]
[ 2 ] 

[DOING] OPERator at INDEX: -1 <<PRIORITY>> 100 
[ 2 ] 
2 [3] 
false 
[OPERATION Mult] 
4 
[STORING] id 279 name [ a ] with TOKEN 1111111000000000000000100010111 ON 6 value [ 4 ] 

-------Buffer----------
[2, 2, 2, 2, 2, 4, 4, 4, 4, 4, 4, 4, 4, 4, 4, 4, 4, 4, 4, 4, 4, 4, 4, 4, 4, 4, 4, 4, 4, 4, 4, 4, 4, 4, 4, 4, 4, 4, 4, 4, 4, 4, 4, 4, 4, 4, 4, 4, 4, 4, 4, 4, 4, 4, 4, 4, 4, 4, 4, 4, 4, 4, 4, 4, 4, 4, 4, 4, 4, 4, 4, 4, 4, 4, 4, 4, 4, 4, 4, 4, 4, 4, 4, 4, 4, 4, 4, 4, 4, 4, 4, 4, 4, 4, 4, 4, 4, 4, 4, 4, 4, 4, 4, 4, 4, 4, 4, 4, 4, 4, 4, 4, 4, 4, 4, 4, 4, 4, 4, 4, 4, 4, 4, 4, 4, 4, 4, 4, 4, 4, 4, 4, 4, 4, 4, 4, 4, 4, 4, 4, 4, 4, 4, 4, 4, 4, 4, 4, 4, 4, 4, 4, 4, 4, 4, 4, 4, 4, 4, 4, 4, 4, 4, 4, 4, 4, 4, 4, 4, 4, 4, 4, 4, 4, 4, 4, 4, 4, 4, 4, 4, 4, 4, 4, 4, 4, 4, 4, 4, 4, 4, 4, 4, 4, 4, 4, 4, 4, 4, 4, 4, 4, 4, 4, 4, 4, 4, 4, 4, 4, 4, 4, 4, 4, 4, 4, 4, 4, 4, 4, 4, 4, 4, 4, 4, 4, 4, 4, 4, 4, 4, 4, 4, 4, 4, 4, 4, 4, 4, 4, 4, 4, 4, 4, 4, 4, 4, 4, 4, 4, 4, 4, 4, 4, 4, 4, 4, 4, 4, 4, 4, 4, 4, 4, 4, 4, 4, 4, 4, 4, 4, 4, 4, 4, 4, 4, 4, 4, 4, 4]
----------------------------- 
-------cBUFFER---------
[0, 98, 0, 104, 105, 0, 97, 0]
-------------------------- 
[RETURN VALUE] [ 4 ] 
--------[EXEC CODE]:
[ a , EQUALS , 2 , MULT , 2 ]
-------------- 


--------------------------[NEW ITERATION]
[ a , EQUALS , 2 , MULT , 2 ] 

[DOING] OPERator at INDEX: 1 <<PRIORITY>> 2 

[TRYING SETTING] [ a ] WITH [ 2 , MULT , 2 ] 


--------------------------[NEW ITERATION]
[ a ] 

[DOING] OPERator at INDEX: -1 <<PRIORITY>> 100 
[ a ] 
6 [3] 
false 


--------------------------[NEW ITERATION]
[ 2 , MULT , 2 ] 

[DOING] OPERator at INDEX: 1 <<PRIORITY>> 14 
 
[TRYING MULTIPLICATE] [ 2 ] WITH [ 2 ] 


--------------------------[NEW ITERATION]
[ 2 ] 

[DOING] OPERator at INDEX: -1 <<PRIORITY>> 100 
[ 2 ] 
3 [3] 
true 
[EXECUTING  METHODE<<2>>]
 
[ a , EQUALS , 2 , MULT , 2 , ; , a , EQUALS , 2 , MULT , 2 , ; ]---------NEW LINE---------
[ a , EQUALS , 2 , MULT , 2 ]
-------------------- 
---------NEW LINE---------
[ a , EQUALS , 2 , MULT , 2 ]
-------------------- 
--------[EXEC CODE]:
[ a , EQUALS , 2 , MULT , 2 ]
-------------- 


--------------------------[NEW ITERATION]
[ a , EQUALS , 2 , MULT , 2 ] 

[DOING] OPERator at INDEX: 1 <<PRIORITY>> 2 

[TRYING SETTING] [ a ] WITH [ 2 , MULT , 2 ] 


--------------------------[NEW ITERATION]
[ a ] 

[DOING] OPERator at INDEX: -1 <<PRIORITY>> 100 
[ a ] 
6 [3] 
false 


--------------------------[NEW ITERATION]
[ 2 , MULT , 2 ] 

[DOING] OPERator at INDEX: 1 <<PRIORITY>> 14 
 
[TRYING MULTIPLICATE] [ 2 ] WITH [ 2 ] 


--------------------------[NEW ITERATION]
[ 2 ] 

[DOING] OPERator at INDEX: -1 <<PRIORITY>> 100 
[ 2 ] 
1 [3] 
false 


--------------------------[NEW ITERATION]
[ 2 ] 

[DOING] OPERator at INDEX: -1 <<PRIORITY>> 100 
[ 2 ] 
2 [3] 
false 
[OPERATION Mult] 
4 
[STORING] id 280 name [ a ] with TOKEN 1111111000000000000000100011000 ON 6 value [ 4 ] 

-------Buffer----------
[2, 2, 2, 2, 2, 4, 4, 4, 4, 4, 4, 4, 4, 4, 4, 4, 4, 4, 4, 4, 4, 4, 4, 4, 4, 4, 4, 4, 4, 4, 4, 4, 4, 4, 4, 4, 4, 4, 4, 4, 4, 4, 4, 4, 4, 4, 4, 4, 4, 4, 4, 4, 4, 4, 4, 4, 4, 4, 4, 4, 4, 4, 4, 4, 4, 4, 4, 4, 4, 4, 4, 4, 4, 4, 4, 4, 4, 4, 4, 4, 4, 4, 4, 4, 4, 4, 4, 4, 4, 4, 4, 4, 4, 4, 4, 4, 4, 4, 4, 4, 4, 4, 4, 4, 4, 4, 4, 4, 4, 4, 4, 4, 4, 4, 4, 4, 4, 4, 4, 4, 4, 4, 4, 4, 4, 4, 4, 4, 4, 4, 4, 4, 4, 4, 4, 4, 4, 4, 4, 4, 4, 4, 4, 4, 4, 4, 4, 4, 4, 4, 4, 4, 4, 4, 4, 4, 4, 4, 4, 4, 4, 4, 4, 4, 4, 4, 4, 4, 4, 4, 4, 4, 4, 4, 4, 4, 4, 4, 4, 4, 4, 4, 4, 4, 4, 4, 4, 4, 4, 4, 4, 4, 4, 4, 4, 4, 4, 4, 4, 4, 4, 4, 4, 4, 4, 4, 4, 4, 4, 4, 4, 4, 4, 4, 4, 4, 4, 4, 4, 4, 4, 4, 4, 4, 4, 4, 4, 4, 4, 4, 4, 4, 4, 4, 4, 4, 4, 4, 4, 4, 4, 4, 4, 4, 4, 4, 4, 4, 4, 4, 4, 4, 4, 4, 4, 4, 4, 4, 4, 4, 4, 4, 4, 4, 4, 4, 4, 4, 4, 4, 4, 4, 4, 4, 4, 4, 4, 4, 4, 4, 4]
----------------------------- 
-------cBUFFER---------
[0, 98, 0, 104, 105, 0, 97, 0]
-------------------------- 
[RETURN VALUE] [ 4 ] 
--------[EXEC CODE]:
[ a , EQUALS , 2 , MULT , 2 ]
-------------- 


--------------------------[NEW ITERATION]
[ a , EQUALS , 2 , MULT , 2 ] 

[DOING] OPERator at INDEX: 1 <<PRIORITY>> 2 

[TRYING SETTING] [ a ] WITH [ 2 , MULT , 2 ] 


--------------------------[NEW ITERATION]
[ a ] 

[DOING] OPERator at INDEX: -1 <<PRIORITY>> 100 
[ a ] 
6 [3] 
false 


--------------------------[NEW ITERATION]
[ 2 , MULT , 2 ] 

[DOING] OPERator at INDEX: 1 <<PRIORITY>> 14 
 
[TRYING MULTIPLICATE] [ 2 ] WITH [ 2 ] 


--------------------------[NEW ITERATION]
[ 2 ] 

[DOING] OPERator at INDEX: -1 <<PRIORITY>> 100 
[ 2 ] 
3 [3] 
true 
[EXECUTING  METHODE<<2>>]
 
[ a , EQUALS , 2 , MULT , 2 , ; , a , EQUALS , 2 , MULT , 2 , ; ]---------NEW LINE---------
[ a , EQUALS , 2 , MULT , 2 ]
-------------------- 
---------NEW LINE---------
[ a , EQUALS , 2 , MULT , 2 ]
-------------------- 
--------[EXEC CODE]:
[ a , EQUALS , 2 , MULT , 2 ]
-------------- 


--------------------------[NEW ITERATION]
[ a , EQUALS , 2 , MULT , 2 ] 

[DOING] OPERator at INDEX: 1 <<PRIORITY>> 2 

[TRYING SETTING] [ a ] WITH [ 2 , MULT , 2 ] 


--------------------------[NEW ITERATION]
[ a ] 

[DOING] OPERator at INDEX: -1 <<PRIORITY>> 100 
[ a ] 
6 [3] 
false 


--------------------------[NEW ITERATION]
[ 2 , MULT , 2 ] 

[DOING] OPERator at INDEX: 1 <<PRIORITY>> 14 
 
[TRYING MULTIPLICATE] [ 2 ] WITH [ 2 ] 


--------------------------[NEW ITERATION]
[ 2 ] 

[DOING] OPERator at INDEX: -1 <<PRIORITY>> 100 
[ 2 ] 
1 [3] 
false 


--------------------------[NEW ITERATION]
[ 2 ] 

[DOING] OPERator at INDEX: -1 <<PRIORITY>> 100 
[ 2 ] 
2 [3] 
false 
[OPERATION Mult] 
4 
[STORING] id 281 name [ a ] with TOKEN 1111111000000000000000100011001 ON 6 value [ 4 ] 

-------Buffer----------
[2, 2, 2, 2, 2, 4, 4, 4, 4, 4, 4, 4, 4, 4, 4, 4, 4, 4, 4, 4, 4, 4, 4, 4, 4, 4, 4, 4, 4, 4, 4, 4, 4, 4, 4, 4, 4, 4, 4, 4, 4, 4, 4, 4, 4, 4, 4, 4, 4, 4, 4, 4, 4, 4, 4, 4, 4, 4, 4, 4, 4, 4, 4, 4, 4, 4, 4, 4, 4, 4, 4, 4, 4, 4, 4, 4, 4, 4, 4, 4, 4, 4, 4, 4, 4, 4, 4, 4, 4, 4, 4, 4, 4, 4, 4, 4, 4, 4, 4, 4, 4, 4, 4, 4, 4, 4, 4, 4, 4, 4, 4, 4, 4, 4, 4, 4, 4, 4, 4, 4, 4, 4, 4, 4, 4, 4, 4, 4, 4, 4, 4, 4, 4, 4, 4, 4, 4, 4, 4, 4, 4, 4, 4, 4, 4, 4, 4, 4, 4, 4, 4, 4, 4, 4, 4, 4, 4, 4, 4, 4, 4, 4, 4, 4, 4, 4, 4, 4, 4, 4, 4, 4, 4, 4, 4, 4, 4, 4, 4, 4, 4, 4, 4, 4, 4, 4, 4, 4, 4, 4, 4, 4, 4, 4, 4, 4, 4, 4, 4, 4, 4, 4, 4, 4, 4, 4, 4, 4, 4, 4, 4, 4, 4, 4, 4, 4, 4, 4, 4, 4, 4, 4, 4, 4, 4, 4, 4, 4, 4, 4, 4, 4, 4, 4, 4, 4, 4, 4, 4, 4, 4, 4, 4, 4, 4, 4, 4, 4, 4, 4, 4, 4, 4, 4, 4, 4, 4, 4, 4, 4, 4, 4, 4, 4, 4, 4, 4, 4, 4, 4, 4, 4, 4, 4, 4, 4, 4, 4, 4, 4, 4, 4]
----------------------------- 
-------cBUFFER---------
[0, 98, 0, 104, 105, 0, 97, 0]
-------------------------- 
[RETURN VALUE] [ 4 ] 
--------[EXEC CODE]:
[ a , EQUALS , 2 , MULT , 2 ]
-------------- 


--------------------------[NEW ITERATION]
[ a , EQUALS , 2 , MULT , 2 ] 

[DOING] OPERator at INDEX: 1 <<PRIORITY>> 2 

[TRYING SETTING] [ a ] WITH [ 2 , MULT , 2 ] 


--------------------------[NEW ITERATION]
[ a ] 

[DOING] OPERator at INDEX: -1 <<PRIORITY>> 100 
[ a ] 
6 [3] 
false 


--------------------------[NEW ITERATION]
[ 2 , MULT , 2 ] 

[DOING] OPERator at INDEX: 1 <<PRIORITY>> 14 
 
[TRYING MULTIPLICATE] [ 2 ] WITH [ 2 ] 


--------------------------[NEW ITERATION]
[ 2 ] 

[DOING] OPERator at INDEX: -1 <<PRIORITY>> 100 
[ 2 ] 
3 [3] 
true 
[EXECUTING  METHODE<<2>>]
 
[ a , EQUALS , 2 , MULT , 2 , ; , a , EQUALS , 2 , MULT , 2 , ; ]---------NEW LINE---------
[ a , EQUALS , 2 , MULT , 2 ]
-------------------- 
---------NEW LINE---------
[ a , EQUALS , 2 , MULT , 2 ]
-------------------- 
--------[EXEC CODE]:
[ a , EQUALS , 2 , MULT , 2 ]
-------------- 


--------------------------[NEW ITERATION]
[ a , EQUALS , 2 , MULT , 2 ] 

[DOING] OPERator at INDEX: 1 <<PRIORITY>> 2 

[TRYING SETTING] [ a ] WITH [ 2 , MULT , 2 ] 


--------------------------[NEW ITERATION]
[ a ] 

[DOING] OPERator at INDEX: -1 <<PRIORITY>> 100 
[ a ] 
6 [3] 
false 


--------------------------[NEW ITERATION]
[ 2 , MULT , 2 ] 

[DOING] OPERator at INDEX: 1 <<PRIORITY>> 14 
 
[TRYING MULTIPLICATE] [ 2 ] WITH [ 2 ] 


--------------------------[NEW ITERATION]
[ 2 ] 

[DOING] OPERator at INDEX: -1 <<PRIORITY>> 100 
[ 2 ] 
1 [3] 
false 


--------------------------[NEW ITERATION]
[ 2 ] 

[DOING] OPERator at INDEX: -1 <<PRIORITY>> 100 
[ 2 ] 
2 [3] 
false 
[OPERATION Mult] 
4 
[STORING] id 282 name [ a ] with TOKEN 1111111000000000000000100011010 ON 6 value [ 4 ] 

-------Buffer----------
[2, 2, 2, 2, 2, 4, 4, 4, 4, 4, 4, 4, 4, 4, 4, 4, 4, 4, 4, 4, 4, 4, 4, 4, 4, 4, 4, 4, 4, 4, 4, 4, 4, 4, 4, 4, 4, 4, 4, 4, 4, 4, 4, 4, 4, 4, 4, 4, 4, 4, 4, 4, 4, 4, 4, 4, 4, 4, 4, 4, 4, 4, 4, 4, 4, 4, 4, 4, 4, 4, 4, 4, 4, 4, 4, 4, 4, 4, 4, 4, 4, 4, 4, 4, 4, 4, 4, 4, 4, 4, 4, 4, 4, 4, 4, 4, 4, 4, 4, 4, 4, 4, 4, 4, 4, 4, 4, 4, 4, 4, 4, 4, 4, 4, 4, 4, 4, 4, 4, 4, 4, 4, 4, 4, 4, 4, 4, 4, 4, 4, 4, 4, 4, 4, 4, 4, 4, 4, 4, 4, 4, 4, 4, 4, 4, 4, 4, 4, 4, 4, 4, 4, 4, 4, 4, 4, 4, 4, 4, 4, 4, 4, 4, 4, 4, 4, 4, 4, 4, 4, 4, 4, 4, 4, 4, 4, 4, 4, 4, 4, 4, 4, 4, 4, 4, 4, 4, 4, 4, 4, 4, 4, 4, 4, 4, 4, 4, 4, 4, 4, 4, 4, 4, 4, 4, 4, 4, 4, 4, 4, 4, 4, 4, 4, 4, 4, 4, 4, 4, 4, 4, 4, 4, 4, 4, 4, 4, 4, 4, 4, 4, 4, 4, 4, 4, 4, 4, 4, 4, 4, 4, 4, 4, 4, 4, 4, 4, 4, 4, 4, 4, 4, 4, 4, 4, 4, 4, 4, 4, 4, 4, 4, 4, 4, 4, 4, 4, 4, 4, 4, 4, 4, 4, 4, 4, 4, 4, 4, 4, 4, 4, 4, 4]
----------------------------- 
-------cBUFFER---------
[0, 98, 0, 104, 105, 0, 97, 0]
-------------------------- 
[RETURN VALUE] [ 4 ] 
--------[EXEC CODE]:
[ a , EQUALS , 2 , MULT , 2 ]
-------------- 


--------------------------[NEW ITERATION]
[ a , EQUALS , 2 , MULT , 2 ] 

[DOING] OPERator at INDEX: 1 <<PRIORITY>> 2 

[TRYING SETTING] [ a ] WITH [ 2 , MULT , 2 ] 


--------------------------[NEW ITERATION]
[ a ] 

[DOING] OPERator at INDEX: -1 <<PRIORITY>> 100 
[ a ] 
6 [3] 
false 


--------------------------[NEW ITERATION]
[ 2 , MULT , 2 ] 

[DOING] OPERator at INDEX: 1 <<PRIORITY>> 14 
 
[TRYING MULTIPLICATE] [ 2 ] WITH [ 2 ] 


--------------------------[NEW ITERATION]
[ 2 ] 

[DOING] OPERator at INDEX: -1 <<PRIORITY>> 100 
[ 2 ] 
3 [3] 
true 
[EXECUTING  METHODE<<2>>]
 
[ a , EQUALS , 2 , MULT , 2 , ; , a , EQUALS , 2 , MULT , 2 , ; ]---------NEW LINE---------
[ a , EQUALS , 2 , MULT , 2 ]
-------------------- 
---------NEW LINE---------
[ a , EQUALS , 2 , MULT , 2 ]
-------------------- 
--------[EXEC CODE]:
[ a , EQUALS , 2 , MULT , 2 ]
-------------- 


--------------------------[NEW ITERATION]
[ a , EQUALS , 2 , MULT , 2 ] 

[DOING] OPERator at INDEX: 1 <<PRIORITY>> 2 

[TRYING SETTING] [ a ] WITH [ 2 , MULT , 2 ] 


--------------------------[NEW ITERATION]
[ a ] 

[DOING] OPERator at INDEX: -1 <<PRIORITY>> 100 
[ a ] 
6 [3] 
false 


--------------------------[NEW ITERATION]
[ 2 , MULT , 2 ] 

[DOING] OPERator at INDEX: 1 <<PRIORITY>> 14 
 
[TRYING MULTIPLICATE] [ 2 ] WITH [ 2 ] 


--------------------------[NEW ITERATION]
[ 2 ] 

[DOING] OPERator at INDEX: -1 <<PRIORITY>> 100 
[ 2 ] 
1 [3] 
false 


--------------------------[NEW ITERATION]
[ 2 ] 

[DOING] OPERator at INDEX: -1 <<PRIORITY>> 100 
[ 2 ] 
2 [3] 
false 
[OPERATION Mult] 
4 
[STORING] id 283 name [ a ] with TOKEN 1111111000000000000000100011011 ON 6 value [ 4 ] 

-------Buffer----------
[2, 2, 2, 2, 2, 4, 4, 4, 4, 4, 4, 4, 4, 4, 4, 4, 4, 4, 4, 4, 4, 4, 4, 4, 4, 4, 4, 4, 4, 4, 4, 4, 4, 4, 4, 4, 4, 4, 4, 4, 4, 4, 4, 4, 4, 4, 4, 4, 4, 4, 4, 4, 4, 4, 4, 4, 4, 4, 4, 4, 4, 4, 4, 4, 4, 4, 4, 4, 4, 4, 4, 4, 4, 4, 4, 4, 4, 4, 4, 4, 4, 4, 4, 4, 4, 4, 4, 4, 4, 4, 4, 4, 4, 4, 4, 4, 4, 4, 4, 4, 4, 4, 4, 4, 4, 4, 4, 4, 4, 4, 4, 4, 4, 4, 4, 4, 4, 4, 4, 4, 4, 4, 4, 4, 4, 4, 4, 4, 4, 4, 4, 4, 4, 4, 4, 4, 4, 4, 4, 4, 4, 4, 4, 4, 4, 4, 4, 4, 4, 4, 4, 4, 4, 4, 4, 4, 4, 4, 4, 4, 4, 4, 4, 4, 4, 4, 4, 4, 4, 4, 4, 4, 4, 4, 4, 4, 4, 4, 4, 4, 4, 4, 4, 4, 4, 4, 4, 4, 4, 4, 4, 4, 4, 4, 4, 4, 4, 4, 4, 4, 4, 4, 4, 4, 4, 4, 4, 4, 4, 4, 4, 4, 4, 4, 4, 4, 4, 4, 4, 4, 4, 4, 4, 4, 4, 4, 4, 4, 4, 4, 4, 4, 4, 4, 4, 4, 4, 4, 4, 4, 4, 4, 4, 4, 4, 4, 4, 4, 4, 4, 4, 4, 4, 4, 4, 4, 4, 4, 4, 4, 4, 4, 4, 4, 4, 4, 4, 4, 4, 4, 4, 4, 4, 4, 4, 4, 4, 4, 4, 4, 4, 4, 4, 4]
----------------------------- 
-------cBUFFER---------
[0, 98, 0, 104, 105, 0, 97, 0]
-------------------------- 
[RETURN VALUE] [ 4 ] 
--------[EXEC CODE]:
[ a , EQUALS , 2 , MULT , 2 ]
-------------- 


--------------------------[NEW ITERATION]
[ a , EQUALS , 2 , MULT , 2 ] 

[DOING] OPERator at INDEX: 1 <<PRIORITY>> 2 

[TRYING SETTING] [ a ] WITH [ 2 , MULT , 2 ] 


--------------------------[NEW ITERATION]
[ a ] 

[DOING] OPERator at INDEX: -1 <<PRIORITY>> 100 
[ a ] 
6 [3] 
false 


--------------------------[NEW ITERATION]
[ 2 , MULT , 2 ] 

[DOING] OPERator at INDEX: 1 <<PRIORITY>> 14 
 
[TRYING MULTIPLICATE] [ 2 ] WITH [ 2 ] 


--------------------------[NEW ITERATION]
[ 2 ] 

[DOING] OPERator at INDEX: -1 <<PRIORITY>> 100 
[ 2 ] 
3 [3] 
true 
[EXECUTING  METHODE<<2>>]
 
[ a , EQUALS , 2 , MULT , 2 , ; , a , EQUALS , 2 , MULT , 2 , ; ]---------NEW LINE---------
[ a , EQUALS , 2 , MULT , 2 ]
-------------------- 
---------NEW LINE---------
[ a , EQUALS , 2 , MULT , 2 ]
-------------------- 
--------[EXEC CODE]:
[ a , EQUALS , 2 , MULT , 2 ]
-------------- 


--------------------------[NEW ITERATION]
[ a , EQUALS , 2 , MULT , 2 ] 

[DOING] OPERator at INDEX: 1 <<PRIORITY>> 2 

[TRYING SETTING] [ a ] WITH [ 2 , MULT , 2 ] 


--------------------------[NEW ITERATION]
[ a ] 

[DOING] OPERator at INDEX: -1 <<PRIORITY>> 100 
[ a ] 
6 [3] 
false 


--------------------------[NEW ITERATION]
[ 2 , MULT , 2 ] 

[DOING] OPERator at INDEX: 1 <<PRIORITY>> 14 
 
[TRYING MULTIPLICATE] [ 2 ] WITH [ 2 ] 


--------------------------[NEW ITERATION]
[ 2 ] 

[DOING] OPERator at INDEX: -1 <<PRIORITY>> 100 
[ 2 ] 
1 [3] 
false 


--------------------------[NEW ITERATION]
[ 2 ] 

[DOING] OPERator at INDEX: -1 <<PRIORITY>> 100 
[ 2 ] 
2 [3] 
false 
[OPERATION Mult] 
4 
[STORING] id 284 name [ a ] with TOKEN 1111111000000000000000100011100 ON 6 value [ 4 ] 

-------Buffer----------
[2, 2, 2, 2, 2, 4, 4, 4, 4, 4, 4, 4, 4, 4, 4, 4, 4, 4, 4, 4, 4, 4, 4, 4, 4, 4, 4, 4, 4, 4, 4, 4, 4, 4, 4, 4, 4, 4, 4, 4, 4, 4, 4, 4, 4, 4, 4, 4, 4, 4, 4, 4, 4, 4, 4, 4, 4, 4, 4, 4, 4, 4, 4, 4, 4, 4, 4, 4, 4, 4, 4, 4, 4, 4, 4, 4, 4, 4, 4, 4, 4, 4, 4, 4, 4, 4, 4, 4, 4, 4, 4, 4, 4, 4, 4, 4, 4, 4, 4, 4, 4, 4, 4, 4, 4, 4, 4, 4, 4, 4, 4, 4, 4, 4, 4, 4, 4, 4, 4, 4, 4, 4, 4, 4, 4, 4, 4, 4, 4, 4, 4, 4, 4, 4, 4, 4, 4, 4, 4, 4, 4, 4, 4, 4, 4, 4, 4, 4, 4, 4, 4, 4, 4, 4, 4, 4, 4, 4, 4, 4, 4, 4, 4, 4, 4, 4, 4, 4, 4, 4, 4, 4, 4, 4, 4, 4, 4, 4, 4, 4, 4, 4, 4, 4, 4, 4, 4, 4, 4, 4, 4, 4, 4, 4, 4, 4, 4, 4, 4, 4, 4, 4, 4, 4, 4, 4, 4, 4, 4, 4, 4, 4, 4, 4, 4, 4, 4, 4, 4, 4, 4, 4, 4, 4, 4, 4, 4, 4, 4, 4, 4, 4, 4, 4, 4, 4, 4, 4, 4, 4, 4, 4, 4, 4, 4, 4, 4, 4, 4, 4, 4, 4, 4, 4, 4, 4, 4, 4, 4, 4, 4, 4, 4, 4, 4, 4, 4, 4, 4, 4, 4, 4, 4, 4, 4, 4, 4, 4, 4, 4, 4, 4, 4, 4, 4]
----------------------------- 
-------cBUFFER---------
[0, 98, 0, 104, 105, 0, 97, 0]
-------------------------- 
[RETURN VALUE] [ 4 ] 
--------[EXEC CODE]:
[ a , EQUALS , 2 , MULT , 2 ]
-------------- 


--------------------------[NEW ITERATION]
[ a , EQUALS , 2 , MULT , 2 ] 

[DOING] OPERator at INDEX: 1 <<PRIORITY>> 2 

[TRYING SETTING] [ a ] WITH [ 2 , MULT , 2 ] 


--------------------------[NEW ITERATION]
[ a ] 

[DOING] OPERator at INDEX: -1 <<PRIORITY>> 100 
[ a ] 
6 [3] 
false 


--------------------------[NEW ITERATION]
[ 2 , MULT , 2 ] 

[DOING] OPERator at INDEX: 1 <<PRIORITY>> 14 
 
[TRYING MULTIPLICATE] [ 2 ] WITH [ 2 ] 


--------------------------[NEW ITERATION]
[ 2 ] 

[DOING] OPERator at INDEX: -1 <<PRIORITY>> 100 
[ 2 ] 
3 [3] 
true 
[EXECUTING  METHODE<<2>>]
 
[ a , EQUALS , 2 , MULT , 2 , ; , a , EQUALS , 2 , MULT , 2 , ; ]---------NEW LINE---------
[ a , EQUALS , 2 , MULT , 2 ]
-------------------- 
---------NEW LINE---------
[ a , EQUALS , 2 , MULT , 2 ]
-------------------- 
--------[EXEC CODE]:
[ a , EQUALS , 2 , MULT , 2 ]
-------------- 


--------------------------[NEW ITERATION]
[ a , EQUALS , 2 , MULT , 2 ] 

[DOING] OPERator at INDEX: 1 <<PRIORITY>> 2 

[TRYING SETTING] [ a ] WITH [ 2 , MULT , 2 ] 


--------------------------[NEW ITERATION]
[ a ] 

[DOING] OPERator at INDEX: -1 <<PRIORITY>> 100 
[ a ] 
6 [3] 
false 


--------------------------[NEW ITERATION]
[ 2 , MULT , 2 ] 

[DOING] OPERator at INDEX: 1 <<PRIORITY>> 14 
 
[TRYING MULTIPLICATE] [ 2 ] WITH [ 2 ] 


--------------------------[NEW ITERATION]
[ 2 ] 

[DOING] OPERator at INDEX: -1 <<PRIORITY>> 100 
[ 2 ] 
1 [3] 
false 


--------------------------[NEW ITERATION]
[ 2 ] 

[DOING] OPERator at INDEX: -1 <<PRIORITY>> 100 
[ 2 ] 
2 [3] 
false 
[OPERATION Mult] 
4 
[STORING] id 285 name [ a ] with TOKEN 1111111000000000000000100011101 ON 6 value [ 4 ] 

-------Buffer----------
[2, 2, 2, 2, 2, 4, 4, 4, 4, 4, 4, 4, 4, 4, 4, 4, 4, 4, 4, 4, 4, 4, 4, 4, 4, 4, 4, 4, 4, 4, 4, 4, 4, 4, 4, 4, 4, 4, 4, 4, 4, 4, 4, 4, 4, 4, 4, 4, 4, 4, 4, 4, 4, 4, 4, 4, 4, 4, 4, 4, 4, 4, 4, 4, 4, 4, 4, 4, 4, 4, 4, 4, 4, 4, 4, 4, 4, 4, 4, 4, 4, 4, 4, 4, 4, 4, 4, 4, 4, 4, 4, 4, 4, 4, 4, 4, 4, 4, 4, 4, 4, 4, 4, 4, 4, 4, 4, 4, 4, 4, 4, 4, 4, 4, 4, 4, 4, 4, 4, 4, 4, 4, 4, 4, 4, 4, 4, 4, 4, 4, 4, 4, 4, 4, 4, 4, 4, 4, 4, 4, 4, 4, 4, 4, 4, 4, 4, 4, 4, 4, 4, 4, 4, 4, 4, 4, 4, 4, 4, 4, 4, 4, 4, 4, 4, 4, 4, 4, 4, 4, 4, 4, 4, 4, 4, 4, 4, 4, 4, 4, 4, 4, 4, 4, 4, 4, 4, 4, 4, 4, 4, 4, 4, 4, 4, 4, 4, 4, 4, 4, 4, 4, 4, 4, 4, 4, 4, 4, 4, 4, 4, 4, 4, 4, 4, 4, 4, 4, 4, 4, 4, 4, 4, 4, 4, 4, 4, 4, 4, 4, 4, 4, 4, 4, 4, 4, 4, 4, 4, 4, 4, 4, 4, 4, 4, 4, 4, 4, 4, 4, 4, 4, 4, 4, 4, 4, 4, 4, 4, 4, 4, 4, 4, 4, 4, 4, 4, 4, 4, 4, 4, 4, 4, 4, 4, 4, 4, 4, 4, 4, 4, 4, 4, 4, 4, 4]
----------------------------- 
-------cBUFFER---------
[0, 98, 0, 104, 105, 0, 97, 0]
-------------------------- 
[RETURN VALUE] [ 4 ] 
--------[EXEC CODE]:
[ a , EQUALS , 2 , MULT , 2 ]
-------------- 


--------------------------[NEW ITERATION]
[ a , EQUALS , 2 , MULT , 2 ] 

[DOING] OPERator at INDEX: 1 <<PRIORITY>> 2 

[TRYING SETTING] [ a ] WITH [ 2 , MULT , 2 ] 


--------------------------[NEW ITERATION]
[ a ] 

[DOING] OPERator at INDEX: -1 <<PRIORITY>> 100 
[ a ] 
6 [3] 
false 


--------------------------[NEW ITERATION]
[ 2 , MULT , 2 ] 

[DOING] OPERator at INDEX: 1 <<PRIORITY>> 14 
 
[TRYING MULTIPLICATE] [ 2 ] WITH [ 2 ] 


--------------------------[NEW ITERATION]
[ 2 ] 

[DOING] OPERator at INDEX: -1 <<PRIORITY>> 100 
[ 2 ] 
3 [3] 
true 
[EXECUTING  METHODE<<2>>]
 
[ a , EQUALS , 2 , MULT , 2 , ; , a , EQUALS , 2 , MULT , 2 , ; ]---------NEW LINE---------
[ a , EQUALS , 2 , MULT , 2 ]
-------------------- 
---------NEW LINE---------
[ a , EQUALS , 2 , MULT , 2 ]
-------------------- 
--------[EXEC CODE]:
[ a , EQUALS , 2 , MULT , 2 ]
-------------- 


--------------------------[NEW ITERATION]
[ a , EQUALS , 2 , MULT , 2 ] 

[DOING] OPERator at INDEX: 1 <<PRIORITY>> 2 

[TRYING SETTING] [ a ] WITH [ 2 , MULT , 2 ] 


--------------------------[NEW ITERATION]
[ a ] 

[DOING] OPERator at INDEX: -1 <<PRIORITY>> 100 
[ a ] 
6 [3] 
false 


--------------------------[NEW ITERATION]
[ 2 , MULT , 2 ] 

[DOING] OPERator at INDEX: 1 <<PRIORITY>> 14 
 
[TRYING MULTIPLICATE] [ 2 ] WITH [ 2 ] 


--------------------------[NEW ITERATION]
[ 2 ] 

[DOING] OPERator at INDEX: -1 <<PRIORITY>> 100 
[ 2 ] 
1 [3] 
false 


--------------------------[NEW ITERATION]
[ 2 ] 

[DOING] OPERator at INDEX: -1 <<PRIORITY>> 100 
[ 2 ] 
2 [3] 
false 
[OPERATION Mult] 
4 
[STORING] id 286 name [ a ] with TOKEN 1111111000000000000000100011110 ON 6 value [ 4 ] 

-------Buffer----------
[2, 2, 2, 2, 2, 4, 4, 4, 4, 4, 4, 4, 4, 4, 4, 4, 4, 4, 4, 4, 4, 4, 4, 4, 4, 4, 4, 4, 4, 4, 4, 4, 4, 4, 4, 4, 4, 4, 4, 4, 4, 4, 4, 4, 4, 4, 4, 4, 4, 4, 4, 4, 4, 4, 4, 4, 4, 4, 4, 4, 4, 4, 4, 4, 4, 4, 4, 4, 4, 4, 4, 4, 4, 4, 4, 4, 4, 4, 4, 4, 4, 4, 4, 4, 4, 4, 4, 4, 4, 4, 4, 4, 4, 4, 4, 4, 4, 4, 4, 4, 4, 4, 4, 4, 4, 4, 4, 4, 4, 4, 4, 4, 4, 4, 4, 4, 4, 4, 4, 4, 4, 4, 4, 4, 4, 4, 4, 4, 4, 4, 4, 4, 4, 4, 4, 4, 4, 4, 4, 4, 4, 4, 4, 4, 4, 4, 4, 4, 4, 4, 4, 4, 4, 4, 4, 4, 4, 4, 4, 4, 4, 4, 4, 4, 4, 4, 4, 4, 4, 4, 4, 4, 4, 4, 4, 4, 4, 4, 4, 4, 4, 4, 4, 4, 4, 4, 4, 4, 4, 4, 4, 4, 4, 4, 4, 4, 4, 4, 4, 4, 4, 4, 4, 4, 4, 4, 4, 4, 4, 4, 4, 4, 4, 4, 4, 4, 4, 4, 4, 4, 4, 4, 4, 4, 4, 4, 4, 4, 4, 4, 4, 4, 4, 4, 4, 4, 4, 4, 4, 4, 4, 4, 4, 4, 4, 4, 4, 4, 4, 4, 4, 4, 4, 4, 4, 4, 4, 4, 4, 4, 4, 4, 4, 4, 4, 4, 4, 4, 4, 4, 4, 4, 4, 4, 4, 4, 4, 4, 4, 4, 4, 4, 4, 4, 4, 4, 4]
----------------------------- 
-------cBUFFER---------
[0, 98, 0, 104, 105, 0, 97, 0]
-------------------------- 
[RETURN VALUE] [ 4 ] 
--------[EXEC CODE]:
[ a , EQUALS , 2 , MULT , 2 ]
-------------- 


--------------------------[NEW ITERATION]
[ a , EQUALS , 2 , MULT , 2 ] 

[DOING] OPERator at INDEX: 1 <<PRIORITY>> 2 

[TRYING SETTING] [ a ] WITH [ 2 , MULT , 2 ] 


--------------------------[NEW ITERATION]
[ a ] 

[DOING] OPERator at INDEX: -1 <<PRIORITY>> 100 
[ a ] 
6 [3] 
false 


--------------------------[NEW ITERATION]
[ 2 , MULT , 2 ] 

[DOING] OPERator at INDEX: 1 <<PRIORITY>> 14 
 
[TRYING MULTIPLICATE] [ 2 ] WITH [ 2 ] 


--------------------------[NEW ITERATION]
[ 2 ] 

[DOING] OPERator at INDEX: -1 <<PRIORITY>> 100 
[ 2 ] 
3 [3] 
true 
[EXECUTING  METHODE<<2>>]
 
[ a , EQUALS , 2 , MULT , 2 , ; , a , EQUALS , 2 , MULT , 2 , ; ]---------NEW LINE---------
[ a , EQUALS , 2 , MULT , 2 ]
-------------------- 
---------NEW LINE---------
[ a , EQUALS , 2 , MULT , 2 ]
-------------------- 
--------[EXEC CODE]:
[ a , EQUALS , 2 , MULT , 2 ]
-------------- 


--------------------------[NEW ITERATION]
[ a , EQUALS , 2 , MULT , 2 ] 

[DOING] OPERator at INDEX: 1 <<PRIORITY>> 2 

[TRYING SETTING] [ a ] WITH [ 2 , MULT , 2 ] 


--------------------------[NEW ITERATION]
[ a ] 

[DOING] OPERator at INDEX: -1 <<PRIORITY>> 100 
[ a ] 
6 [3] 
false 


--------------------------[NEW ITERATION]
[ 2 , MULT , 2 ] 

[DOING] OPERator at INDEX: 1 <<PRIORITY>> 14 
 
[TRYING MULTIPLICATE] [ 2 ] WITH [ 2 ] 


--------------------------[NEW ITERATION]
[ 2 ] 

[DOING] OPERator at INDEX: -1 <<PRIORITY>> 100 
[ 2 ] 
1 [3] 
false 


--------------------------[NEW ITERATION]
[ 2 ] 

[DOING] OPERator at INDEX: -1 <<PRIORITY>> 100 
[ 2 ] 
2 [3] 
false 
[OPERATION Mult] 
4 
[STORING] id 287 name [ a ] with TOKEN 1111111000000000000000100011111 ON 6 value [ 4 ] 

-------Buffer----------
[2, 2, 2, 2, 2, 4, 4, 4, 4, 4, 4, 4, 4, 4, 4, 4, 4, 4, 4, 4, 4, 4, 4, 4, 4, 4, 4, 4, 4, 4, 4, 4, 4, 4, 4, 4, 4, 4, 4, 4, 4, 4, 4, 4, 4, 4, 4, 4, 4, 4, 4, 4, 4, 4, 4, 4, 4, 4, 4, 4, 4, 4, 4, 4, 4, 4, 4, 4, 4, 4, 4, 4, 4, 4, 4, 4, 4, 4, 4, 4, 4, 4, 4, 4, 4, 4, 4, 4, 4, 4, 4, 4, 4, 4, 4, 4, 4, 4, 4, 4, 4, 4, 4, 4, 4, 4, 4, 4, 4, 4, 4, 4, 4, 4, 4, 4, 4, 4, 4, 4, 4, 4, 4, 4, 4, 4, 4, 4, 4, 4, 4, 4, 4, 4, 4, 4, 4, 4, 4, 4, 4, 4, 4, 4, 4, 4, 4, 4, 4, 4, 4, 4, 4, 4, 4, 4, 4, 4, 4, 4, 4, 4, 4, 4, 4, 4, 4, 4, 4, 4, 4, 4, 4, 4, 4, 4, 4, 4, 4, 4, 4, 4, 4, 4, 4, 4, 4, 4, 4, 4, 4, 4, 4, 4, 4, 4, 4, 4, 4, 4, 4, 4, 4, 4, 4, 4, 4, 4, 4, 4, 4, 4, 4, 4, 4, 4, 4, 4, 4, 4, 4, 4, 4, 4, 4, 4, 4, 4, 4, 4, 4, 4, 4, 4, 4, 4, 4, 4, 4, 4, 4, 4, 4, 4, 4, 4, 4, 4, 4, 4, 4, 4, 4, 4, 4, 4, 4, 4, 4, 4, 4, 4, 4, 4, 4, 4, 4, 4, 4, 4, 4, 4, 4, 4, 4, 4, 4, 4, 4, 4, 4, 4, 4, 4, 4, 4, 4, 4]
----------------------------- 
-------cBUFFER---------
[0, 98, 0, 104, 105, 0, 97, 0]
-------------------------- 
[RETURN VALUE] [ 4 ] 
--------[EXEC CODE]:
[ a , EQUALS , 2 , MULT , 2 ]
-------------- 


--------------------------[NEW ITERATION]
[ a , EQUALS , 2 , MULT , 2 ] 

[DOING] OPERator at INDEX: 1 <<PRIORITY>> 2 

[TRYING SETTING] [ a ] WITH [ 2 , MULT , 2 ] 


--------------------------[NEW ITERATION]
[ a ] 

[DOING] OPERator at INDEX: -1 <<PRIORITY>> 100 
[ a ] 
6 [3] 
false 


--------------------------[NEW ITERATION]
[ 2 , MULT , 2 ] 

[DOING] OPERator at INDEX: 1 <<PRIORITY>> 14 
 
[TRYING MULTIPLICATE] [ 2 ] WITH [ 2 ] 


--------------------------[NEW ITERATION]
[ 2 ] 

[DOING] OPERator at INDEX: -1 <<PRIORITY>> 100 
[ 2 ] 
3 [3] 
true 
[EXECUTING  METHODE<<2>>]
 
[ a , EQUALS , 2 , MULT , 2 , ; , a , EQUALS , 2 , MULT , 2 , ; ]---------NEW LINE---------
[ a , EQUALS , 2 , MULT , 2 ]
-------------------- 
---------NEW LINE---------
[ a , EQUALS , 2 , MULT , 2 ]
-------------------- 
--------[EXEC CODE]:
[ a , EQUALS , 2 , MULT , 2 ]
-------------- 


--------------------------[NEW ITERATION]
[ a , EQUALS , 2 , MULT , 2 ] 

[DOING] OPERator at INDEX: 1 <<PRIORITY>> 2 

[TRYING SETTING] [ a ] WITH [ 2 , MULT , 2 ] 


--------------------------[NEW ITERATION]
[ a ] 

[DOING] OPERator at INDEX: -1 <<PRIORITY>> 100 
[ a ] 
6 [3] 
false 


--------------------------[NEW ITERATION]
[ 2 , MULT , 2 ] 

[DOING] OPERator at INDEX: 1 <<PRIORITY>> 14 
 
[TRYING MULTIPLICATE] [ 2 ] WITH [ 2 ] 


--------------------------[NEW ITERATION]
[ 2 ] 

[DOING] OPERator at INDEX: -1 <<PRIORITY>> 100 
[ 2 ] 
1 [3] 
false 


--------------------------[NEW ITERATION]
[ 2 ] 

[DOING] OPERator at INDEX: -1 <<PRIORITY>> 100 
[ 2 ] 
2 [3] 
false 
[OPERATION Mult] 
4 
[STORING] id 288 name [ a ] with TOKEN 1111111000000000000000100100000 ON 6 value [ 4 ] 

-------Buffer----------
[2, 2, 2, 2, 2, 4, 4, 4, 4, 4, 4, 4, 4, 4, 4, 4, 4, 4, 4, 4, 4, 4, 4, 4, 4, 4, 4, 4, 4, 4, 4, 4, 4, 4, 4, 4, 4, 4, 4, 4, 4, 4, 4, 4, 4, 4, 4, 4, 4, 4, 4, 4, 4, 4, 4, 4, 4, 4, 4, 4, 4, 4, 4, 4, 4, 4, 4, 4, 4, 4, 4, 4, 4, 4, 4, 4, 4, 4, 4, 4, 4, 4, 4, 4, 4, 4, 4, 4, 4, 4, 4, 4, 4, 4, 4, 4, 4, 4, 4, 4, 4, 4, 4, 4, 4, 4, 4, 4, 4, 4, 4, 4, 4, 4, 4, 4, 4, 4, 4, 4, 4, 4, 4, 4, 4, 4, 4, 4, 4, 4, 4, 4, 4, 4, 4, 4, 4, 4, 4, 4, 4, 4, 4, 4, 4, 4, 4, 4, 4, 4, 4, 4, 4, 4, 4, 4, 4, 4, 4, 4, 4, 4, 4, 4, 4, 4, 4, 4, 4, 4, 4, 4, 4, 4, 4, 4, 4, 4, 4, 4, 4, 4, 4, 4, 4, 4, 4, 4, 4, 4, 4, 4, 4, 4, 4, 4, 4, 4, 4, 4, 4, 4, 4, 4, 4, 4, 4, 4, 4, 4, 4, 4, 4, 4, 4, 4, 4, 4, 4, 4, 4, 4, 4, 4, 4, 4, 4, 4, 4, 4, 4, 4, 4, 4, 4, 4, 4, 4, 4, 4, 4, 4, 4, 4, 4, 4, 4, 4, 4, 4, 4, 4, 4, 4, 4, 4, 4, 4, 4, 4, 4, 4, 4, 4, 4, 4, 4, 4, 4, 4, 4, 4, 4, 4, 4, 4, 4, 4, 4, 4, 4, 4, 4, 4, 4, 4, 4, 4, 4]
----------------------------- 
-------cBUFFER---------
[0, 98, 0, 104, 105, 0, 97, 0]
-------------------------- 
[RETURN VALUE] [ 4 ] 
--------[EXEC CODE]:
[ a , EQUALS , 2 , MULT , 2 ]
-------------- 


--------------------------[NEW ITERATION]
[ a , EQUALS , 2 , MULT , 2 ] 

[DOING] OPERator at INDEX: 1 <<PRIORITY>> 2 

[TRYING SETTING] [ a ] WITH [ 2 , MULT , 2 ] 


--------------------------[NEW ITERATION]
[ a ] 

[DOING] OPERator at INDEX: -1 <<PRIORITY>> 100 
[ a ] 
6 [3] 
false 


--------------------------[NEW ITERATION]
[ 2 , MULT , 2 ] 

[DOING] OPERator at INDEX: 1 <<PRIORITY>> 14 
 
[TRYING MULTIPLICATE] [ 2 ] WITH [ 2 ] 


--------------------------[NEW ITERATION]
[ 2 ] 

[DOING] OPERator at INDEX: -1 <<PRIORITY>> 100 
[ 2 ] 
3 [3] 
true 
[EXECUTING  METHODE<<2>>]
 
[ a , EQUALS , 2 , MULT , 2 , ; , a , EQUALS , 2 , MULT , 2 , ; ]---------NEW LINE---------
[ a , EQUALS , 2 , MULT , 2 ]
-------------------- 
---------NEW LINE---------
[ a , EQUALS , 2 , MULT , 2 ]
-------------------- 
--------[EXEC CODE]:
[ a , EQUALS , 2 , MULT , 2 ]
-------------- 


--------------------------[NEW ITERATION]
[ a , EQUALS , 2 , MULT , 2 ] 

[DOING] OPERator at INDEX: 1 <<PRIORITY>> 2 

[TRYING SETTING] [ a ] WITH [ 2 , MULT , 2 ] 


--------------------------[NEW ITERATION]
[ a ] 

[DOING] OPERator at INDEX: -1 <<PRIORITY>> 100 
[ a ] 
6 [3] 
false 


--------------------------[NEW ITERATION]
[ 2 , MULT , 2 ] 

[DOING] OPERator at INDEX: 1 <<PRIORITY>> 14 
 
[TRYING MULTIPLICATE] [ 2 ] WITH [ 2 ] 


--------------------------[NEW ITERATION]
[ 2 ] 

[DOING] OPERator at INDEX: -1 <<PRIORITY>> 100 
[ 2 ] 
1 [3] 
false 


--------------------------[NEW ITERATION]
[ 2 ] 

[DOING] OPERator at INDEX: -1 <<PRIORITY>> 100 
[ 2 ] 
2 [3] 
false 
[OPERATION Mult] 
4 
[STORING] id 289 name [ a ] with TOKEN 1111111000000000000000100100001 ON 6 value [ 4 ] 

-------Buffer----------
[2, 2, 2, 2, 2, 4, 4, 4, 4, 4, 4, 4, 4, 4, 4, 4, 4, 4, 4, 4, 4, 4, 4, 4, 4, 4, 4, 4, 4, 4, 4, 4, 4, 4, 4, 4, 4, 4, 4, 4, 4, 4, 4, 4, 4, 4, 4, 4, 4, 4, 4, 4, 4, 4, 4, 4, 4, 4, 4, 4, 4, 4, 4, 4, 4, 4, 4, 4, 4, 4, 4, 4, 4, 4, 4, 4, 4, 4, 4, 4, 4, 4, 4, 4, 4, 4, 4, 4, 4, 4, 4, 4, 4, 4, 4, 4, 4, 4, 4, 4, 4, 4, 4, 4, 4, 4, 4, 4, 4, 4, 4, 4, 4, 4, 4, 4, 4, 4, 4, 4, 4, 4, 4, 4, 4, 4, 4, 4, 4, 4, 4, 4, 4, 4, 4, 4, 4, 4, 4, 4, 4, 4, 4, 4, 4, 4, 4, 4, 4, 4, 4, 4, 4, 4, 4, 4, 4, 4, 4, 4, 4, 4, 4, 4, 4, 4, 4, 4, 4, 4, 4, 4, 4, 4, 4, 4, 4, 4, 4, 4, 4, 4, 4, 4, 4, 4, 4, 4, 4, 4, 4, 4, 4, 4, 4, 4, 4, 4, 4, 4, 4, 4, 4, 4, 4, 4, 4, 4, 4, 4, 4, 4, 4, 4, 4, 4, 4, 4, 4, 4, 4, 4, 4, 4, 4, 4, 4, 4, 4, 4, 4, 4, 4, 4, 4, 4, 4, 4, 4, 4, 4, 4, 4, 4, 4, 4, 4, 4, 4, 4, 4, 4, 4, 4, 4, 4, 4, 4, 4, 4, 4, 4, 4, 4, 4, 4, 4, 4, 4, 4, 4, 4, 4, 4, 4, 4, 4, 4, 4, 4, 4, 4, 4, 4, 4, 4, 4, 4, 4, 4]
----------------------------- 
-------cBUFFER---------
[0, 98, 0, 104, 105, 0, 97, 0]
-------------------------- 
[RETURN VALUE] [ 4 ] 
--------[EXEC CODE]:
[ a , EQUALS , 2 , MULT , 2 ]
-------------- 


--------------------------[NEW ITERATION]
[ a , EQUALS , 2 , MULT , 2 ] 

[DOING] OPERator at INDEX: 1 <<PRIORITY>> 2 

[TRYING SETTING] [ a ] WITH [ 2 , MULT , 2 ] 


--------------------------[NEW ITERATION]
[ a ] 

[DOING] OPERator at INDEX: -1 <<PRIORITY>> 100 
[ a ] 
6 [3] 
false 


--------------------------[NEW ITERATION]
[ 2 , MULT , 2 ] 

[DOING] OPERator at INDEX: 1 <<PRIORITY>> 14 
 
[TRYING MULTIPLICATE] [ 2 ] WITH [ 2 ] 


--------------------------[NEW ITERATION]
[ 2 ] 

[DOING] OPERator at INDEX: -1 <<PRIORITY>> 100 
[ 2 ] 
3 [3] 
true 
[EXECUTING  METHODE<<2>>]
 
[ a , EQUALS , 2 , MULT , 2 , ; , a , EQUALS , 2 , MULT , 2 , ; ]---------NEW LINE---------
[ a , EQUALS , 2 , MULT , 2 ]
-------------------- 
---------NEW LINE---------
[ a , EQUALS , 2 , MULT , 2 ]
-------------------- 
--------[EXEC CODE]:
[ a , EQUALS , 2 , MULT , 2 ]
-------------- 


--------------------------[NEW ITERATION]
[ a , EQUALS , 2 , MULT , 2 ] 

[DOING] OPERator at INDEX: 1 <<PRIORITY>> 2 

[TRYING SETTING] [ a ] WITH [ 2 , MULT , 2 ] 


--------------------------[NEW ITERATION]
[ a ] 

[DOING] OPERator at INDEX: -1 <<PRIORITY>> 100 
[ a ] 
6 [3] 
false 


--------------------------[NEW ITERATION]
[ 2 , MULT , 2 ] 

[DOING] OPERator at INDEX: 1 <<PRIORITY>> 14 
 
[TRYING MULTIPLICATE] [ 2 ] WITH [ 2 ] 


--------------------------[NEW ITERATION]
[ 2 ] 

[DOING] OPERator at INDEX: -1 <<PRIORITY>> 100 
[ 2 ] 
1 [3] 
false 


--------------------------[NEW ITERATION]
[ 2 ] 

[DOING] OPERator at INDEX: -1 <<PRIORITY>> 100 
[ 2 ] 
2 [3] 
false 
[OPERATION Mult] 
4 
[STORING] id 290 name [ a ] with TOKEN 1111111000000000000000100100010 ON 6 value [ 4 ] 

-------Buffer----------
[2, 2, 2, 2, 2, 4, 4, 4, 4, 4, 4, 4, 4, 4, 4, 4, 4, 4, 4, 4, 4, 4, 4, 4, 4, 4, 4, 4, 4, 4, 4, 4, 4, 4, 4, 4, 4, 4, 4, 4, 4, 4, 4, 4, 4, 4, 4, 4, 4, 4, 4, 4, 4, 4, 4, 4, 4, 4, 4, 4, 4, 4, 4, 4, 4, 4, 4, 4, 4, 4, 4, 4, 4, 4, 4, 4, 4, 4, 4, 4, 4, 4, 4, 4, 4, 4, 4, 4, 4, 4, 4, 4, 4, 4, 4, 4, 4, 4, 4, 4, 4, 4, 4, 4, 4, 4, 4, 4, 4, 4, 4, 4, 4, 4, 4, 4, 4, 4, 4, 4, 4, 4, 4, 4, 4, 4, 4, 4, 4, 4, 4, 4, 4, 4, 4, 4, 4, 4, 4, 4, 4, 4, 4, 4, 4, 4, 4, 4, 4, 4, 4, 4, 4, 4, 4, 4, 4, 4, 4, 4, 4, 4, 4, 4, 4, 4, 4, 4, 4, 4, 4, 4, 4, 4, 4, 4, 4, 4, 4, 4, 4, 4, 4, 4, 4, 4, 4, 4, 4, 4, 4, 4, 4, 4, 4, 4, 4, 4, 4, 4, 4, 4, 4, 4, 4, 4, 4, 4, 4, 4, 4, 4, 4, 4, 4, 4, 4, 4, 4, 4, 4, 4, 4, 4, 4, 4, 4, 4, 4, 4, 4, 4, 4, 4, 4, 4, 4, 4, 4, 4, 4, 4, 4, 4, 4, 4, 4, 4, 4, 4, 4, 4, 4, 4, 4, 4, 4, 4, 4, 4, 4, 4, 4, 4, 4, 4, 4, 4, 4, 4, 4, 4, 4, 4, 4, 4, 4, 4, 4, 4, 4, 4, 4, 4, 4, 4, 4, 4, 4, 4, 4]
----------------------------- 
-------cBUFFER---------
[0, 98, 0, 104, 105, 0, 97, 0]
-------------------------- 
[RETURN VALUE] [ 4 ] 
--------[EXEC CODE]:
[ a , EQUALS , 2 , MULT , 2 ]
-------------- 


--------------------------[NEW ITERATION]
[ a , EQUALS , 2 , MULT , 2 ] 

[DOING] OPERator at INDEX: 1 <<PRIORITY>> 2 

[TRYING SETTING] [ a ] WITH [ 2 , MULT , 2 ] 


--------------------------[NEW ITERATION]
[ a ] 

[DOING] OPERator at INDEX: -1 <<PRIORITY>> 100 
[ a ] 
6 [3] 
false 


--------------------------[NEW ITERATION]
[ 2 , MULT , 2 ] 

[DOING] OPERator at INDEX: 1 <<PRIORITY>> 14 
 
[TRYING MULTIPLICATE] [ 2 ] WITH [ 2 ] 


--------------------------[NEW ITERATION]
[ 2 ] 

[DOING] OPERator at INDEX: -1 <<PRIORITY>> 100 
[ 2 ] 
3 [3] 
true 
[EXECUTING  METHODE<<2>>]
 
[ a , EQUALS , 2 , MULT , 2 , ; , a , EQUALS , 2 , MULT , 2 , ; ]---------NEW LINE---------
[ a , EQUALS , 2 , MULT , 2 ]
-------------------- 
---------NEW LINE---------
[ a , EQUALS , 2 , MULT , 2 ]
-------------------- 
--------[EXEC CODE]:
[ a , EQUALS , 2 , MULT , 2 ]
-------------- 


--------------------------[NEW ITERATION]
[ a , EQUALS , 2 , MULT , 2 ] 

[DOING] OPERator at INDEX: 1 <<PRIORITY>> 2 

[TRYING SETTING] [ a ] WITH [ 2 , MULT , 2 ] 


--------------------------[NEW ITERATION]
[ a ] 

[DOING] OPERator at INDEX: -1 <<PRIORITY>> 100 
[ a ] 
6 [3] 
false 


--------------------------[NEW ITERATION]
[ 2 , MULT , 2 ] 

[DOING] OPERator at INDEX: 1 <<PRIORITY>> 14 
 
[TRYING MULTIPLICATE] [ 2 ] WITH [ 2 ] 


--------------------------[NEW ITERATION]
[ 2 ] 

[DOING] OPERator at INDEX: -1 <<PRIORITY>> 100 
[ 2 ] 
1 [3] 
false 


--------------------------[NEW ITERATION]
[ 2 ] 

[DOING] OPERator at INDEX: -1 <<PRIORITY>> 100 
[ 2 ] 
2 [3] 
false 
[OPERATION Mult] 
4 
[STORING] id 291 name [ a ] with TOKEN 1111111000000000000000100100011 ON 6 value [ 4 ] 

-------Buffer----------
[2, 2, 2, 2, 2, 4, 4, 4, 4, 4, 4, 4, 4, 4, 4, 4, 4, 4, 4, 4, 4, 4, 4, 4, 4, 4, 4, 4, 4, 4, 4, 4, 4, 4, 4, 4, 4, 4, 4, 4, 4, 4, 4, 4, 4, 4, 4, 4, 4, 4, 4, 4, 4, 4, 4, 4, 4, 4, 4, 4, 4, 4, 4, 4, 4, 4, 4, 4, 4, 4, 4, 4, 4, 4, 4, 4, 4, 4, 4, 4, 4, 4, 4, 4, 4, 4, 4, 4, 4, 4, 4, 4, 4, 4, 4, 4, 4, 4, 4, 4, 4, 4, 4, 4, 4, 4, 4, 4, 4, 4, 4, 4, 4, 4, 4, 4, 4, 4, 4, 4, 4, 4, 4, 4, 4, 4, 4, 4, 4, 4, 4, 4, 4, 4, 4, 4, 4, 4, 4, 4, 4, 4, 4, 4, 4, 4, 4, 4, 4, 4, 4, 4, 4, 4, 4, 4, 4, 4, 4, 4, 4, 4, 4, 4, 4, 4, 4, 4, 4, 4, 4, 4, 4, 4, 4, 4, 4, 4, 4, 4, 4, 4, 4, 4, 4, 4, 4, 4, 4, 4, 4, 4, 4, 4, 4, 4, 4, 4, 4, 4, 4, 4, 4, 4, 4, 4, 4, 4, 4, 4, 4, 4, 4, 4, 4, 4, 4, 4, 4, 4, 4, 4, 4, 4, 4, 4, 4, 4, 4, 4, 4, 4, 4, 4, 4, 4, 4, 4, 4, 4, 4, 4, 4, 4, 4, 4, 4, 4, 4, 4, 4, 4, 4, 4, 4, 4, 4, 4, 4, 4, 4, 4, 4, 4, 4, 4, 4, 4, 4, 4, 4, 4, 4, 4, 4, 4, 4, 4, 4, 4, 4, 4, 4, 4, 4, 4, 4, 4, 4, 4, 4, 4]
----------------------------- 
-------cBUFFER---------
[0, 98, 0, 104, 105, 0, 97, 0]
-------------------------- 
[RETURN VALUE] [ 4 ] 
--------[EXEC CODE]:
[ a , EQUALS , 2 , MULT , 2 ]
-------------- 


--------------------------[NEW ITERATION]
[ a , EQUALS , 2 , MULT , 2 ] 

[DOING] OPERator at INDEX: 1 <<PRIORITY>> 2 

[TRYING SETTING] [ a ] WITH [ 2 , MULT , 2 ] 


--------------------------[NEW ITERATION]
[ a ] 

[DOING] OPERator at INDEX: -1 <<PRIORITY>> 100 
[ a ] 
6 [3] 
false 


--------------------------[NEW ITERATION]
[ 2 , MULT , 2 ] 

[DOING] OPERator at INDEX: 1 <<PRIORITY>> 14 
 
[TRYING MULTIPLICATE] [ 2 ] WITH [ 2 ] 


--------------------------[NEW ITERATION]
[ 2 ] 

[DOING] OPERator at INDEX: -1 <<PRIORITY>> 100 
[ 2 ] 
3 [3] 
true 
[EXECUTING  METHODE<<2>>]
 
[ a , EQUALS , 2 , MULT , 2 , ; , a , EQUALS , 2 , MULT , 2 , ; ]---------NEW LINE---------
[ a , EQUALS , 2 , MULT , 2 ]
-------------------- 
---------NEW LINE---------
[ a , EQUALS , 2 , MULT , 2 ]
-------------------- 
--------[EXEC CODE]:
[ a , EQUALS , 2 , MULT , 2 ]
-------------- 


--------------------------[NEW ITERATION]
[ a , EQUALS , 2 , MULT , 2 ] 

[DOING] OPERator at INDEX: 1 <<PRIORITY>> 2 

[TRYING SETTING] [ a ] WITH [ 2 , MULT , 2 ] 


--------------------------[NEW ITERATION]
[ a ] 

[DOING] OPERator at INDEX: -1 <<PRIORITY>> 100 
[ a ] 
6 [3] 
false 


--------------------------[NEW ITERATION]
[ 2 , MULT , 2 ] 

[DOING] OPERator at INDEX: 1 <<PRIORITY>> 14 
 
[TRYING MULTIPLICATE] [ 2 ] WITH [ 2 ] 


--------------------------[NEW ITERATION]
[ 2 ] 

[DOING] OPERator at INDEX: -1 <<PRIORITY>> 100 
[ 2 ] 
1 [3] 
false 


--------------------------[NEW ITERATION]
[ 2 ] 

[DOING] OPERator at INDEX: -1 <<PRIORITY>> 100 
[ 2 ] 
2 [3] 
false 
[OPERATION Mult] 
4 
[STORING] id 292 name [ a ] with TOKEN 1111111000000000000000100100100 ON 6 value [ 4 ] 

-------Buffer----------
[2, 2, 2, 2, 2, 4, 4, 4, 4, 4, 4, 4, 4, 4, 4, 4, 4, 4, 4, 4, 4, 4, 4, 4, 4, 4, 4, 4, 4, 4, 4, 4, 4, 4, 4, 4, 4, 4, 4, 4, 4, 4, 4, 4, 4, 4, 4, 4, 4, 4, 4, 4, 4, 4, 4, 4, 4, 4, 4, 4, 4, 4, 4, 4, 4, 4, 4, 4, 4, 4, 4, 4, 4, 4, 4, 4, 4, 4, 4, 4, 4, 4, 4, 4, 4, 4, 4, 4, 4, 4, 4, 4, 4, 4, 4, 4, 4, 4, 4, 4, 4, 4, 4, 4, 4, 4, 4, 4, 4, 4, 4, 4, 4, 4, 4, 4, 4, 4, 4, 4, 4, 4, 4, 4, 4, 4, 4, 4, 4, 4, 4, 4, 4, 4, 4, 4, 4, 4, 4, 4, 4, 4, 4, 4, 4, 4, 4, 4, 4, 4, 4, 4, 4, 4, 4, 4, 4, 4, 4, 4, 4, 4, 4, 4, 4, 4, 4, 4, 4, 4, 4, 4, 4, 4, 4, 4, 4, 4, 4, 4, 4, 4, 4, 4, 4, 4, 4, 4, 4, 4, 4, 4, 4, 4, 4, 4, 4, 4, 4, 4, 4, 4, 4, 4, 4, 4, 4, 4, 4, 4, 4, 4, 4, 4, 4, 4, 4, 4, 4, 4, 4, 4, 4, 4, 4, 4, 4, 4, 4, 4, 4, 4, 4, 4, 4, 4, 4, 4, 4, 4, 4, 4, 4, 4, 4, 4, 4, 4, 4, 4, 4, 4, 4, 4, 4, 4, 4, 4, 4, 4, 4, 4, 4, 4, 4, 4, 4, 4, 4, 4, 4, 4, 4, 4, 4, 4, 4, 4, 4, 4, 4, 4, 4, 4, 4, 4, 4, 4, 4, 4, 4, 4, 4]
----------------------------- 
-------cBUFFER---------
[0, 98, 0, 104, 105, 0, 97, 0]
-------------------------- 
[RETURN VALUE] [ 4 ] 
--------[EXEC CODE]:
[ a , EQUALS , 2 , MULT , 2 ]
-------------- 


--------------------------[NEW ITERATION]
[ a , EQUALS , 2 , MULT , 2 ] 

[DOING] OPERator at INDEX: 1 <<PRIORITY>> 2 

[TRYING SETTING] [ a ] WITH [ 2 , MULT , 2 ] 


--------------------------[NEW ITERATION]
[ a ] 

[DOING] OPERator at INDEX: -1 <<PRIORITY>> 100 
[ a ] 
6 [3] 
false 


--------------------------[NEW ITERATION]
[ 2 , MULT , 2 ] 

[DOING] OPERator at INDEX: 1 <<PRIORITY>> 14 
 
[TRYING MULTIPLICATE] [ 2 ] WITH [ 2 ] 


--------------------------[NEW ITERATION]
[ 2 ] 

[DOING] OPERator at INDEX: -1 <<PRIORITY>> 100 
[ 2 ] 
3 [3] 
true 
[EXECUTING  METHODE<<2>>]
 
[ a , EQUALS , 2 , MULT , 2 , ; , a , EQUALS , 2 , MULT , 2 , ; ]---------NEW LINE---------
[ a , EQUALS , 2 , MULT , 2 ]
-------------------- 
---------NEW LINE---------
[ a , EQUALS , 2 , MULT , 2 ]
-------------------- 
--------[EXEC CODE]:
[ a , EQUALS , 2 , MULT , 2 ]
-------------- 


--------------------------[NEW ITERATION]
[ a , EQUALS , 2 , MULT , 2 ] 

[DOING] OPERator at INDEX: 1 <<PRIORITY>> 2 

[TRYING SETTING] [ a ] WITH [ 2 , MULT , 2 ] 


--------------------------[NEW ITERATION]
[ a ] 

[DOING] OPERator at INDEX: -1 <<PRIORITY>> 100 
[ a ] 
6 [3] 
false 


--------------------------[NEW ITERATION]
[ 2 , MULT , 2 ] 

[DOING] OPERator at INDEX: 1 <<PRIORITY>> 14 
 
[TRYING MULTIPLICATE] [ 2 ] WITH [ 2 ] 


--------------------------[NEW ITERATION]
[ 2 ] 

[DOING] OPERator at INDEX: -1 <<PRIORITY>> 100 
[ 2 ] 
1 [3] 
false 


--------------------------[NEW ITERATION]
[ 2 ] 

[DOING] OPERator at INDEX: -1 <<PRIORITY>> 100 
[ 2 ] 
2 [3] 
false 
[OPERATION Mult] 
4 
[STORING] id 293 name [ a ] with TOKEN 1111111000000000000000100100101 ON 6 value [ 4 ] 

-------Buffer----------
[2, 2, 2, 2, 2, 4, 4, 4, 4, 4, 4, 4, 4, 4, 4, 4, 4, 4, 4, 4, 4, 4, 4, 4, 4, 4, 4, 4, 4, 4, 4, 4, 4, 4, 4, 4, 4, 4, 4, 4, 4, 4, 4, 4, 4, 4, 4, 4, 4, 4, 4, 4, 4, 4, 4, 4, 4, 4, 4, 4, 4, 4, 4, 4, 4, 4, 4, 4, 4, 4, 4, 4, 4, 4, 4, 4, 4, 4, 4, 4, 4, 4, 4, 4, 4, 4, 4, 4, 4, 4, 4, 4, 4, 4, 4, 4, 4, 4, 4, 4, 4, 4, 4, 4, 4, 4, 4, 4, 4, 4, 4, 4, 4, 4, 4, 4, 4, 4, 4, 4, 4, 4, 4, 4, 4, 4, 4, 4, 4, 4, 4, 4, 4, 4, 4, 4, 4, 4, 4, 4, 4, 4, 4, 4, 4, 4, 4, 4, 4, 4, 4, 4, 4, 4, 4, 4, 4, 4, 4, 4, 4, 4, 4, 4, 4, 4, 4, 4, 4, 4, 4, 4, 4, 4, 4, 4, 4, 4, 4, 4, 4, 4, 4, 4, 4, 4, 4, 4, 4, 4, 4, 4, 4, 4, 4, 4, 4, 4, 4, 4, 4, 4, 4, 4, 4, 4, 4, 4, 4, 4, 4, 4, 4, 4, 4, 4, 4, 4, 4, 4, 4, 4, 4, 4, 4, 4, 4, 4, 4, 4, 4, 4, 4, 4, 4, 4, 4, 4, 4, 4, 4, 4, 4, 4, 4, 4, 4, 4, 4, 4, 4, 4, 4, 4, 4, 4, 4, 4, 4, 4, 4, 4, 4, 4, 4, 4, 4, 4, 4, 4, 4, 4, 4, 4, 4, 4, 4, 4, 4, 4, 4, 4, 4, 4, 4, 4, 4, 4, 4, 4, 4, 4, 4, 4]
----------------------------- 
-------cBUFFER---------
[0, 98, 0, 104, 105, 0, 97, 0]
-------------------------- 
[RETURN VALUE] [ 4 ] 
--------[EXEC CODE]:
[ a , EQUALS , 2 , MULT , 2 ]
-------------- 


--------------------------[NEW ITERATION]
[ a , EQUALS , 2 , MULT , 2 ] 

[DOING] OPERator at INDEX: 1 <<PRIORITY>> 2 

[TRYING SETTING] [ a ] WITH [ 2 , MULT , 2 ] 


--------------------------[NEW ITERATION]
[ a ] 

[DOING] OPERator at INDEX: -1 <<PRIORITY>> 100 
[ a ] 
6 [3] 
false 


--------------------------[NEW ITERATION]
[ 2 , MULT , 2 ] 

[DOING] OPERator at INDEX: 1 <<PRIORITY>> 14 
 
[TRYING MULTIPLICATE] [ 2 ] WITH [ 2 ] 


--------------------------[NEW ITERATION]
[ 2 ] 

[DOING] OPERator at INDEX: -1 <<PRIORITY>> 100 
[ 2 ] 
3 [3] 
true 
[EXECUTING  METHODE<<2>>]
 
[ a , EQUALS , 2 , MULT , 2 , ; , a , EQUALS , 2 , MULT , 2 , ; ]---------NEW LINE---------
[ a , EQUALS , 2 , MULT , 2 ]
-------------------- 
---------NEW LINE---------
[ a , EQUALS , 2 , MULT , 2 ]
-------------------- 
--------[EXEC CODE]:
[ a , EQUALS , 2 , MULT , 2 ]
-------------- 


--------------------------[NEW ITERATION]
[ a , EQUALS , 2 , MULT , 2 ] 

[DOING] OPERator at INDEX: 1 <<PRIORITY>> 2 

[TRYING SETTING] [ a ] WITH [ 2 , MULT , 2 ] 


--------------------------[NEW ITERATION]
[ a ] 

[DOING] OPERator at INDEX: -1 <<PRIORITY>> 100 
[ a ] 
6 [3] 
false 


--------------------------[NEW ITERATION]
[ 2 , MULT , 2 ] 

[DOING] OPERator at INDEX: 1 <<PRIORITY>> 14 
 
[TRYING MULTIPLICATE] [ 2 ] WITH [ 2 ] 


--------------------------[NEW ITERATION]
[ 2 ] 

[DOING] OPERator at INDEX: -1 <<PRIORITY>> 100 
[ 2 ] 
1 [3] 
false 


--------------------------[NEW ITERATION]
[ 2 ] 

[DOING] OPERator at INDEX: -1 <<PRIORITY>> 100 
[ 2 ] 
2 [3] 
false 
[OPERATION Mult] 
4 
[STORING] id 294 name [ a ] with TOKEN 1111111000000000000000100100110 ON 6 value [ 4 ] 

-------Buffer----------
[2, 2, 2, 2, 2, 4, 4, 4, 4, 4, 4, 4, 4, 4, 4, 4, 4, 4, 4, 4, 4, 4, 4, 4, 4, 4, 4, 4, 4, 4, 4, 4, 4, 4, 4, 4, 4, 4, 4, 4, 4, 4, 4, 4, 4, 4, 4, 4, 4, 4, 4, 4, 4, 4, 4, 4, 4, 4, 4, 4, 4, 4, 4, 4, 4, 4, 4, 4, 4, 4, 4, 4, 4, 4, 4, 4, 4, 4, 4, 4, 4, 4, 4, 4, 4, 4, 4, 4, 4, 4, 4, 4, 4, 4, 4, 4, 4, 4, 4, 4, 4, 4, 4, 4, 4, 4, 4, 4, 4, 4, 4, 4, 4, 4, 4, 4, 4, 4, 4, 4, 4, 4, 4, 4, 4, 4, 4, 4, 4, 4, 4, 4, 4, 4, 4, 4, 4, 4, 4, 4, 4, 4, 4, 4, 4, 4, 4, 4, 4, 4, 4, 4, 4, 4, 4, 4, 4, 4, 4, 4, 4, 4, 4, 4, 4, 4, 4, 4, 4, 4, 4, 4, 4, 4, 4, 4, 4, 4, 4, 4, 4, 4, 4, 4, 4, 4, 4, 4, 4, 4, 4, 4, 4, 4, 4, 4, 4, 4, 4, 4, 4, 4, 4, 4, 4, 4, 4, 4, 4, 4, 4, 4, 4, 4, 4, 4, 4, 4, 4, 4, 4, 4, 4, 4, 4, 4, 4, 4, 4, 4, 4, 4, 4, 4, 4, 4, 4, 4, 4, 4, 4, 4, 4, 4, 4, 4, 4, 4, 4, 4, 4, 4, 4, 4, 4, 4, 4, 4, 4, 4, 4, 4, 4, 4, 4, 4, 4, 4, 4, 4, 4, 4, 4, 4, 4, 4, 4, 4, 4, 4, 4, 4, 4, 4, 4, 4, 4, 4, 4, 4, 4, 4, 4, 4, 4]
----------------------------- 
-------cBUFFER---------
[0, 98, 0, 104, 105, 0, 97, 0]
-------------------------- 
[RETURN VALUE] [ 4 ] 
--------[EXEC CODE]:
[ a , EQUALS , 2 , MULT , 2 ]
-------------- 


--------------------------[NEW ITERATION]
[ a , EQUALS , 2 , MULT , 2 ] 

[DOING] OPERator at INDEX: 1 <<PRIORITY>> 2 

[TRYING SETTING] [ a ] WITH [ 2 , MULT , 2 ] 


--------------------------[NEW ITERATION]
[ a ] 

[DOING] OPERator at INDEX: -1 <<PRIORITY>> 100 
[ a ] 
6 [3] 
false 


--------------------------[NEW ITERATION]
[ 2 , MULT , 2 ] 

[DOING] OPERator at INDEX: 1 <<PRIORITY>> 14 
 
[TRYING MULTIPLICATE] [ 2 ] WITH [ 2 ] 


--------------------------[NEW ITERATION]
[ 2 ] 

[DOING] OPERator at INDEX: -1 <<PRIORITY>> 100 
[ 2 ] 
3 [3] 
true 
[EXECUTING  METHODE<<2>>]
 
[ a , EQUALS , 2 , MULT , 2 , ; , a , EQUALS , 2 , MULT , 2 , ; ]---------NEW LINE---------
[ a , EQUALS , 2 , MULT , 2 ]
-------------------- 
---------NEW LINE---------
[ a , EQUALS , 2 , MULT , 2 ]
-------------------- 
--------[EXEC CODE]:
[ a , EQUALS , 2 , MULT , 2 ]
-------------- 


--------------------------[NEW ITERATION]
[ a , EQUALS , 2 , MULT , 2 ] 

[DOING] OPERator at INDEX: 1 <<PRIORITY>> 2 

[TRYING SETTING] [ a ] WITH [ 2 , MULT , 2 ] 


--------------------------[NEW ITERATION]
[ a ] 

[DOING] OPERator at INDEX: -1 <<PRIORITY>> 100 
[ a ] 
6 [3] 
false 


--------------------------[NEW ITERATION]
[ 2 , MULT , 2 ] 

[DOING] OPERator at INDEX: 1 <<PRIORITY>> 14 
 
[TRYING MULTIPLICATE] [ 2 ] WITH [ 2 ] 


--------------------------[NEW ITERATION]
[ 2 ] 

[DOING] OPERator at INDEX: -1 <<PRIORITY>> 100 
[ 2 ] 
1 [3] 
false 


--------------------------[NEW ITERATION]
[ 2 ] 

[DOING] OPERator at INDEX: -1 <<PRIORITY>> 100 
[ 2 ] 
2 [3] 
false 
[OPERATION Mult] 
4 
[STORING] id 295 name [ a ] with TOKEN 1111111000000000000000100100111 ON 6 value [ 4 ] 

-------Buffer----------
[2, 2, 2, 2, 2, 4, 4, 4, 4, 4, 4, 4, 4, 4, 4, 4, 4, 4, 4, 4, 4, 4, 4, 4, 4, 4, 4, 4, 4, 4, 4, 4, 4, 4, 4, 4, 4, 4, 4, 4, 4, 4, 4, 4, 4, 4, 4, 4, 4, 4, 4, 4, 4, 4, 4, 4, 4, 4, 4, 4, 4, 4, 4, 4, 4, 4, 4, 4, 4, 4, 4, 4, 4, 4, 4, 4, 4, 4, 4, 4, 4, 4, 4, 4, 4, 4, 4, 4, 4, 4, 4, 4, 4, 4, 4, 4, 4, 4, 4, 4, 4, 4, 4, 4, 4, 4, 4, 4, 4, 4, 4, 4, 4, 4, 4, 4, 4, 4, 4, 4, 4, 4, 4, 4, 4, 4, 4, 4, 4, 4, 4, 4, 4, 4, 4, 4, 4, 4, 4, 4, 4, 4, 4, 4, 4, 4, 4, 4, 4, 4, 4, 4, 4, 4, 4, 4, 4, 4, 4, 4, 4, 4, 4, 4, 4, 4, 4, 4, 4, 4, 4, 4, 4, 4, 4, 4, 4, 4, 4, 4, 4, 4, 4, 4, 4, 4, 4, 4, 4, 4, 4, 4, 4, 4, 4, 4, 4, 4, 4, 4, 4, 4, 4, 4, 4, 4, 4, 4, 4, 4, 4, 4, 4, 4, 4, 4, 4, 4, 4, 4, 4, 4, 4, 4, 4, 4, 4, 4, 4, 4, 4, 4, 4, 4, 4, 4, 4, 4, 4, 4, 4, 4, 4, 4, 4, 4, 4, 4, 4, 4, 4, 4, 4, 4, 4, 4, 4, 4, 4, 4, 4, 4, 4, 4, 4, 4, 4, 4, 4, 4, 4, 4, 4, 4, 4, 4, 4, 4, 4, 4, 4, 4, 4, 4, 4, 4, 4, 4, 4, 4, 4, 4, 4, 4, 4, 4]
----------------------------- 
-------cBUFFER---------
[0, 98, 0, 104, 105, 0, 97, 0]
-------------------------- 
[RETURN VALUE] [ 4 ] 
--------[EXEC CODE]:
[ a , EQUALS , 2 , MULT , 2 ]
-------------- 


--------------------------[NEW ITERATION]
[ a , EQUALS , 2 , MULT , 2 ] 

[DOING] OPERator at INDEX: 1 <<PRIORITY>> 2 

[TRYING SETTING] [ a ] WITH [ 2 , MULT , 2 ] 


--------------------------[NEW ITERATION]
[ a ] 

[DOING] OPERator at INDEX: -1 <<PRIORITY>> 100 
[ a ] 
6 [3] 
false 


--------------------------[NEW ITERATION]
[ 2 , MULT , 2 ] 

[DOING] OPERator at INDEX: 1 <<PRIORITY>> 14 
 
[TRYING MULTIPLICATE] [ 2 ] WITH [ 2 ] 


--------------------------[NEW ITERATION]
[ 2 ] 

[DOING] OPERator at INDEX: -1 <<PRIORITY>> 100 
[ 2 ] 
3 [3] 
true 
[EXECUTING  METHODE<<2>>]
 
[ a , EQUALS , 2 , MULT , 2 , ; , a , EQUALS , 2 , MULT , 2 , ; ]---------NEW LINE---------
[ a , EQUALS , 2 , MULT , 2 ]
-------------------- 
---------NEW LINE---------
[ a , EQUALS , 2 , MULT , 2 ]
-------------------- 
--------[EXEC CODE]:
[ a , EQUALS , 2 , MULT , 2 ]
-------------- 


--------------------------[NEW ITERATION]
[ a , EQUALS , 2 , MULT , 2 ] 

[DOING] OPERator at INDEX: 1 <<PRIORITY>> 2 

[TRYING SETTING] [ a ] WITH [ 2 , MULT , 2 ] 


--------------------------[NEW ITERATION]
[ a ] 

[DOING] OPERator at INDEX: -1 <<PRIORITY>> 100 
[ a ] 
6 [3] 
false 


--------------------------[NEW ITERATION]
[ 2 , MULT , 2 ] 

[DOING] OPERator at INDEX: 1 <<PRIORITY>> 14 
 
[TRYING MULTIPLICATE] [ 2 ] WITH [ 2 ] 


--------------------------[NEW ITERATION]
[ 2 ] 

[DOING] OPERator at INDEX: -1 <<PRIORITY>> 100 
[ 2 ] 
1 [3] 
false 


--------------------------[NEW ITERATION]
[ 2 ] 

[DOING] OPERator at INDEX: -1 <<PRIORITY>> 100 
[ 2 ] 
2 [3] 
false 
[OPERATION Mult] 
4 
[STORING] id 296 name [ a ] with TOKEN 1111111000000000000000100101000 ON 6 value [ 4 ] 

-------Buffer----------
[2, 2, 2, 2, 2, 4, 4, 4, 4, 4, 4, 4, 4, 4, 4, 4, 4, 4, 4, 4, 4, 4, 4, 4, 4, 4, 4, 4, 4, 4, 4, 4, 4, 4, 4, 4, 4, 4, 4, 4, 4, 4, 4, 4, 4, 4, 4, 4, 4, 4, 4, 4, 4, 4, 4, 4, 4, 4, 4, 4, 4, 4, 4, 4, 4, 4, 4, 4, 4, 4, 4, 4, 4, 4, 4, 4, 4, 4, 4, 4, 4, 4, 4, 4, 4, 4, 4, 4, 4, 4, 4, 4, 4, 4, 4, 4, 4, 4, 4, 4, 4, 4, 4, 4, 4, 4, 4, 4, 4, 4, 4, 4, 4, 4, 4, 4, 4, 4, 4, 4, 4, 4, 4, 4, 4, 4, 4, 4, 4, 4, 4, 4, 4, 4, 4, 4, 4, 4, 4, 4, 4, 4, 4, 4, 4, 4, 4, 4, 4, 4, 4, 4, 4, 4, 4, 4, 4, 4, 4, 4, 4, 4, 4, 4, 4, 4, 4, 4, 4, 4, 4, 4, 4, 4, 4, 4, 4, 4, 4, 4, 4, 4, 4, 4, 4, 4, 4, 4, 4, 4, 4, 4, 4, 4, 4, 4, 4, 4, 4, 4, 4, 4, 4, 4, 4, 4, 4, 4, 4, 4, 4, 4, 4, 4, 4, 4, 4, 4, 4, 4, 4, 4, 4, 4, 4, 4, 4, 4, 4, 4, 4, 4, 4, 4, 4, 4, 4, 4, 4, 4, 4, 4, 4, 4, 4, 4, 4, 4, 4, 4, 4, 4, 4, 4, 4, 4, 4, 4, 4, 4, 4, 4, 4, 4, 4, 4, 4, 4, 4, 4, 4, 4, 4, 4, 4, 4, 4, 4, 4, 4, 4, 4, 4, 4, 4, 4, 4, 4, 4, 4, 4, 4, 4, 4, 4, 4, 4]
----------------------------- 
-------cBUFFER---------
[0, 98, 0, 104, 105, 0, 97, 0]
-------------------------- 
[RETURN VALUE] [ 4 ] 
--------[EXEC CODE]:
[ a , EQUALS , 2 , MULT , 2 ]
-------------- 


--------------------------[NEW ITERATION]
[ a , EQUALS , 2 , MULT , 2 ] 

[DOING] OPERator at INDEX: 1 <<PRIORITY>> 2 

[TRYING SETTING] [ a ] WITH [ 2 , MULT , 2 ] 


--------------------------[NEW ITERATION]
[ a ] 

[DOING] OPERator at INDEX: -1 <<PRIORITY>> 100 
[ a ] 
6 [3] 
false 


--------------------------[NEW ITERATION]
[ 2 , MULT , 2 ] 

[DOING] OPERator at INDEX: 1 <<PRIORITY>> 14 
 
[TRYING MULTIPLICATE] [ 2 ] WITH [ 2 ] 


--------------------------[NEW ITERATION]
[ 2 ] 

[DOING] OPERator at INDEX: -1 <<PRIORITY>> 100 
[ 2 ] 
3 [3] 
true 
[EXECUTING  METHODE<<2>>]
 
[ a , EQUALS , 2 , MULT , 2 , ; , a , EQUALS , 2 , MULT , 2 , ; ]---------NEW LINE---------
[ a , EQUALS , 2 , MULT , 2 ]
-------------------- 
---------NEW LINE---------
[ a , EQUALS , 2 , MULT , 2 ]
-------------------- 
--------[EXEC CODE]:
[ a , EQUALS , 2 , MULT , 2 ]
-------------- 


--------------------------[NEW ITERATION]
[ a , EQUALS , 2 , MULT , 2 ] 

[DOING] OPERator at INDEX: 1 <<PRIORITY>> 2 

[TRYING SETTING] [ a ] WITH [ 2 , MULT , 2 ] 


--------------------------[NEW ITERATION]
[ a ] 

[DOING] OPERator at INDEX: -1 <<PRIORITY>> 100 
[ a ] 
6 [3] 
false 


--------------------------[NEW ITERATION]
[ 2 , MULT , 2 ] 

[DOING] OPERator at INDEX: 1 <<PRIORITY>> 14 
 
[TRYING MULTIPLICATE] [ 2 ] WITH [ 2 ] 


--------------------------[NEW ITERATION]
[ 2 ] 

[DOING] OPERator at INDEX: -1 <<PRIORITY>> 100 
[ 2 ] 
1 [3] 
false 


--------------------------[NEW ITERATION]
[ 2 ] 

[DOING] OPERator at INDEX: -1 <<PRIORITY>> 100 
[ 2 ] 
2 [3] 
false 
[OPERATION Mult] 
4 
[STORING] id 297 name [ a ] with TOKEN 1111111000000000000000100101001 ON 6 value [ 4 ] 

-------Buffer----------
[2, 2, 2, 2, 2, 4, 4, 4, 4, 4, 4, 4, 4, 4, 4, 4, 4, 4, 4, 4, 4, 4, 4, 4, 4, 4, 4, 4, 4, 4, 4, 4, 4, 4, 4, 4, 4, 4, 4, 4, 4, 4, 4, 4, 4, 4, 4, 4, 4, 4, 4, 4, 4, 4, 4, 4, 4, 4, 4, 4, 4, 4, 4, 4, 4, 4, 4, 4, 4, 4, 4, 4, 4, 4, 4, 4, 4, 4, 4, 4, 4, 4, 4, 4, 4, 4, 4, 4, 4, 4, 4, 4, 4, 4, 4, 4, 4, 4, 4, 4, 4, 4, 4, 4, 4, 4, 4, 4, 4, 4, 4, 4, 4, 4, 4, 4, 4, 4, 4, 4, 4, 4, 4, 4, 4, 4, 4, 4, 4, 4, 4, 4, 4, 4, 4, 4, 4, 4, 4, 4, 4, 4, 4, 4, 4, 4, 4, 4, 4, 4, 4, 4, 4, 4, 4, 4, 4, 4, 4, 4, 4, 4, 4, 4, 4, 4, 4, 4, 4, 4, 4, 4, 4, 4, 4, 4, 4, 4, 4, 4, 4, 4, 4, 4, 4, 4, 4, 4, 4, 4, 4, 4, 4, 4, 4, 4, 4, 4, 4, 4, 4, 4, 4, 4, 4, 4, 4, 4, 4, 4, 4, 4, 4, 4, 4, 4, 4, 4, 4, 4, 4, 4, 4, 4, 4, 4, 4, 4, 4, 4, 4, 4, 4, 4, 4, 4, 4, 4, 4, 4, 4, 4, 4, 4, 4, 4, 4, 4, 4, 4, 4, 4, 4, 4, 4, 4, 4, 4, 4, 4, 4, 4, 4, 4, 4, 4, 4, 4, 4, 4, 4, 4, 4, 4, 4, 4, 4, 4, 4, 4, 4, 4, 4, 4, 4, 4, 4, 4, 4, 4, 4, 4, 4, 4, 4, 4, 4, 4]
----------------------------- 
-------cBUFFER---------
[0, 98, 0, 104, 105, 0, 97, 0]
-------------------------- 
[RETURN VALUE] [ 4 ] 
--------[EXEC CODE]:
[ a , EQUALS , 2 , MULT , 2 ]
-------------- 


--------------------------[NEW ITERATION]
[ a , EQUALS , 2 , MULT , 2 ] 

[DOING] OPERator at INDEX: 1 <<PRIORITY>> 2 

[TRYING SETTING] [ a ] WITH [ 2 , MULT , 2 ] 


--------------------------[NEW ITERATION]
[ a ] 

[DOING] OPERator at INDEX: -1 <<PRIORITY>> 100 
[ a ] 
6 [3] 
false 


--------------------------[NEW ITERATION]
[ 2 , MULT , 2 ] 

[DOING] OPERator at INDEX: 1 <<PRIORITY>> 14 
 
[TRYING MULTIPLICATE] [ 2 ] WITH [ 2 ] 


--------------------------[NEW ITERATION]
[ 2 ] 

[DOING] OPERator at INDEX: -1 <<PRIORITY>> 100 
[ 2 ] 
3 [3] 
true 
[EXECUTING  METHODE<<2>>]
 
[ a , EQUALS , 2 , MULT , 2 , ; , a , EQUALS , 2 , MULT , 2 , ; ]---------NEW LINE---------
[ a , EQUALS , 2 , MULT , 2 ]
-------------------- 
---------NEW LINE---------
[ a , EQUALS , 2 , MULT , 2 ]
-------------------- 
--------[EXEC CODE]:
[ a , EQUALS , 2 , MULT , 2 ]
-------------- 


--------------------------[NEW ITERATION]
[ a , EQUALS , 2 , MULT , 2 ] 

[DOING] OPERator at INDEX: 1 <<PRIORITY>> 2 

[TRYING SETTING] [ a ] WITH [ 2 , MULT , 2 ] 


--------------------------[NEW ITERATION]
[ a ] 

[DOING] OPERator at INDEX: -1 <<PRIORITY>> 100 
[ a ] 
6 [3] 
false 


--------------------------[NEW ITERATION]
[ 2 , MULT , 2 ] 

[DOING] OPERator at INDEX: 1 <<PRIORITY>> 14 
 
[TRYING MULTIPLICATE] [ 2 ] WITH [ 2 ] 


--------------------------[NEW ITERATION]
[ 2 ] 

[DOING] OPERator at INDEX: -1 <<PRIORITY>> 100 
[ 2 ] 
1 [3] 
false 


--------------------------[NEW ITERATION]
[ 2 ] 

[DOING] OPERator at INDEX: -1 <<PRIORITY>> 100 
[ 2 ] 
2 [3] 
false 
[OPERATION Mult] 
4 
[STORING] id 298 name [ a ] with TOKEN 1111111000000000000000100101010 ON 6 value [ 4 ] 

-------Buffer----------
[2, 2, 2, 2, 2, 4, 4, 4, 4, 4, 4, 4, 4, 4, 4, 4, 4, 4, 4, 4, 4, 4, 4, 4, 4, 4, 4, 4, 4, 4, 4, 4, 4, 4, 4, 4, 4, 4, 4, 4, 4, 4, 4, 4, 4, 4, 4, 4, 4, 4, 4, 4, 4, 4, 4, 4, 4, 4, 4, 4, 4, 4, 4, 4, 4, 4, 4, 4, 4, 4, 4, 4, 4, 4, 4, 4, 4, 4, 4, 4, 4, 4, 4, 4, 4, 4, 4, 4, 4, 4, 4, 4, 4, 4, 4, 4, 4, 4, 4, 4, 4, 4, 4, 4, 4, 4, 4, 4, 4, 4, 4, 4, 4, 4, 4, 4, 4, 4, 4, 4, 4, 4, 4, 4, 4, 4, 4, 4, 4, 4, 4, 4, 4, 4, 4, 4, 4, 4, 4, 4, 4, 4, 4, 4, 4, 4, 4, 4, 4, 4, 4, 4, 4, 4, 4, 4, 4, 4, 4, 4, 4, 4, 4, 4, 4, 4, 4, 4, 4, 4, 4, 4, 4, 4, 4, 4, 4, 4, 4, 4, 4, 4, 4, 4, 4, 4, 4, 4, 4, 4, 4, 4, 4, 4, 4, 4, 4, 4, 4, 4, 4, 4, 4, 4, 4, 4, 4, 4, 4, 4, 4, 4, 4, 4, 4, 4, 4, 4, 4, 4, 4, 4, 4, 4, 4, 4, 4, 4, 4, 4, 4, 4, 4, 4, 4, 4, 4, 4, 4, 4, 4, 4, 4, 4, 4, 4, 4, 4, 4, 4, 4, 4, 4, 4, 4, 4, 4, 4, 4, 4, 4, 4, 4, 4, 4, 4, 4, 4, 4, 4, 4, 4, 4, 4, 4, 4, 4, 4, 4, 4, 4, 4, 4, 4, 4, 4, 4, 4, 4, 4, 4, 4, 4, 4, 4, 4, 4, 4, 4]
----------------------------- 
-------cBUFFER---------
[0, 98, 0, 104, 105, 0, 97, 0]
-------------------------- 
[RETURN VALUE] [ 4 ] 
--------[EXEC CODE]:
[ a , EQUALS , 2 , MULT , 2 ]
-------------- 


--------------------------[NEW ITERATION]
[ a , EQUALS , 2 , MULT , 2 ] 

[DOING] OPERator at INDEX: 1 <<PRIORITY>> 2 

[TRYING SETTING] [ a ] WITH [ 2 , MULT , 2 ] 


--------------------------[NEW ITERATION]
[ a ] 

[DOING] OPERator at INDEX: -1 <<PRIORITY>> 100 
[ a ] 
6 [3] 
false 


--------------------------[NEW ITERATION]
[ 2 , MULT , 2 ] 

[DOING] OPERator at INDEX: 1 <<PRIORITY>> 14 
 
[TRYING MULTIPLICATE] [ 2 ] WITH [ 2 ] 


--------------------------[NEW ITERATION]
[ 2 ] 

[DOING] OPERator at INDEX: -1 <<PRIORITY>> 100 
[ 2 ] 
3 [3] 
true 
[EXECUTING  METHODE<<2>>]
 
[ a , EQUALS , 2 , MULT , 2 , ; , a , EQUALS , 2 , MULT , 2 , ; ]---------NEW LINE---------
[ a , EQUALS , 2 , MULT , 2 ]
-------------------- 
---------NEW LINE---------
[ a , EQUALS , 2 , MULT , 2 ]
-------------------- 
--------[EXEC CODE]:
[ a , EQUALS , 2 , MULT , 2 ]
-------------- 


--------------------------[NEW ITERATION]
[ a , EQUALS , 2 , MULT , 2 ] 

[DOING] OPERator at INDEX: 1 <<PRIORITY>> 2 

[TRYING SETTING] [ a ] WITH [ 2 , MULT , 2 ] 


--------------------------[NEW ITERATION]
[ a ] 

[DOING] OPERator at INDEX: -1 <<PRIORITY>> 100 
[ a ] 
6 [3] 
false 


--------------------------[NEW ITERATION]
[ 2 , MULT , 2 ] 

[DOING] OPERator at INDEX: 1 <<PRIORITY>> 14 
 
[TRYING MULTIPLICATE] [ 2 ] WITH [ 2 ] 


--------------------------[NEW ITERATION]
[ 2 ] 

[DOING] OPERator at INDEX: -1 <<PRIORITY>> 100 
[ 2 ] 
1 [3] 
false 


--------------------------[NEW ITERATION]
[ 2 ] 

[DOING] OPERator at INDEX: -1 <<PRIORITY>> 100 
[ 2 ] 
2 [3] 
false 
[OPERATION Mult] 
4 
[STORING] id 299 name [ a ] with TOKEN 1111111000000000000000100101011 ON 6 value [ 4 ] 

-------Buffer----------
[2, 2, 2, 2, 2, 4, 4, 4, 4, 4, 4, 4, 4, 4, 4, 4, 4, 4, 4, 4, 4, 4, 4, 4, 4, 4, 4, 4, 4, 4, 4, 4, 4, 4, 4, 4, 4, 4, 4, 4, 4, 4, 4, 4, 4, 4, 4, 4, 4, 4, 4, 4, 4, 4, 4, 4, 4, 4, 4, 4, 4, 4, 4, 4, 4, 4, 4, 4, 4, 4, 4, 4, 4, 4, 4, 4, 4, 4, 4, 4, 4, 4, 4, 4, 4, 4, 4, 4, 4, 4, 4, 4, 4, 4, 4, 4, 4, 4, 4, 4, 4, 4, 4, 4, 4, 4, 4, 4, 4, 4, 4, 4, 4, 4, 4, 4, 4, 4, 4, 4, 4, 4, 4, 4, 4, 4, 4, 4, 4, 4, 4, 4, 4, 4, 4, 4, 4, 4, 4, 4, 4, 4, 4, 4, 4, 4, 4, 4, 4, 4, 4, 4, 4, 4, 4, 4, 4, 4, 4, 4, 4, 4, 4, 4, 4, 4, 4, 4, 4, 4, 4, 4, 4, 4, 4, 4, 4, 4, 4, 4, 4, 4, 4, 4, 4, 4, 4, 4, 4, 4, 4, 4, 4, 4, 4, 4, 4, 4, 4, 4, 4, 4, 4, 4, 4, 4, 4, 4, 4, 4, 4, 4, 4, 4, 4, 4, 4, 4, 4, 4, 4, 4, 4, 4, 4, 4, 4, 4, 4, 4, 4, 4, 4, 4, 4, 4, 4, 4, 4, 4, 4, 4, 4, 4, 4, 4, 4, 4, 4, 4, 4, 4, 4, 4, 4, 4, 4, 4, 4, 4, 4, 4, 4, 4, 4, 4, 4, 4, 4, 4, 4, 4, 4, 4, 4, 4, 4, 4, 4, 4, 4, 4, 4, 4, 4, 4, 4, 4, 4, 4, 4, 4, 4, 4, 4, 4, 4, 4, 4, 4]
----------------------------- 
-------cBUFFER---------
[0, 98, 0, 104, 105, 0, 97, 0]
-------------------------- 
[RETURN VALUE] [ 4 ] 
--------[EXEC CODE]:
[ a , EQUALS , 2 , MULT , 2 ]
-------------- 


--------------------------[NEW ITERATION]
[ a , EQUALS , 2 , MULT , 2 ] 

[DOING] OPERator at INDEX: 1 <<PRIORITY>> 2 

[TRYING SETTING] [ a ] WITH [ 2 , MULT , 2 ] 


--------------------------[NEW ITERATION]
[ a ] 

[DOING] OPERator at INDEX: -1 <<PRIORITY>> 100 
[ a ] 
6 [3] 
false 


--------------------------[NEW ITERATION]
[ 2 , MULT , 2 ] 

[DOING] OPERator at INDEX: 1 <<PRIORITY>> 14 
 
[TRYING MULTIPLICATE] [ 2 ] WITH [ 2 ] 


--------------------------[NEW ITERATION]
[ 2 ] 

[DOING] OPERator at INDEX: -1 <<PRIORITY>> 100 
[ 2 ] 
3 [3] 
true 
[EXECUTING  METHODE<<2>>]
 
[ a , EQUALS , 2 , MULT , 2 , ; , a , EQUALS , 2 , MULT , 2 , ; ]---------NEW LINE---------
[ a , EQUALS , 2 , MULT , 2 ]
-------------------- 
---------NEW LINE---------
[ a , EQUALS , 2 , MULT , 2 ]
-------------------- 
--------[EXEC CODE]:
[ a , EQUALS , 2 , MULT , 2 ]
-------------- 


--------------------------[NEW ITERATION]
[ a , EQUALS , 2 , MULT , 2 ] 

[DOING] OPERator at INDEX: 1 <<PRIORITY>> 2 

[TRYING SETTING] [ a ] WITH [ 2 , MULT , 2 ] 


--------------------------[NEW ITERATION]
[ a ] 

[DOING] OPERator at INDEX: -1 <<PRIORITY>> 100 
[ a ] 
6 [3] 
false 


--------------------------[NEW ITERATION]
[ 2 , MULT , 2 ] 

[DOING] OPERator at INDEX: 1 <<PRIORITY>> 14 
 
[TRYING MULTIPLICATE] [ 2 ] WITH [ 2 ] 
